[2026-09-14 02:13:07] production.ERROR: No application encryption key has been specified. {"exception":"[object] (Illuminate\\Encryption\\MissingAppKeyException(code: 0): No application encryption key has been specified. at D:/Website-monitoring/vendor/laravel/framework/src/Illuminate/Encryption/EncryptionServiceProvider.php:83)
[stacktrace]
#0 D:/Website-monitoring/vendor/laravel/framework/src/Illuminate/Support/helpers.php(393): Illuminate/Encryption/EncryptionServiceProvider->{closure:Illuminate/Encryption/EncryptionServiceProvider::key():81}(NULL)
#1 D:/Website-monitoring/vendor/laravel/framework/src/Illuminate/Encryption/EncryptionServiceProvider.php(81): tap(NULL, Object(Closure))
#2 D:/Website-monitoring/vendor/laravel/framework/src/Illuminate/Encryption/EncryptionServiceProvider.php(64): Illuminate/Encryption/EncryptionServiceProvider->key(Array)
#3 D:/Website-monitoring/vendor/laravel/framework/src/Illuminate/Encryption/EncryptionServiceProvider.php(32): Illuminate/Encryption/EncryptionServiceProvider->parseKey(Array)
#4 D:/Website-monitoring/vendor/laravel/framework/src/Illuminate/Container/Container.php(1140): Illuminate/Encryption/EncryptionServiceProvider->{closure:Illuminate/Encryption/EncryptionServiceProvider::registerEncrypter():29}(Object(Illuminate/Foundation/Application), Array)
#5 D:/Website-monitoring/vendor/laravel/framework/src/Illuminate/Container/Container.php(939): Illuminate/Container/Container->build(Object(Closure))
#6 D:/Website-monitoring/vendor/laravel/framework/src/Illuminate/Foundation/Application.php(1085): Illuminate/Container/Container->resolve('encrypter', Array, true)
#7 D:/Website-monitoring/vendor/laravel/framework/src/Illuminate/Container/Container.php(867): Illuminate/Foundation/Application->resolve('encrypter', Array)
#8 D:/Website-monitoring/vendor/laravel/framework/src/Illuminate/Foundation/Application.php(1065): Illuminate/Container/Container->make('encrypter', Array)
#9 D:/Website-monitoring/vendor/laravel/framework/src/Illuminate/Container/Container.php(1363): Illuminate/Foundation/Application->make('encrypter')
#10 D:/Website-monitoring/vendor/laravel/framework/src/Illuminate/Container/Container.php(1264): Illuminate/Container/Container->resolveClass(Object(ReflectionParameter), 'Illuminate//Cont...')
#11 D:/Website-monitoring/vendor/laravel/framework/src/Illuminate/Container/Container.php(1187): Illuminate/Container/Container->resolveDependencies(Array)
#12 D:/Website-monitoring/vendor/laravel/framework/src/Illuminate/Container/Container.php(939): Illuminate/Container/Container->build('Illuminate//Cook...')
#13 D:/Website-monitoring/vendor/laravel/framework/src/Illuminate/Foundation/Application.php(1085): Illuminate/Container/Container->resolve('Illuminate//Cook...', Array, true)
#14 D:/Website-monitoring/vendor/laravel/framework/src/Illuminate/Container/Container.php(867): Illuminate/Foundation/Application->resolve('Illuminate//Cook...', Array)
#15 D:/Website-monitoring/vendor/laravel/framework/src/Illuminate/Foundation/Application.php(1065): Illuminate/Container/Container->make('Illuminate//Cook...', Array)
#16 D:/Website-monitoring/vendor/laravel/framework/src/Illuminate/Pipeline/Pipeline.php(208): Illuminate/Foundation/Application->make('Illuminate//Cook...')
#17 D:/Website-monitoring/vendor/laravel/framework/src/Illuminate/Pipeline/Pipeline.php(137): Illuminate/Pipeline/Pipeline->{closure:{closure:Illuminate/Pipeline/Pipeline::carry():194}:195}(Object(Illuminate/Http/Request))
#18 D:/Website-monitoring/vendor/laravel/framework/src/Illuminate/Routing/Router.php(821): Illuminate/Pipeline/Pipeline->then(Object(Closure))
#19 D:/Website-monitoring/vendor/laravel/framework/src/Illuminate/Routing/Router.php(800): Illuminate/Routing/Router->runRouteWithinStack(Object(Illuminate/Routing/Route), Object(Illuminate/Http/Request))
#20 D:/Website-monitoring/vendor/laravel/framework/src/Illuminate/Routing/Router.php(764): Illuminate/Routing/Router->runRoute(Object(Illuminate/Http/Request), Object(Illuminate/Routing/Route))
#21 D:/Website-monitoring/vendor/laravel/framework/src/Illuminate/Routing/Router.php(753): Illuminate/Routing/Router->dispatchToRoute(Object(Illuminate/Http/Request))
#22 D:/Website-monitoring/vendor/laravel/framework/src/Illuminate/Foundation/Http/Kernel.php(200): Illuminate/Routing/Router->dispatch(Object(Illuminate/Http/Request))
#23 D:/Website-monitoring/vendor/laravel/framework/src/Illuminate/Pipeline/Pipeline.php(180): Illuminate/Foundation/Http/Kernel->{closure:Illuminate/Foundation/Http/Kernel::dispatchToRouter():197}(Object(Illuminate/Http/Request))
#24 D:/Website-monitoring/app/Http/Middleware/SecurityHeaders.php(14): Illuminate/Pipeline/Pipeline->{closure:Illuminate/Pipeline/Pipeline::prepareDestination():178}(Object(Illuminate/Http/Request))
#25 D:/Website-monitoring/vendor/laravel/framework/src/Illuminate/Pipeline/Pipeline.php(219): App/Http/Middleware/SecurityHeaders->handle(Object(Illuminate/Http/Request), Object(Closure))
#26 D:/Website-monitoring/vendor/laravel/framework/src/Illuminate/Foundation/Http/Middleware/TransformsRequest.php(21): Illuminate/Pipeline/Pipeline->{closure:{closure:Illuminate/Pipeline/Pipeline::carry():194}:195}(Object(Illuminate/Http/Request))
#27 D:/Website-monitoring/vendor/laravel/framework/src/Illuminate/Foundation/Http/Middleware/ConvertEmptyStringsToNull.php(31): Illuminate/Foundation/Http/Middleware/TransformsRequest->handle(Object(Illuminate/Http/Request), Object(Closure))
#28 D:/Website-monitoring/vendor/laravel/framework/src/Illuminate/Pipeline/Pipeline.php(219): Illuminate/Foundation/Http/Middleware/ConvertEmptyStringsToNull->handle(Object(Illuminate/Http/Request), Object(Closure))
#29 D:/Website-monitoring/vendor/laravel/framework/src/Illuminate/Foundation/Http/Middleware/TransformsRequest.php(21): Illuminate/Pipeline/Pipeline->{closure:{closure:Illuminate/Pipeline/Pipeline::carry():194}:195}(Object(Illuminate/Http/Request))
#30 D:/Website-monitoring/vendor/laravel/framework/src/Illuminate/Foundation/Http/Middleware/TrimStrings.php(51): Illuminate/Foundation/Http/Middleware/TransformsRequest->handle(Object(Illuminate/Http/Request), Object(Closure))
#31 D:/Website-monitoring/vendor/laravel/framework/src/Illuminate/Pipeline/Pipeline.php(219): Illuminate/Foundation/Http/Middleware/TrimStrings->handle(Object(Illuminate/Http/Request), Object(Closure))
#32 D:/Website-monitoring/vendor/laravel/framework/src/Illuminate/Http/Middleware/ValidatePostSize.php(27): Illuminate/Pipeline/Pipeline->{closure:{closure:Illuminate/Pipeline/Pipeline::carry():194}:195}(Object(Illuminate/Http/Request))
#33 D:/Website-monitoring/vendor/laravel/framework/src/Illuminate/Pipeline/Pipeline.php(219): Illuminate/Http/Middleware/ValidatePostSize->handle(Object(Illuminate/Http/Request), Object(Closure))
#34 D:/Website-monitoring/vendor/laravel/framework/src/Illuminate/Foundation/Http/Middleware/PreventRequestsDuringMaintenance.php(110): Illuminate/Pipeline/Pipeline->{closure:{closure:Illuminate/Pipeline/Pipeline::carry():194}:195}(Object(Illuminate/Http/Request))
#35 D:/Website-monitoring/vendor/laravel/framework/src/Illuminate/Pipeline/Pipeline.php(219): Illuminate/Foundation/Http/Middleware/PreventRequestsDuringMaintenance->handle(Object(Illuminate/Http/Request), Object(Closure))
#36 D:/Website-monitoring/vendor/laravel/framework/src/Illuminate/Http/Middleware/HandleCors.php(61): Illuminate/Pipeline/Pipeline->{closure:{closure:Illuminate/Pipeline/Pipeline::carry():194}:195}(Object(Illuminate/Http/Request))
#37 D:/Website-monitoring/vendor/laravel/framework/src/Illuminate/Pipeline/Pipeline.php(219): Illuminate/Http/Middleware/HandleCors->handle(Object(Illuminate/Http/Request), Object(Closure))
#38 D:/Website-monitoring/vendor/laravel/framework/src/Illuminate/Http/Middleware/TrustProxies.php(58): Illuminate/Pipeline/Pipeline->{closure:{closure:Illuminate/Pipeline/Pipeline::carry():194}:195}(Object(Illuminate/Http/Request))
#39 D:/Website-monitoring/vendor/laravel/framework/src/Illuminate/Pipeline/Pipeline.php(219): Illuminate/Http/Middleware/TrustProxies->handle(Object(Illuminate/Http/Request), Object(Closure))
#40 D:/Website-monitoring/vendor/laravel/framework/src/Illuminate/Foundation/Http/Middleware/InvokeDeferredCallbacks.php(22): Illuminate/Pipeline/Pipeline->{closure:{closure:Illuminate/Pipeline/Pipeline::carry():194}:195}(Object(Illuminate/Http/Request))
#41 D:/Website-monitoring/vendor/laravel/framework/src/Illuminate/Pipeline/Pipeline.php(219): Illuminate/Foundation/Http/Middleware/InvokeDeferredCallbacks->handle(Object(Illuminate/Http/Request), Object(Closure))
#42 D:/Website-monitoring/vendor/laravel/framework/src/Illuminate/Http/Middleware/ValidatePathEncoding.php(28): Illuminate/Pipeline/Pipeline->{closure:{closure:Illuminate/Pipeline/Pipeline::carry():194}:195}(Object(Illuminate/Http/Request))
#43 D:/Website-monitoring/vendor/laravel/framework/src/Illuminate/Pipeline/Pipeline.php(219): Illuminate/Http/Middleware/ValidatePathEncoding->handle(Object(Illuminate/Http/Request), Object(Closure))
#44 D:/Website-monitoring/vendor/laravel/framework/src/Illuminate/Pipeline/Pipeline.php(137): Illuminate/Pipeline/Pipeline->{closure:{closure:Illuminate/Pipeline/Pipeline::carry():194}:195}(Object(Illuminate/Http/Request))
#45 D:/Website-monitoring/vendor/laravel/framework/src/Illuminate/Foundation/Http/Kernel.php(175): Illuminate/Pipeline/Pipeline->then(Object(Closure))
#46 D:/Website-monitoring/vendor/laravel/framework/src/Illuminate/Foundation/Http/Kernel.php(144): Illuminate/Foundation/Http/Kernel->sendRequestThroughRouter(Object(Illuminate/Http/Request))
#47 D:/Website-monitoring/vendor/laravel/framework/src/Illuminate/Foundation/Application.php(1227): Illuminate/Foundation/Http/Kernel->handle(Object(Illuminate/Http/Request))
#48 D:/Website-monitoring/public/index.php(20): Illuminate/Foundation/Application->handleRequest(Object(Illuminate/Http/Request))
#49 D:/Website-monitoring/vendor/laravel/framework/src/Illuminate/Foundation/resources/server.php(23): require_once('D://Website-moni...')
#50 {main}
"} 
[2026-09-14 02:13:08] production.ERROR: No application encryption key has been specified. {"exception":"[object] (Illuminate\\Encryption\\MissingAppKeyException(code: 0): No application encryption key has been specified. at D:/Website-monitoring/vendor/laravel/framework/src/Illuminate/Encryption/EncryptionServiceProvider.php:83)
[stacktrace]
#0 D:/Website-monitoring/vendor/laravel/framework/src/Illuminate/Support/helpers.php(393): Illuminate/Encryption/EncryptionServiceProvider->{closure:Illuminate/Encryption/EncryptionServiceProvider::key():81}(NULL)
#1 D:/Website-monitoring/vendor/laravel/framework/src/Illuminate/Encryption/EncryptionServiceProvider.php(81): tap(NULL, Object(Closure))
#2 D:/Website-monitoring/vendor/laravel/framework/src/Illuminate/Encryption/EncryptionServiceProvider.php(64): Illuminate/Encryption/EncryptionServiceProvider->key(Array)
#3 D:/Website-monitoring/vendor/laravel/framework/src/Illuminate/Encryption/EncryptionServiceProvider.php(32): Illuminate/Encryption/EncryptionServiceProvider->parseKey(Array)
#4 D:/Website-monitoring/vendor/laravel/framework/src/Illuminate/Container/Container.php(1140): Illuminate/Encryption/EncryptionServiceProvider->{closure:Illuminate/Encryption/EncryptionServiceProvider::registerEncrypter():29}(Object(Illuminate/Foundation/Application), Array)
#5 D:/Website-monitoring/vendor/laravel/framework/src/Illuminate/Container/Container.php(939): Illuminate/Container/Container->build(Object(Closure))
#6 D:/Website-monitoring/vendor/laravel/framework/src/Illuminate/Foundation/Application.php(1085): Illuminate/Container/Container->resolve('encrypter', Array, true)
#7 D:/Website-monitoring/vendor/laravel/framework/src/Illuminate/Container/Container.php(867): Illuminate/Foundation/Application->resolve('encrypter', Array)
#8 D:/Website-monitoring/vendor/laravel/framework/src/Illuminate/Foundation/Application.php(1065): Illuminate/Container/Container->make('encrypter', Array)
#9 D:/Website-monitoring/vendor/laravel/framework/src/Illuminate/Container/Container.php(1363): Illuminate/Foundation/Application->make('encrypter')
#10 D:/Website-monitoring/vendor/laravel/framework/src/Illuminate/Container/Container.php(1264): Illuminate/Container/Container->resolveClass(Object(ReflectionParameter), 'Illuminate//Cont...')
#11 D:/Website-monitoring/vendor/laravel/framework/src/Illuminate/Container/Container.php(1187): Illuminate/Container/Container->resolveDependencies(Array)
#12 D:/Website-monitoring/vendor/laravel/framework/src/Illuminate/Container/Container.php(939): Illuminate/Container/Container->build('Illuminate//Cook...')
#13 D:/Website-monitoring/vendor/laravel/framework/src/Illuminate/Foundation/Application.php(1085): Illuminate/Container/Container->resolve('Illuminate//Cook...', Array, true)
#14 D:/Website-monitoring/vendor/laravel/framework/src/Illuminate/Container/Container.php(867): Illuminate/Foundation/Application->resolve('Illuminate//Cook...', Array)
#15 D:/Website-monitoring/vendor/laravel/framework/src/Illuminate/Foundation/Application.php(1065): Illuminate/Container/Container->make('Illuminate//Cook...', Array)
#16 D:/Website-monitoring/vendor/laravel/framework/src/Illuminate/Foundation/Http/Kernel.php(257): Illuminate/Foundation/Application->make('Illuminate//Cook...')
#17 D:/Website-monitoring/vendor/laravel/framework/src/Illuminate/Foundation/Http/Kernel.php(215): Illuminate/Foundation/Http/Kernel->terminateMiddleware(Object(Illuminate/Http/Request), Object(Illuminate/Http/Response))
#18 D:/Website-monitoring/vendor/laravel/framework/src/Illuminate/Foundation/Application.php(1229): Illuminate/Foundation/Http/Kernel->terminate(Object(Illuminate/Http/Request), Object(Illuminate/Http/Response))
#19 D:/Website-monitoring/public/index.php(20): Illuminate/Foundation/Application->handleRequest(Object(Illuminate/Http/Request))
#20 D:/Website-monitoring/vendor/laravel/framework/src/Illuminate/Foundation/resources/server.php(23): require_once('D://Website-moni...')
#21 {main}
"} 
[2026-09-14 02:13:08] production.ERROR: Uncaught ErrorException: Cannot modify header information - headers already sent by (output started at D:\Website-monitoring\vendor\symfony\http-foundation\Response.php:393) in D:\Website-monitoring\vendor\symfony\http-foundation\Response.php:328
Stack trace:
#0 D:\Website-monitoring\vendor\laravel\framework\src\Illuminate\Foundation\Bootstrap\HandleExceptions.php(265): Illuminate\Foundation\Bootstrap\HandleExceptions->handleError(2, 'Cannot modify h...', 'D:\\Website-moni...', 328)
#1 [internal function]: Illuminate\Foundation\Bootstrap\HandleExceptions->{closure:Illuminate\Foundation\Bootstrap\HandleExceptions::forwardsTo():264}(2, 'Cannot modify h...', 'D:\\Website-moni...', 328)
#2 D:\Website-monitoring\vendor\symfony\http-foundation\Response.php(328): header('HTTP/1.1 500 In...', true, 500)
#3 D:\Website-monitoring\vendor\symfony\http-foundation\Response.php(407): Symfony\Component\HttpFoundation\Response->sendHeaders()
#4 D:\Website-monitoring\vendor\laravel\framework\src\Illuminate\Foundation\Bootstrap\HandleExceptions.php(228): Symfony\Component\HttpFoundation\Response->send()
#5 D:\Website-monitoring\vendor\laravel\framework\src\Illuminate\Foundation\Bootstrap\HandleExceptions.php(205): Illuminate\Foundation\Bootstrap\HandleExceptions->renderHttpResponse(Object(Illuminate\Encryption\MissingAppKeyException))
#6 D:\Website-monitoring\vendor\laravel\framework\src\Illuminate\Foundation\Bootstrap\HandleExceptions.php(265): Illuminate\Foundation\Bootstrap\HandleExceptions->handleException(Object(Illuminate\Encryption\MissingAppKeyException))
#7 [internal function]: Illuminate\Foundation\Bootstrap\HandleExceptions->{closure:Illuminate\Foundation\Bootstrap\HandleExceptions::forwardsTo():264}(Object(Illuminate\Encryption\MissingAppKeyException))
#8 {main}
  thrown {"exception":"[object] (Symfony\\Component\\ErrorHandler\\Error\\FatalError(code: 0): Uncaught ErrorException: Cannot modify header information - headers already sent by (output started at D:\\Website-monitoring\\vendor\\symfony\\http-foundation\\Response.php:393) in D:\\Website-monitoring\\vendor\\symfony\\http-foundation\\Response.php:328
Stack trace:
#0 D:\\Website-monitoring\\vendor\\laravel\\framework\\src\\Illuminate\\Foundation\\Bootstrap\\HandleExceptions.php(265): Illuminate\\Foundation\\Bootstrap\\HandleExceptions->handleError(2, 'Cannot modify h...', 'D:\\\\Website-moni...', 328)
#1 [internal function]: Illuminate\\Foundation\\Bootstrap\\HandleExceptions->{closure:Illuminate\\Foundation\\Bootstrap\\HandleExceptions::forwardsTo():264}(2, 'Cannot modify h...', 'D:\\\\Website-moni...', 328)
#2 D:\\Website-monitoring\\vendor\\symfony\\http-foundation\\Response.php(328): header('HTTP/1.1 500 In...', true, 500)
#3 D:\\Website-monitoring\\vendor\\symfony\\http-foundation\\Response.php(407): Symfony\\Component\\HttpFoundation\\Response->sendHeaders()
#4 D:\\Website-monitoring\\vendor\\laravel\\framework\\src\\Illuminate\\Foundation\\Bootstrap\\HandleExceptions.php(228): Symfony\\Component\\HttpFoundation\\Response->send()
#5 D:\\Website-monitoring\\vendor\\laravel\\framework\\src\\Illuminate\\Foundation\\Bootstrap\\HandleExceptions.php(205): Illuminate\\Foundation\\Bootstrap\\HandleExceptions->renderHttpResponse(Object(Illuminate\\Encryption\\MissingAppKeyException))
#6 D:\\Website-monitoring\\vendor\\laravel\\framework\\src\\Illuminate\\Foundation\\Bootstrap\\HandleExceptions.php(265): Illuminate\\Foundation\\Bootstrap\\HandleExceptions->handleException(Object(Illuminate\\Encryption\\MissingAppKeyException))
#7 [internal function]: Illuminate\\Foundation\\Bootstrap\\HandleExceptions->{closure:Illuminate\\Foundation\\Bootstrap\\HandleExceptions::forwardsTo():264}(Object(Illuminate\\Encryption\\MissingAppKeyException))
#8 {main}
  thrown at D:/Website-monitoring/vendor/symfony/http-foundation/Response.php:328)
[stacktrace]
#0 {main}
"} 
[2026-09-14 02:16:37] production.ERROR: No application encryption key has been specified. {"exception":"[object] (Illuminate\\Encryption\\MissingAppKeyException(code: 0): No application encryption key has been specified. at D:/Website-monitoring/vendor/laravel/framework/src/Illuminate/Encryption/EncryptionServiceProvider.php:83)
[stacktrace]
#0 D:/Website-monitoring/vendor/laravel/framework/src/Illuminate/Support/helpers.php(393): Illuminate/Encryption/EncryptionServiceProvider->{closure:Illuminate/Encryption/EncryptionServiceProvider::key():81}(NULL)
#1 D:/Website-monitoring/vendor/laravel/framework/src/Illuminate/Encryption/EncryptionServiceProvider.php(81): tap(NULL, Object(Closure))
#2 D:/Website-monitoring/vendor/laravel/framework/src/Illuminate/Encryption/EncryptionServiceProvider.php(64): Illuminate/Encryption/EncryptionServiceProvider->key(Array)
#3 D:/Website-monitoring/vendor/laravel/framework/src/Illuminate/Encryption/EncryptionServiceProvider.php(32): Illuminate/Encryption/EncryptionServiceProvider->parseKey(Array)
#4 D:/Website-monitoring/vendor/laravel/framework/src/Illuminate/Container/Container.php(1140): Illuminate/Encryption/EncryptionServiceProvider->{closure:Illuminate/Encryption/EncryptionServiceProvider::registerEncrypter():29}(Object(Illuminate/Foundation/Application), Array)
#5 D:/Website-monitoring/vendor/laravel/framework/src/Illuminate/Container/Container.php(939): Illuminate/Container/Container->build(Object(Closure))
#6 D:/Website-monitoring/vendor/laravel/framework/src/Illuminate/Foundation/Application.php(1085): Illuminate/Container/Container->resolve('encrypter', Array, true)
#7 D:/Website-monitoring/vendor/laravel/framework/src/Illuminate/Container/Container.php(867): Illuminate/Foundation/Application->resolve('encrypter', Array)
#8 D:/Website-monitoring/vendor/laravel/framework/src/Illuminate/Foundation/Application.php(1065): Illuminate/Container/Container->make('encrypter', Array)
#9 D:/Website-monitoring/vendor/laravel/framework/src/Illuminate/Container/Container.php(1363): Illuminate/Foundation/Application->make('encrypter')
#10 D:/Website-monitoring/vendor/laravel/framework/src/Illuminate/Container/Container.php(1264): Illuminate/Container/Container->resolveClass(Object(ReflectionParameter), 'Illuminate//Cont...')
#11 D:/Website-monitoring/vendor/laravel/framework/src/Illuminate/Container/Container.php(1187): Illuminate/Container/Container->resolveDependencies(Array)
#12 D:/Website-monitoring/vendor/laravel/framework/src/Illuminate/Container/Container.php(939): Illuminate/Container/Container->build('Illuminate//Cook...')
#13 D:/Website-monitoring/vendor/laravel/framework/src/Illuminate/Foundation/Application.php(1085): Illuminate/Container/Container->resolve('Illuminate//Cook...', Array, true)
#14 D:/Website-monitoring/vendor/laravel/framework/src/Illuminate/Container/Container.php(867): Illuminate/Foundation/Application->resolve('Illuminate//Cook...', Array)
#15 D:/Website-monitoring/vendor/laravel/framework/src/Illuminate/Foundation/Application.php(1065): Illuminate/Container/Container->make('Illuminate//Cook...', Array)
#16 D:/Website-monitoring/vendor/laravel/framework/src/Illuminate/Pipeline/Pipeline.php(208): Illuminate/Foundation/Application->make('Illuminate//Cook...')
#17 D:/Website-monitoring/vendor/laravel/framework/src/Illuminate/Pipeline/Pipeline.php(137): Illuminate/Pipeline/Pipeline->{closure:{closure:Illuminate/Pipeline/Pipeline::carry():194}:195}(Object(Illuminate/Http/Request))
#18 D:/Website-monitoring/vendor/laravel/framework/src/Illuminate/Routing/Router.php(821): Illuminate/Pipeline/Pipeline->then(Object(Closure))
#19 D:/Website-monitoring/vendor/laravel/framework/src/Illuminate/Routing/Router.php(800): Illuminate/Routing/Router->runRouteWithinStack(Object(Illuminate/Routing/Route), Object(Illuminate/Http/Request))
#20 D:/Website-monitoring/vendor/laravel/framework/src/Illuminate/Routing/Router.php(764): Illuminate/Routing/Router->runRoute(Object(Illuminate/Http/Request), Object(Illuminate/Routing/Route))
#21 D:/Website-monitoring/vendor/laravel/framework/src/Illuminate/Routing/Router.php(753): Illuminate/Routing/Router->dispatchToRoute(Object(Illuminate/Http/Request))
#22 D:/Website-monitoring/vendor/laravel/framework/src/Illuminate/Foundation/Http/Kernel.php(200): Illuminate/Routing/Router->dispatch(Object(Illuminate/Http/Request))
#23 D:/Website-monitoring/vendor/laravel/framework/src/Illuminate/Pipeline/Pipeline.php(180): Illuminate/Foundation/Http/Kernel->{closure:Illuminate/Foundation/Http/Kernel::dispatchToRouter():197}(Object(Illuminate/Http/Request))
#24 D:/Website-monitoring/app/Http/Middleware/SecurityHeaders.php(14): Illuminate/Pipeline/Pipeline->{closure:Illuminate/Pipeline/Pipeline::prepareDestination():178}(Object(Illuminate/Http/Request))
#25 D:/Website-monitoring/vendor/laravel/framework/src/Illuminate/Pipeline/Pipeline.php(219): App/Http/Middleware/SecurityHeaders->handle(Object(Illuminate/Http/Request), Object(Closure))
#26 D:/Website-monitoring/vendor/laravel/framework/src/Illuminate/Foundation/Http/Middleware/TransformsRequest.php(21): Illuminate/Pipeline/Pipeline->{closure:{closure:Illuminate/Pipeline/Pipeline::carry():194}:195}(Object(Illuminate/Http/Request))
#27 D:/Website-monitoring/vendor/laravel/framework/src/Illuminate/Foundation/Http/Middleware/ConvertEmptyStringsToNull.php(31): Illuminate/Foundation/Http/Middleware/TransformsRequest->handle(Object(Illuminate/Http/Request), Object(Closure))
#28 D:/Website-monitoring/vendor/laravel/framework/src/Illuminate/Pipeline/Pipeline.php(219): Illuminate/Foundation/Http/Middleware/ConvertEmptyStringsToNull->handle(Object(Illuminate/Http/Request), Object(Closure))
#29 D:/Website-monitoring/vendor/laravel/framework/src/Illuminate/Foundation/Http/Middleware/TransformsRequest.php(21): Illuminate/Pipeline/Pipeline->{closure:{closure:Illuminate/Pipeline/Pipeline::carry():194}:195}(Object(Illuminate/Http/Request))
#30 D:/Website-monitoring/vendor/laravel/framework/src/Illuminate/Foundation/Http/Middleware/TrimStrings.php(51): Illuminate/Foundation/Http/Middleware/TransformsRequest->handle(Object(Illuminate/Http/Request), Object(Closure))
#31 D:/Website-monitoring/vendor/laravel/framework/src/Illuminate/Pipeline/Pipeline.php(219): Illuminate/Foundation/Http/Middleware/TrimStrings->handle(Object(Illuminate/Http/Request), Object(Closure))
#32 D:/Website-monitoring/vendor/laravel/framework/src/Illuminate/Http/Middleware/ValidatePostSize.php(27): Illuminate/Pipeline/Pipeline->{closure:{closure:Illuminate/Pipeline/Pipeline::carry():194}:195}(Object(Illuminate/Http/Request))
#33 D:/Website-monitoring/vendor/laravel/framework/src/Illuminate/Pipeline/Pipeline.php(219): Illuminate/Http/Middleware/ValidatePostSize->handle(Object(Illuminate/Http/Request), Object(Closure))
#34 D:/Website-monitoring/vendor/laravel/framework/src/Illuminate/Foundation/Http/Middleware/PreventRequestsDuringMaintenance.php(110): Illuminate/Pipeline/Pipeline->{closure:{closure:Illuminate/Pipeline/Pipeline::carry():194}:195}(Object(Illuminate/Http/Request))
#35 D:/Website-monitoring/vendor/laravel/framework/src/Illuminate/Pipeline/Pipeline.php(219): Illuminate/Foundation/Http/Middleware/PreventRequestsDuringMaintenance->handle(Object(Illuminate/Http/Request), Object(Closure))
#36 D:/Website-monitoring/vendor/laravel/framework/src/Illuminate/Http/Middleware/HandleCors.php(61): Illuminate/Pipeline/Pipeline->{closure:{closure:Illuminate/Pipeline/Pipeline::carry():194}:195}(Object(Illuminate/Http/Request))
#37 D:/Website-monitoring/vendor/laravel/framework/src/Illuminate/Pipeline/Pipeline.php(219): Illuminate/Http/Middleware/HandleCors->handle(Object(Illuminate/Http/Request), Object(Closure))
#38 D:/Website-monitoring/vendor/laravel/framework/src/Illuminate/Http/Middleware/TrustProxies.php(58): Illuminate/Pipeline/Pipeline->{closure:{closure:Illuminate/Pipeline/Pipeline::carry():194}:195}(Object(Illuminate/Http/Request))
#39 D:/Website-monitoring/vendor/laravel/framework/src/Illuminate/Pipeline/Pipeline.php(219): Illuminate/Http/Middleware/TrustProxies->handle(Object(Illuminate/Http/Request), Object(Closure))
#40 D:/Website-monitoring/vendor/laravel/framework/src/Illuminate/Foundation/Http/Middleware/InvokeDeferredCallbacks.php(22): Illuminate/Pipeline/Pipeline->{closure:{closure:Illuminate/Pipeline/Pipeline::carry():194}:195}(Object(Illuminate/Http/Request))
#41 D:/Website-monitoring/vendor/laravel/framework/src/Illuminate/Pipeline/Pipeline.php(219): Illuminate/Foundation/Http/Middleware/InvokeDeferredCallbacks->handle(Object(Illuminate/Http/Request), Object(Closure))
#42 D:/Website-monitoring/vendor/laravel/framework/src/Illuminate/Http/Middleware/ValidatePathEncoding.php(28): Illuminate/Pipeline/Pipeline->{closure:{closure:Illuminate/Pipeline/Pipeline::carry():194}:195}(Object(Illuminate/Http/Request))
#43 D:/Website-monitoring/vendor/laravel/framework/src/Illuminate/Pipeline/Pipeline.php(219): Illuminate/Http/Middleware/ValidatePathEncoding->handle(Object(Illuminate/Http/Request), Object(Closure))
#44 D:/Website-monitoring/vendor/laravel/framework/src/Illuminate/Pipeline/Pipeline.php(137): Illuminate/Pipeline/Pipeline->{closure:{closure:Illuminate/Pipeline/Pipeline::carry():194}:195}(Object(Illuminate/Http/Request))
#45 D:/Website-monitoring/vendor/laravel/framework/src/Illuminate/Foundation/Http/Kernel.php(175): Illuminate/Pipeline/Pipeline->then(Object(Closure))
#46 D:/Website-monitoring/vendor/laravel/framework/src/Illuminate/Foundation/Http/Kernel.php(144): Illuminate/Foundation/Http/Kernel->sendRequestThroughRouter(Object(Illuminate/Http/Request))
#47 D:/Website-monitoring/vendor/laravel/framework/src/Illuminate/Foundation/Application.php(1227): Illuminate/Foundation/Http/Kernel->handle(Object(Illuminate/Http/Request))
#48 D:/Website-monitoring/public/index.php(20): Illuminate/Foundation/Application->handleRequest(Object(Illuminate/Http/Request))
#49 D:/Website-monitoring/vendor/laravel/framework/src/Illuminate/Foundation/resources/server.php(23): require_once('D://Website-moni...')
#50 {main}
"} 
[2026-09-14 02:16:37] production.ERROR: No application encryption key has been specified. {"exception":"[object] (Illuminate\\Encryption\\MissingAppKeyException(code: 0): No application encryption key has been specified. at D:/Website-monitoring/vendor/laravel/framework/src/Illuminate/Encryption/EncryptionServiceProvider.php:83)
[stacktrace]
#0 D:/Website-monitoring/vendor/laravel/framework/src/Illuminate/Support/helpers.php(393): Illuminate/Encryption/EncryptionServiceProvider->{closure:Illuminate/Encryption/EncryptionServiceProvider::key():81}(NULL)
#1 D:/Website-monitoring/vendor/laravel/framework/src/Illuminate/Encryption/EncryptionServiceProvider.php(81): tap(NULL, Object(Closure))
#2 D:/Website-monitoring/vendor/laravel/framework/src/Illuminate/Encryption/EncryptionServiceProvider.php(64): Illuminate/Encryption/EncryptionServiceProvider->key(Array)
#3 D:/Website-monitoring/vendor/laravel/framework/src/Illuminate/Encryption/EncryptionServiceProvider.php(32): Illuminate/Encryption/EncryptionServiceProvider->parseKey(Array)
#4 D:/Website-monitoring/vendor/laravel/framework/src/Illuminate/Container/Container.php(1140): Illuminate/Encryption/EncryptionServiceProvider->{closure:Illuminate/Encryption/EncryptionServiceProvider::registerEncrypter():29}(Object(Illuminate/Foundation/Application), Array)
#5 D:/Website-monitoring/vendor/laravel/framework/src/Illuminate/Container/Container.php(939): Illuminate/Container/Container->build(Object(Closure))
#6 D:/Website-monitoring/vendor/laravel/framework/src/Illuminate/Foundation/Application.php(1085): Illuminate/Container/Container->resolve('encrypter', Array, true)
#7 D:/Website-monitoring/vendor/laravel/framework/src/Illuminate/Container/Container.php(867): Illuminate/Foundation/Application->resolve('encrypter', Array)
#8 D:/Website-monitoring/vendor/laravel/framework/src/Illuminate/Foundation/Application.php(1065): Illuminate/Container/Container->make('encrypter', Array)
#9 D:/Website-monitoring/vendor/laravel/framework/src/Illuminate/Container/Container.php(1363): Illuminate/Foundation/Application->make('encrypter')
#10 D:/Website-monitoring/vendor/laravel/framework/src/Illuminate/Container/Container.php(1264): Illuminate/Container/Container->resolveClass(Object(ReflectionParameter), 'Illuminate//Cont...')
#11 D:/Website-monitoring/vendor/laravel/framework/src/Illuminate/Container/Container.php(1187): Illuminate/Container/Container->resolveDependencies(Array)
#12 D:/Website-monitoring/vendor/laravel/framework/src/Illuminate/Container/Container.php(939): Illuminate/Container/Container->build('Illuminate//Cook...')
#13 D:/Website-monitoring/vendor/laravel/framework/src/Illuminate/Foundation/Application.php(1085): Illuminate/Container/Container->resolve('Illuminate//Cook...', Array, true)
#14 D:/Website-monitoring/vendor/laravel/framework/src/Illuminate/Container/Container.php(867): Illuminate/Foundation/Application->resolve('Illuminate//Cook...', Array)
#15 D:/Website-monitoring/vendor/laravel/framework/src/Illuminate/Foundation/Application.php(1065): Illuminate/Container/Container->make('Illuminate//Cook...', Array)
#16 D:/Website-monitoring/vendor/laravel/framework/src/Illuminate/Foundation/Http/Kernel.php(257): Illuminate/Foundation/Application->make('Illuminate//Cook...')
#17 D:/Website-monitoring/vendor/laravel/framework/src/Illuminate/Foundation/Http/Kernel.php(215): Illuminate/Foundation/Http/Kernel->terminateMiddleware(Object(Illuminate/Http/Request), Object(Illuminate/Http/Response))
#18 D:/Website-monitoring/vendor/laravel/framework/src/Illuminate/Foundation/Application.php(1229): Illuminate/Foundation/Http/Kernel->terminate(Object(Illuminate/Http/Request), Object(Illuminate/Http/Response))
#19 D:/Website-monitoring/public/index.php(20): Illuminate/Foundation/Application->handleRequest(Object(Illuminate/Http/Request))
#20 D:/Website-monitoring/vendor/laravel/framework/src/Illuminate/Foundation/resources/server.php(23): require_once('D://Website-moni...')
#21 {main}
"} 
[2026-09-14 02:16:37] production.ERROR: Uncaught ErrorException: Cannot modify header information - headers already sent by (output started at D:\Website-monitoring\vendor\symfony\http-foundation\Response.php:393) in D:\Website-monitoring\vendor\symfony\http-foundation\Response.php:328
Stack trace:
#0 D:\Website-monitoring\vendor\laravel\framework\src\Illuminate\Foundation\Bootstrap\HandleExceptions.php(265): Illuminate\Foundation\Bootstrap\HandleExceptions->handleError(2, 'Cannot modify h...', 'D:\\Website-moni...', 328)
#1 [internal function]: Illuminate\Foundation\Bootstrap\HandleExceptions->{closure:Illuminate\Foundation\Bootstrap\HandleExceptions::forwardsTo():264}(2, 'Cannot modify h...', 'D:\\Website-moni...', 328)
#2 D:\Website-monitoring\vendor\symfony\http-foundation\Response.php(328): header('HTTP/1.1 500 In...', true, 500)
#3 D:\Website-monitoring\vendor\symfony\http-foundation\Response.php(407): Symfony\Component\HttpFoundation\Response->sendHeaders()
#4 D:\Website-monitoring\vendor\laravel\framework\src\Illuminate\Foundation\Bootstrap\HandleExceptions.php(228): Symfony\Component\HttpFoundation\Response->send()
#5 D:\Website-monitoring\vendor\laravel\framework\src\Illuminate\Foundation\Bootstrap\HandleExceptions.php(205): Illuminate\Foundation\Bootstrap\HandleExceptions->renderHttpResponse(Object(Illuminate\Encryption\MissingAppKeyException))
#6 D:\Website-monitoring\vendor\laravel\framework\src\Illuminate\Foundation\Bootstrap\HandleExceptions.php(265): Illuminate\Foundation\Bootstrap\HandleExceptions->handleException(Object(Illuminate\Encryption\MissingAppKeyException))
#7 [internal function]: Illuminate\Foundation\Bootstrap\HandleExceptions->{closure:Illuminate\Foundation\Bootstrap\HandleExceptions::forwardsTo():264}(Object(Illuminate\Encryption\MissingAppKeyException))
#8 {main}
  thrown {"exception":"[object] (Symfony\\Component\\ErrorHandler\\Error\\FatalError(code: 0): Uncaught ErrorException: Cannot modify header information - headers already sent by (output started at D:\\Website-monitoring\\vendor\\symfony\\http-foundation\\Response.php:393) in D:\\Website-monitoring\\vendor\\symfony\\http-foundation\\Response.php:328
Stack trace:
#0 D:\\Website-monitoring\\vendor\\laravel\\framework\\src\\Illuminate\\Foundation\\Bootstrap\\HandleExceptions.php(265): Illuminate\\Foundation\\Bootstrap\\HandleExceptions->handleError(2, 'Cannot modify h...', 'D:\\\\Website-moni...', 328)
#1 [internal function]: Illuminate\\Foundation\\Bootstrap\\HandleExceptions->{closure:Illuminate\\Foundation\\Bootstrap\\HandleExceptions::forwardsTo():264}(2, 'Cannot modify h...', 'D:\\\\Website-moni...', 328)
#2 D:\\Website-monitoring\\vendor\\symfony\\http-foundation\\Response.php(328): header('HTTP/1.1 500 In...', true, 500)
#3 D:\\Website-monitoring\\vendor\\symfony\\http-foundation\\Response.php(407): Symfony\\Component\\HttpFoundation\\Response->sendHeaders()
#4 D:\\Website-monitoring\\vendor\\laravel\\framework\\src\\Illuminate\\Foundation\\Bootstrap\\HandleExceptions.php(228): Symfony\\Component\\HttpFoundation\\Response->send()
#5 D:\\Website-monitoring\\vendor\\laravel\\framework\\src\\Illuminate\\Foundation\\Bootstrap\\HandleExceptions.php(205): Illuminate\\Foundation\\Bootstrap\\HandleExceptions->renderHttpResponse(Object(Illuminate\\Encryption\\MissingAppKeyException))
#6 D:\\Website-monitoring\\vendor\\laravel\\framework\\src\\Illuminate\\Foundation\\Bootstrap\\HandleExceptions.php(265): Illuminate\\Foundation\\Bootstrap\\HandleExceptions->handleException(Object(Illuminate\\Encryption\\MissingAppKeyException))
#7 [internal function]: Illuminate\\Foundation\\Bootstrap\\HandleExceptions->{closure:Illuminate\\Foundation\\Bootstrap\\HandleExceptions::forwardsTo():264}(Object(Illuminate\\Encryption\\MissingAppKeyException))
#8 {main}
  thrown at D:/Website-monitoring/vendor/symfony/http-foundation/Response.php:328)
[stacktrace]
#0 {main}
"} 
[2026-09-14 02:18:35] production.ERROR: file_get_contents(D:\Website-monitoring\.env): Failed to open stream: No such file or directory {"exception":"[object] (ErrorException(code: 0): file_get_contents(D:\\Website-monitoring\\.env): Failed to open stream: No such file or directory at D:/Website-monitoring/vendor/laravel/framework/src/Illuminate/Foundation/Console/KeyGenerateCommand.php:105)
[stacktrace]
#0 D:/Website-monitoring/vendor/laravel/framework/src/Illuminate/Foundation/Bootstrap/HandleExceptions.php(265): Illuminate/Foundation/Bootstrap/HandleExceptions->handleError(2, 'file_get_conten...', 'D://Website-moni...', 105)
#1 [internal function]: Illuminate/Foundation/Bootstrap/HandleExceptions->{closure:Illuminate/Foundation/Bootstrap/HandleExceptions::forwardsTo():264}(2, 'file_get_conten...', 'D://Website-moni...', 105)
#2 D:/Website-monitoring/vendor/laravel/framework/src/Illuminate/Foundation/Console/KeyGenerateCommand.php(105): file_get_contents('D://Website-moni...')
#3 D:/Website-monitoring/vendor/laravel/framework/src/Illuminate/Foundation/Console/KeyGenerateCommand.php(87): Illuminate/Foundation/Console/KeyGenerateCommand->writeNewEnvironmentFileWith('base64:65KvqzSx...')
#4 D:/Website-monitoring/vendor/laravel/framework/src/Illuminate/Foundation/Console/KeyGenerateCommand.php(52): Illuminate/Foundation/Console/KeyGenerateCommand->setKeyInEnvironmentFile('base64:65KvqzSx...')
#5 D:/Website-monitoring/vendor/laravel/framework/src/Illuminate/Container/BoundMethod.php(36): Illuminate/Foundation/Console/KeyGenerateCommand->handle()
#6 D:/Website-monitoring/vendor/laravel/framework/src/Illuminate/Container/Util.php(43): Illuminate/Container/BoundMethod::{closure:Illuminate/Container/BoundMethod::call():35}()
#7 D:/Website-monitoring/vendor/laravel/framework/src/Illuminate/Container/BoundMethod.php(96): Illuminate/Container/Util::unwrapIfClosure(Object(Closure))
#8 D:/Website-monitoring/vendor/laravel/framework/src/Illuminate/Container/BoundMethod.php(35): Illuminate/Container/BoundMethod::callBoundMethod(Object(Illuminate/Foundation/Application), Array, Object(Closure))
#9 D:/Website-monitoring/vendor/laravel/framework/src/Illuminate/Container/Container.php(803): Illuminate/Container/BoundMethod::call(Object(Illuminate/Foundation/Application), Array, Array, NULL)
#10 D:/Website-monitoring/vendor/laravel/framework/src/Illuminate/Console/Command.php(292): Illuminate/Container/Container->call(Array)
#11 D:/Website-monitoring/vendor/symfony/console/Command/Command.php(285): Illuminate/Console/Command->execute(Object(Symfony/Component/Console/Input/ArgvInput), Object(Illuminate/Console/OutputStyle))
#12 D:/Website-monitoring/vendor/laravel/framework/src/Illuminate/Console/Command.php(261): Symfony/Component/Console/Command/Command->run(Object(Symfony/Component/Console/Input/ArgvInput), Object(Illuminate/Console/OutputStyle))
#13 D:/Website-monitoring/vendor/symfony/console/Application.php(1144): Illuminate/Console/Command->run(Object(Symfony/Component/Console/Input/ArgvInput), Object(Symfony/Component/Console/Output/ConsoleOutput))
#14 D:/Website-monitoring/vendor/symfony/console/Application.php(379): Symfony/Component/Console/Application->doRunCommand(Object(Illuminate/Foundation/Console/KeyGenerateCommand), Object(Symfony/Component/Console/Input/ArgvInput), Object(Symfony/Component/Console/Output/ConsoleOutput))
#15 D:/Website-monitoring/vendor/symfony/console/Application.php(218): Symfony/Component/Console/Application->doRun(Object(Symfony/Component/Console/Input/ArgvInput), Object(Symfony/Component/Console/Output/ConsoleOutput))
#16 D:/Website-monitoring/vendor/laravel/framework/src/Illuminate/Foundation/Console/Kernel.php(198): Symfony/Component/Console/Application->run(Object(Symfony/Component/Console/Input/ArgvInput), Object(Symfony/Component/Console/Output/ConsoleOutput))
#17 D:/Website-monitoring/vendor/laravel/framework/src/Illuminate/Foundation/Application.php(1242): Illuminate/Foundation/Console/Kernel->handle(Object(Symfony/Component/Console/Input/ArgvInput), Object(Symfony/Component/Console/Output/ConsoleOutput))
#18 D:/Website-monitoring/artisan(16): Illuminate/Foundation/Application->handleCommand(Object(Symfony/Component/Console/Input/ArgvInput))
#19 {main}
"} 
[2026-09-14 02:18:57] production.ERROR: No application encryption key has been specified. {"exception":"[object] (Illuminate\\Encryption\\MissingAppKeyException(code: 0): No application encryption key has been specified. at D:/Website-monitoring/vendor/laravel/framework/src/Illuminate/Encryption/EncryptionServiceProvider.php:83)
[stacktrace]
#0 D:/Website-monitoring/vendor/laravel/framework/src/Illuminate/Support/helpers.php(393): Illuminate/Encryption/EncryptionServiceProvider->{closure:Illuminate/Encryption/EncryptionServiceProvider::key():81}(NULL)
#1 D:/Website-monitoring/vendor/laravel/framework/src/Illuminate/Encryption/EncryptionServiceProvider.php(81): tap(NULL, Object(Closure))
#2 D:/Website-monitoring/vendor/laravel/framework/src/Illuminate/Encryption/EncryptionServiceProvider.php(64): Illuminate/Encryption/EncryptionServiceProvider->key(Array)
#3 D:/Website-monitoring/vendor/laravel/framework/src/Illuminate/Encryption/EncryptionServiceProvider.php(32): Illuminate/Encryption/EncryptionServiceProvider->parseKey(Array)
#4 D:/Website-monitoring/vendor/laravel/framework/src/Illuminate/Container/Container.php(1140): Illuminate/Encryption/EncryptionServiceProvider->{closure:Illuminate/Encryption/EncryptionServiceProvider::registerEncrypter():29}(Object(Illuminate/Foundation/Application), Array)
#5 D:/Website-monitoring/vendor/laravel/framework/src/Illuminate/Container/Container.php(939): Illuminate/Container/Container->build(Object(Closure))
#6 D:/Website-monitoring/vendor/laravel/framework/src/Illuminate/Foundation/Application.php(1085): Illuminate/Container/Container->resolve('encrypter', Array, true)
#7 D:/Website-monitoring/vendor/laravel/framework/src/Illuminate/Container/Container.php(867): Illuminate/Foundation/Application->resolve('encrypter', Array)
#8 D:/Website-monitoring/vendor/laravel/framework/src/Illuminate/Foundation/Application.php(1065): Illuminate/Container/Container->make('encrypter', Array)
#9 D:/Website-monitoring/vendor/laravel/framework/src/Illuminate/Container/Container.php(1363): Illuminate/Foundation/Application->make('encrypter')
#10 D:/Website-monitoring/vendor/laravel/framework/src/Illuminate/Container/Container.php(1264): Illuminate/Container/Container->resolveClass(Object(ReflectionParameter), 'Illuminate//Cont...')
#11 D:/Website-monitoring/vendor/laravel/framework/src/Illuminate/Container/Container.php(1187): Illuminate/Container/Container->resolveDependencies(Array)
#12 D:/Website-monitoring/vendor/laravel/framework/src/Illuminate/Container/Container.php(939): Illuminate/Container/Container->build('Illuminate//Cook...')
#13 D:/Website-monitoring/vendor/laravel/framework/src/Illuminate/Foundation/Application.php(1085): Illuminate/Container/Container->resolve('Illuminate//Cook...', Array, true)
#14 D:/Website-monitoring/vendor/laravel/framework/src/Illuminate/Container/Container.php(867): Illuminate/Foundation/Application->resolve('Illuminate//Cook...', Array)
#15 D:/Website-monitoring/vendor/laravel/framework/src/Illuminate/Foundation/Application.php(1065): Illuminate/Container/Container->make('Illuminate//Cook...', Array)
#16 D:/Website-monitoring/vendor/laravel/framework/src/Illuminate/Pipeline/Pipeline.php(208): Illuminate/Foundation/Application->make('Illuminate//Cook...')
#17 D:/Website-monitoring/vendor/laravel/framework/src/Illuminate/Pipeline/Pipeline.php(137): Illuminate/Pipeline/Pipeline->{closure:{closure:Illuminate/Pipeline/Pipeline::carry():194}:195}(Object(Illuminate/Http/Request))
#18 D:/Website-monitoring/vendor/laravel/framework/src/Illuminate/Routing/Router.php(821): Illuminate/Pipeline/Pipeline->then(Object(Closure))
#19 D:/Website-monitoring/vendor/laravel/framework/src/Illuminate/Routing/Router.php(800): Illuminate/Routing/Router->runRouteWithinStack(Object(Illuminate/Routing/Route), Object(Illuminate/Http/Request))
#20 D:/Website-monitoring/vendor/laravel/framework/src/Illuminate/Routing/Router.php(764): Illuminate/Routing/Router->runRoute(Object(Illuminate/Http/Request), Object(Illuminate/Routing/Route))
#21 D:/Website-monitoring/vendor/laravel/framework/src/Illuminate/Routing/Router.php(753): Illuminate/Routing/Router->dispatchToRoute(Object(Illuminate/Http/Request))
#22 D:/Website-monitoring/vendor/laravel/framework/src/Illuminate/Foundation/Http/Kernel.php(200): Illuminate/Routing/Router->dispatch(Object(Illuminate/Http/Request))
#23 D:/Website-monitoring/vendor/laravel/framework/src/Illuminate/Pipeline/Pipeline.php(180): Illuminate/Foundation/Http/Kernel->{closure:Illuminate/Foundation/Http/Kernel::dispatchToRouter():197}(Object(Illuminate/Http/Request))
#24 D:/Website-monitoring/app/Http/Middleware/SecurityHeaders.php(14): Illuminate/Pipeline/Pipeline->{closure:Illuminate/Pipeline/Pipeline::prepareDestination():178}(Object(Illuminate/Http/Request))
#25 D:/Website-monitoring/vendor/laravel/framework/src/Illuminate/Pipeline/Pipeline.php(219): App/Http/Middleware/SecurityHeaders->handle(Object(Illuminate/Http/Request), Object(Closure))
#26 D:/Website-monitoring/vendor/laravel/framework/src/Illuminate/Foundation/Http/Middleware/TransformsRequest.php(21): Illuminate/Pipeline/Pipeline->{closure:{closure:Illuminate/Pipeline/Pipeline::carry():194}:195}(Object(Illuminate/Http/Request))
#27 D:/Website-monitoring/vendor/laravel/framework/src/Illuminate/Foundation/Http/Middleware/ConvertEmptyStringsToNull.php(31): Illuminate/Foundation/Http/Middleware/TransformsRequest->handle(Object(Illuminate/Http/Request), Object(Closure))
#28 D:/Website-monitoring/vendor/laravel/framework/src/Illuminate/Pipeline/Pipeline.php(219): Illuminate/Foundation/Http/Middleware/ConvertEmptyStringsToNull->handle(Object(Illuminate/Http/Request), Object(Closure))
#29 D:/Website-monitoring/vendor/laravel/framework/src/Illuminate/Foundation/Http/Middleware/TransformsRequest.php(21): Illuminate/Pipeline/Pipeline->{closure:{closure:Illuminate/Pipeline/Pipeline::carry():194}:195}(Object(Illuminate/Http/Request))
#30 D:/Website-monitoring/vendor/laravel/framework/src/Illuminate/Foundation/Http/Middleware/TrimStrings.php(51): Illuminate/Foundation/Http/Middleware/TransformsRequest->handle(Object(Illuminate/Http/Request), Object(Closure))
#31 D:/Website-monitoring/vendor/laravel/framework/src/Illuminate/Pipeline/Pipeline.php(219): Illuminate/Foundation/Http/Middleware/TrimStrings->handle(Object(Illuminate/Http/Request), Object(Closure))
#32 D:/Website-monitoring/vendor/laravel/framework/src/Illuminate/Http/Middleware/ValidatePostSize.php(27): Illuminate/Pipeline/Pipeline->{closure:{closure:Illuminate/Pipeline/Pipeline::carry():194}:195}(Object(Illuminate/Http/Request))
#33 D:/Website-monitoring/vendor/laravel/framework/src/Illuminate/Pipeline/Pipeline.php(219): Illuminate/Http/Middleware/ValidatePostSize->handle(Object(Illuminate/Http/Request), Object(Closure))
#34 D:/Website-monitoring/vendor/laravel/framework/src/Illuminate/Foundation/Http/Middleware/PreventRequestsDuringMaintenance.php(110): Illuminate/Pipeline/Pipeline->{closure:{closure:Illuminate/Pipeline/Pipeline::carry():194}:195}(Object(Illuminate/Http/Request))
#35 D:/Website-monitoring/vendor/laravel/framework/src/Illuminate/Pipeline/Pipeline.php(219): Illuminate/Foundation/Http/Middleware/PreventRequestsDuringMaintenance->handle(Object(Illuminate/Http/Request), Object(Closure))
#36 D:/Website-monitoring/vendor/laravel/framework/src/Illuminate/Http/Middleware/HandleCors.php(61): Illuminate/Pipeline/Pipeline->{closure:{closure:Illuminate/Pipeline/Pipeline::carry():194}:195}(Object(Illuminate/Http/Request))
#37 D:/Website-monitoring/vendor/laravel/framework/src/Illuminate/Pipeline/Pipeline.php(219): Illuminate/Http/Middleware/HandleCors->handle(Object(Illuminate/Http/Request), Object(Closure))
#38 D:/Website-monitoring/vendor/laravel/framework/src/Illuminate/Http/Middleware/TrustProxies.php(58): Illuminate/Pipeline/Pipeline->{closure:{closure:Illuminate/Pipeline/Pipeline::carry():194}:195}(Object(Illuminate/Http/Request))
#39 D:/Website-monitoring/vendor/laravel/framework/src/Illuminate/Pipeline/Pipeline.php(219): Illuminate/Http/Middleware/TrustProxies->handle(Object(Illuminate/Http/Request), Object(Closure))
#40 D:/Website-monitoring/vendor/laravel/framework/src/Illuminate/Foundation/Http/Middleware/InvokeDeferredCallbacks.php(22): Illuminate/Pipeline/Pipeline->{closure:{closure:Illuminate/Pipeline/Pipeline::carry():194}:195}(Object(Illuminate/Http/Request))
#41 D:/Website-monitoring/vendor/laravel/framework/src/Illuminate/Pipeline/Pipeline.php(219): Illuminate/Foundation/Http/Middleware/InvokeDeferredCallbacks->handle(Object(Illuminate/Http/Request), Object(Closure))
#42 D:/Website-monitoring/vendor/laravel/framework/src/Illuminate/Http/Middleware/ValidatePathEncoding.php(28): Illuminate/Pipeline/Pipeline->{closure:{closure:Illuminate/Pipeline/Pipeline::carry():194}:195}(Object(Illuminate/Http/Request))
#43 D:/Website-monitoring/vendor/laravel/framework/src/Illuminate/Pipeline/Pipeline.php(219): Illuminate/Http/Middleware/ValidatePathEncoding->handle(Object(Illuminate/Http/Request), Object(Closure))
#44 D:/Website-monitoring/vendor/laravel/framework/src/Illuminate/Pipeline/Pipeline.php(137): Illuminate/Pipeline/Pipeline->{closure:{closure:Illuminate/Pipeline/Pipeline::carry():194}:195}(Object(Illuminate/Http/Request))
#45 D:/Website-monitoring/vendor/laravel/framework/src/Illuminate/Foundation/Http/Kernel.php(175): Illuminate/Pipeline/Pipeline->then(Object(Closure))
#46 D:/Website-monitoring/vendor/laravel/framework/src/Illuminate/Foundation/Http/Kernel.php(144): Illuminate/Foundation/Http/Kernel->sendRequestThroughRouter(Object(Illuminate/Http/Request))
#47 D:/Website-monitoring/vendor/laravel/framework/src/Illuminate/Foundation/Application.php(1227): Illuminate/Foundation/Http/Kernel->handle(Object(Illuminate/Http/Request))
#48 D:/Website-monitoring/public/index.php(20): Illuminate/Foundation/Application->handleRequest(Object(Illuminate/Http/Request))
#49 D:/Website-monitoring/vendor/laravel/framework/src/Illuminate/Foundation/resources/server.php(23): require_once('D://Website-moni...')
#50 {main}
"} 
[2026-09-14 02:18:57] production.ERROR: No application encryption key has been specified. {"exception":"[object] (Illuminate\\Encryption\\MissingAppKeyException(code: 0): No application encryption key has been specified. at D:/Website-monitoring/vendor/laravel/framework/src/Illuminate/Encryption/EncryptionServiceProvider.php:83)
[stacktrace]
#0 D:/Website-monitoring/vendor/laravel/framework/src/Illuminate/Support/helpers.php(393): Illuminate/Encryption/EncryptionServiceProvider->{closure:Illuminate/Encryption/EncryptionServiceProvider::key():81}(NULL)
#1 D:/Website-monitoring/vendor/laravel/framework/src/Illuminate/Encryption/EncryptionServiceProvider.php(81): tap(NULL, Object(Closure))
#2 D:/Website-monitoring/vendor/laravel/framework/src/Illuminate/Encryption/EncryptionServiceProvider.php(64): Illuminate/Encryption/EncryptionServiceProvider->key(Array)
#3 D:/Website-monitoring/vendor/laravel/framework/src/Illuminate/Encryption/EncryptionServiceProvider.php(32): Illuminate/Encryption/EncryptionServiceProvider->parseKey(Array)
#4 D:/Website-monitoring/vendor/laravel/framework/src/Illuminate/Container/Container.php(1140): Illuminate/Encryption/EncryptionServiceProvider->{closure:Illuminate/Encryption/EncryptionServiceProvider::registerEncrypter():29}(Object(Illuminate/Foundation/Application), Array)
#5 D:/Website-monitoring/vendor/laravel/framework/src/Illuminate/Container/Container.php(939): Illuminate/Container/Container->build(Object(Closure))
#6 D:/Website-monitoring/vendor/laravel/framework/src/Illuminate/Foundation/Application.php(1085): Illuminate/Container/Container->resolve('encrypter', Array, true)
#7 D:/Website-monitoring/vendor/laravel/framework/src/Illuminate/Container/Container.php(867): Illuminate/Foundation/Application->resolve('encrypter', Array)
#8 D:/Website-monitoring/vendor/laravel/framework/src/Illuminate/Foundation/Application.php(1065): Illuminate/Container/Container->make('encrypter', Array)
#9 D:/Website-monitoring/vendor/laravel/framework/src/Illuminate/Container/Container.php(1363): Illuminate/Foundation/Application->make('encrypter')
#10 D:/Website-monitoring/vendor/laravel/framework/src/Illuminate/Container/Container.php(1264): Illuminate/Container/Container->resolveClass(Object(ReflectionParameter), 'Illuminate//Cont...')
#11 D:/Website-monitoring/vendor/laravel/framework/src/Illuminate/Container/Container.php(1187): Illuminate/Container/Container->resolveDependencies(Array)
#12 D:/Website-monitoring/vendor/laravel/framework/src/Illuminate/Container/Container.php(939): Illuminate/Container/Container->build('Illuminate//Cook...')
#13 D:/Website-monitoring/vendor/laravel/framework/src/Illuminate/Foundation/Application.php(1085): Illuminate/Container/Container->resolve('Illuminate//Cook...', Array, true)
#14 D:/Website-monitoring/vendor/laravel/framework/src/Illuminate/Container/Container.php(867): Illuminate/Foundation/Application->resolve('Illuminate//Cook...', Array)
#15 D:/Website-monitoring/vendor/laravel/framework/src/Illuminate/Foundation/Application.php(1065): Illuminate/Container/Container->make('Illuminate//Cook...', Array)
#16 D:/Website-monitoring/vendor/laravel/framework/src/Illuminate/Foundation/Http/Kernel.php(257): Illuminate/Foundation/Application->make('Illuminate//Cook...')
#17 D:/Website-monitoring/vendor/laravel/framework/src/Illuminate/Foundation/Http/Kernel.php(215): Illuminate/Foundation/Http/Kernel->terminateMiddleware(Object(Illuminate/Http/Request), Object(Illuminate/Http/Response))
#18 D:/Website-monitoring/vendor/laravel/framework/src/Illuminate/Foundation/Application.php(1229): Illuminate/Foundation/Http/Kernel->terminate(Object(Illuminate/Http/Request), Object(Illuminate/Http/Response))
#19 D:/Website-monitoring/public/index.php(20): Illuminate/Foundation/Application->handleRequest(Object(Illuminate/Http/Request))
#20 D:/Website-monitoring/vendor/laravel/framework/src/Illuminate/Foundation/resources/server.php(23): require_once('D://Website-moni...')
#21 {main}
"} 
[2026-09-14 02:18:57] production.ERROR: Uncaught ErrorException: Cannot modify header information - headers already sent by (output started at D:\Website-monitoring\vendor\symfony\http-foundation\Response.php:393) in D:\Website-monitoring\vendor\symfony\http-foundation\Response.php:328
Stack trace:
#0 D:\Website-monitoring\vendor\laravel\framework\src\Illuminate\Foundation\Bootstrap\HandleExceptions.php(265): Illuminate\Foundation\Bootstrap\HandleExceptions->handleError(2, 'Cannot modify h...', 'D:\\Website-moni...', 328)
#1 [internal function]: Illuminate\Foundation\Bootstrap\HandleExceptions->{closure:Illuminate\Foundation\Bootstrap\HandleExceptions::forwardsTo():264}(2, 'Cannot modify h...', 'D:\\Website-moni...', 328)
#2 D:\Website-monitoring\vendor\symfony\http-foundation\Response.php(328): header('HTTP/1.1 500 In...', true, 500)
#3 D:\Website-monitoring\vendor\symfony\http-foundation\Response.php(407): Symfony\Component\HttpFoundation\Response->sendHeaders()
#4 D:\Website-monitoring\vendor\laravel\framework\src\Illuminate\Foundation\Bootstrap\HandleExceptions.php(228): Symfony\Component\HttpFoundation\Response->send()
#5 D:\Website-monitoring\vendor\laravel\framework\src\Illuminate\Foundation\Bootstrap\HandleExceptions.php(205): Illuminate\Foundation\Bootstrap\HandleExceptions->renderHttpResponse(Object(Illuminate\Encryption\MissingAppKeyException))
#6 D:\Website-monitoring\vendor\laravel\framework\src\Illuminate\Foundation\Bootstrap\HandleExceptions.php(265): Illuminate\Foundation\Bootstrap\HandleExceptions->handleException(Object(Illuminate\Encryption\MissingAppKeyException))
#7 [internal function]: Illuminate\Foundation\Bootstrap\HandleExceptions->{closure:Illuminate\Foundation\Bootstrap\HandleExceptions::forwardsTo():264}(Object(Illuminate\Encryption\MissingAppKeyException))
#8 {main}
  thrown {"exception":"[object] (Symfony\\Component\\ErrorHandler\\Error\\FatalError(code: 0): Uncaught ErrorException: Cannot modify header information - headers already sent by (output started at D:\\Website-monitoring\\vendor\\symfony\\http-foundation\\Response.php:393) in D:\\Website-monitoring\\vendor\\symfony\\http-foundation\\Response.php:328
Stack trace:
#0 D:\\Website-monitoring\\vendor\\laravel\\framework\\src\\Illuminate\\Foundation\\Bootstrap\\HandleExceptions.php(265): Illuminate\\Foundation\\Bootstrap\\HandleExceptions->handleError(2, 'Cannot modify h...', 'D:\\\\Website-moni...', 328)
#1 [internal function]: Illuminate\\Foundation\\Bootstrap\\HandleExceptions->{closure:Illuminate\\Foundation\\Bootstrap\\HandleExceptions::forwardsTo():264}(2, 'Cannot modify h...', 'D:\\\\Website-moni...', 328)
#2 D:\\Website-monitoring\\vendor\\symfony\\http-foundation\\Response.php(328): header('HTTP/1.1 500 In...', true, 500)
#3 D:\\Website-monitoring\\vendor\\symfony\\http-foundation\\Response.php(407): Symfony\\Component\\HttpFoundation\\Response->sendHeaders()
#4 D:\\Website-monitoring\\vendor\\laravel\\framework\\src\\Illuminate\\Foundation\\Bootstrap\\HandleExceptions.php(228): Symfony\\Component\\HttpFoundation\\Response->send()
#5 D:\\Website-monitoring\\vendor\\laravel\\framework\\src\\Illuminate\\Foundation\\Bootstrap\\HandleExceptions.php(205): Illuminate\\Foundation\\Bootstrap\\HandleExceptions->renderHttpResponse(Object(Illuminate\\Encryption\\MissingAppKeyException))
#6 D:\\Website-monitoring\\vendor\\laravel\\framework\\src\\Illuminate\\Foundation\\Bootstrap\\HandleExceptions.php(265): Illuminate\\Foundation\\Bootstrap\\HandleExceptions->handleException(Object(Illuminate\\Encryption\\MissingAppKeyException))
#7 [internal function]: Illuminate\\Foundation\\Bootstrap\\HandleExceptions->{closure:Illuminate\\Foundation\\Bootstrap\\HandleExceptions::forwardsTo():264}(Object(Illuminate\\Encryption\\MissingAppKeyException))
#8 {main}
  thrown at D:/Website-monitoring/vendor/symfony/http-foundation/Response.php:328)
[stacktrace]
#0 {main}
"} 
[2026-09-14 02:18:59] production.ERROR: No application encryption key has been specified. {"exception":"[object] (Illuminate\\Encryption\\MissingAppKeyException(code: 0): No application encryption key has been specified. at D:/Website-monitoring/vendor/laravel/framework/src/Illuminate/Encryption/EncryptionServiceProvider.php:83)
[stacktrace]
#0 D:/Website-monitoring/vendor/laravel/framework/src/Illuminate/Support/helpers.php(393): Illuminate/Encryption/EncryptionServiceProvider->{closure:Illuminate/Encryption/EncryptionServiceProvider::key():81}(NULL)
#1 D:/Website-monitoring/vendor/laravel/framework/src/Illuminate/Encryption/EncryptionServiceProvider.php(81): tap(NULL, Object(Closure))
#2 D:/Website-monitoring/vendor/laravel/framework/src/Illuminate/Encryption/EncryptionServiceProvider.php(64): Illuminate/Encryption/EncryptionServiceProvider->key(Array)
#3 D:/Website-monitoring/vendor/laravel/framework/src/Illuminate/Encryption/EncryptionServiceProvider.php(32): Illuminate/Encryption/EncryptionServiceProvider->parseKey(Array)
#4 D:/Website-monitoring/vendor/laravel/framework/src/Illuminate/Container/Container.php(1140): Illuminate/Encryption/EncryptionServiceProvider->{closure:Illuminate/Encryption/EncryptionServiceProvider::registerEncrypter():29}(Object(Illuminate/Foundation/Application), Array)
#5 D:/Website-monitoring/vendor/laravel/framework/src/Illuminate/Container/Container.php(939): Illuminate/Container/Container->build(Object(Closure))
#6 D:/Website-monitoring/vendor/laravel/framework/src/Illuminate/Foundation/Application.php(1085): Illuminate/Container/Container->resolve('encrypter', Array, true)
#7 D:/Website-monitoring/vendor/laravel/framework/src/Illuminate/Container/Container.php(867): Illuminate/Foundation/Application->resolve('encrypter', Array)
#8 D:/Website-monitoring/vendor/laravel/framework/src/Illuminate/Foundation/Application.php(1065): Illuminate/Container/Container->make('encrypter', Array)
#9 D:/Website-monitoring/vendor/laravel/framework/src/Illuminate/Container/Container.php(1363): Illuminate/Foundation/Application->make('encrypter')
#10 D:/Website-monitoring/vendor/laravel/framework/src/Illuminate/Container/Container.php(1264): Illuminate/Container/Container->resolveClass(Object(ReflectionParameter), 'Illuminate//Cont...')
#11 D:/Website-monitoring/vendor/laravel/framework/src/Illuminate/Container/Container.php(1187): Illuminate/Container/Container->resolveDependencies(Array)
#12 D:/Website-monitoring/vendor/laravel/framework/src/Illuminate/Container/Container.php(939): Illuminate/Container/Container->build('Illuminate//Cook...')
#13 D:/Website-monitoring/vendor/laravel/framework/src/Illuminate/Foundation/Application.php(1085): Illuminate/Container/Container->resolve('Illuminate//Cook...', Array, true)
#14 D:/Website-monitoring/vendor/laravel/framework/src/Illuminate/Container/Container.php(867): Illuminate/Foundation/Application->resolve('Illuminate//Cook...', Array)
#15 D:/Website-monitoring/vendor/laravel/framework/src/Illuminate/Foundation/Application.php(1065): Illuminate/Container/Container->make('Illuminate//Cook...', Array)
#16 D:/Website-monitoring/vendor/laravel/framework/src/Illuminate/Pipeline/Pipeline.php(208): Illuminate/Foundation/Application->make('Illuminate//Cook...')
#17 D:/Website-monitoring/vendor/laravel/framework/src/Illuminate/Pipeline/Pipeline.php(137): Illuminate/Pipeline/Pipeline->{closure:{closure:Illuminate/Pipeline/Pipeline::carry():194}:195}(Object(Illuminate/Http/Request))
#18 D:/Website-monitoring/vendor/laravel/framework/src/Illuminate/Routing/Router.php(821): Illuminate/Pipeline/Pipeline->then(Object(Closure))
#19 D:/Website-monitoring/vendor/laravel/framework/src/Illuminate/Routing/Router.php(800): Illuminate/Routing/Router->runRouteWithinStack(Object(Illuminate/Routing/Route), Object(Illuminate/Http/Request))
#20 D:/Website-monitoring/vendor/laravel/framework/src/Illuminate/Routing/Router.php(764): Illuminate/Routing/Router->runRoute(Object(Illuminate/Http/Request), Object(Illuminate/Routing/Route))
#21 D:/Website-monitoring/vendor/laravel/framework/src/Illuminate/Routing/Router.php(753): Illuminate/Routing/Router->dispatchToRoute(Object(Illuminate/Http/Request))
#22 D:/Website-monitoring/vendor/laravel/framework/src/Illuminate/Foundation/Http/Kernel.php(200): Illuminate/Routing/Router->dispatch(Object(Illuminate/Http/Request))
#23 D:/Website-monitoring/vendor/laravel/framework/src/Illuminate/Pipeline/Pipeline.php(180): Illuminate/Foundation/Http/Kernel->{closure:Illuminate/Foundation/Http/Kernel::dispatchToRouter():197}(Object(Illuminate/Http/Request))
#24 D:/Website-monitoring/app/Http/Middleware/SecurityHeaders.php(14): Illuminate/Pipeline/Pipeline->{closure:Illuminate/Pipeline/Pipeline::prepareDestination():178}(Object(Illuminate/Http/Request))
#25 D:/Website-monitoring/vendor/laravel/framework/src/Illuminate/Pipeline/Pipeline.php(219): App/Http/Middleware/SecurityHeaders->handle(Object(Illuminate/Http/Request), Object(Closure))
#26 D:/Website-monitoring/vendor/laravel/framework/src/Illuminate/Foundation/Http/Middleware/TransformsRequest.php(21): Illuminate/Pipeline/Pipeline->{closure:{closure:Illuminate/Pipeline/Pipeline::carry():194}:195}(Object(Illuminate/Http/Request))
#27 D:/Website-monitoring/vendor/laravel/framework/src/Illuminate/Foundation/Http/Middleware/ConvertEmptyStringsToNull.php(31): Illuminate/Foundation/Http/Middleware/TransformsRequest->handle(Object(Illuminate/Http/Request), Object(Closure))
#28 D:/Website-monitoring/vendor/laravel/framework/src/Illuminate/Pipeline/Pipeline.php(219): Illuminate/Foundation/Http/Middleware/ConvertEmptyStringsToNull->handle(Object(Illuminate/Http/Request), Object(Closure))
#29 D:/Website-monitoring/vendor/laravel/framework/src/Illuminate/Foundation/Http/Middleware/TransformsRequest.php(21): Illuminate/Pipeline/Pipeline->{closure:{closure:Illuminate/Pipeline/Pipeline::carry():194}:195}(Object(Illuminate/Http/Request))
#30 D:/Website-monitoring/vendor/laravel/framework/src/Illuminate/Foundation/Http/Middleware/TrimStrings.php(51): Illuminate/Foundation/Http/Middleware/TransformsRequest->handle(Object(Illuminate/Http/Request), Object(Closure))
#31 D:/Website-monitoring/vendor/laravel/framework/src/Illuminate/Pipeline/Pipeline.php(219): Illuminate/Foundation/Http/Middleware/TrimStrings->handle(Object(Illuminate/Http/Request), Object(Closure))
#32 D:/Website-monitoring/vendor/laravel/framework/src/Illuminate/Http/Middleware/ValidatePostSize.php(27): Illuminate/Pipeline/Pipeline->{closure:{closure:Illuminate/Pipeline/Pipeline::carry():194}:195}(Object(Illuminate/Http/Request))
#33 D:/Website-monitoring/vendor/laravel/framework/src/Illuminate/Pipeline/Pipeline.php(219): Illuminate/Http/Middleware/ValidatePostSize->handle(Object(Illuminate/Http/Request), Object(Closure))
#34 D:/Website-monitoring/vendor/laravel/framework/src/Illuminate/Foundation/Http/Middleware/PreventRequestsDuringMaintenance.php(110): Illuminate/Pipeline/Pipeline->{closure:{closure:Illuminate/Pipeline/Pipeline::carry():194}:195}(Object(Illuminate/Http/Request))
#35 D:/Website-monitoring/vendor/laravel/framework/src/Illuminate/Pipeline/Pipeline.php(219): Illuminate/Foundation/Http/Middleware/PreventRequestsDuringMaintenance->handle(Object(Illuminate/Http/Request), Object(Closure))
#36 D:/Website-monitoring/vendor/laravel/framework/src/Illuminate/Http/Middleware/HandleCors.php(61): Illuminate/Pipeline/Pipeline->{closure:{closure:Illuminate/Pipeline/Pipeline::carry():194}:195}(Object(Illuminate/Http/Request))
#37 D:/Website-monitoring/vendor/laravel/framework/src/Illuminate/Pipeline/Pipeline.php(219): Illuminate/Http/Middleware/HandleCors->handle(Object(Illuminate/Http/Request), Object(Closure))
#38 D:/Website-monitoring/vendor/laravel/framework/src/Illuminate/Http/Middleware/TrustProxies.php(58): Illuminate/Pipeline/Pipeline->{closure:{closure:Illuminate/Pipeline/Pipeline::carry():194}:195}(Object(Illuminate/Http/Request))
#39 D:/Website-monitoring/vendor/laravel/framework/src/Illuminate/Pipeline/Pipeline.php(219): Illuminate/Http/Middleware/TrustProxies->handle(Object(Illuminate/Http/Request), Object(Closure))
#40 D:/Website-monitoring/vendor/laravel/framework/src/Illuminate/Foundation/Http/Middleware/InvokeDeferredCallbacks.php(22): Illuminate/Pipeline/Pipeline->{closure:{closure:Illuminate/Pipeline/Pipeline::carry():194}:195}(Object(Illuminate/Http/Request))
#41 D:/Website-monitoring/vendor/laravel/framework/src/Illuminate/Pipeline/Pipeline.php(219): Illuminate/Foundation/Http/Middleware/InvokeDeferredCallbacks->handle(Object(Illuminate/Http/Request), Object(Closure))
#42 D:/Website-monitoring/vendor/laravel/framework/src/Illuminate/Http/Middleware/ValidatePathEncoding.php(28): Illuminate/Pipeline/Pipeline->{closure:{closure:Illuminate/Pipeline/Pipeline::carry():194}:195}(Object(Illuminate/Http/Request))
#43 D:/Website-monitoring/vendor/laravel/framework/src/Illuminate/Pipeline/Pipeline.php(219): Illuminate/Http/Middleware/ValidatePathEncoding->handle(Object(Illuminate/Http/Request), Object(Closure))
#44 D:/Website-monitoring/vendor/laravel/framework/src/Illuminate/Pipeline/Pipeline.php(137): Illuminate/Pipeline/Pipeline->{closure:{closure:Illuminate/Pipeline/Pipeline::carry():194}:195}(Object(Illuminate/Http/Request))
#45 D:/Website-monitoring/vendor/laravel/framework/src/Illuminate/Foundation/Http/Kernel.php(175): Illuminate/Pipeline/Pipeline->then(Object(Closure))
#46 D:/Website-monitoring/vendor/laravel/framework/src/Illuminate/Foundation/Http/Kernel.php(144): Illuminate/Foundation/Http/Kernel->sendRequestThroughRouter(Object(Illuminate/Http/Request))
#47 D:/Website-monitoring/vendor/laravel/framework/src/Illuminate/Foundation/Application.php(1227): Illuminate/Foundation/Http/Kernel->handle(Object(Illuminate/Http/Request))
#48 D:/Website-monitoring/public/index.php(20): Illuminate/Foundation/Application->handleRequest(Object(Illuminate/Http/Request))
#49 D:/Website-monitoring/vendor/laravel/framework/src/Illuminate/Foundation/resources/server.php(23): require_once('D://Website-moni...')
#50 {main}
"} 
[2026-09-14 02:18:59] production.ERROR: No application encryption key has been specified. {"exception":"[object] (Illuminate\\Encryption\\MissingAppKeyException(code: 0): No application encryption key has been specified. at D:/Website-monitoring/vendor/laravel/framework/src/Illuminate/Encryption/EncryptionServiceProvider.php:83)
[stacktrace]
#0 D:/Website-monitoring/vendor/laravel/framework/src/Illuminate/Support/helpers.php(393): Illuminate/Encryption/EncryptionServiceProvider->{closure:Illuminate/Encryption/EncryptionServiceProvider::key():81}(NULL)
#1 D:/Website-monitoring/vendor/laravel/framework/src/Illuminate/Encryption/EncryptionServiceProvider.php(81): tap(NULL, Object(Closure))
#2 D:/Website-monitoring/vendor/laravel/framework/src/Illuminate/Encryption/EncryptionServiceProvider.php(64): Illuminate/Encryption/EncryptionServiceProvider->key(Array)
#3 D:/Website-monitoring/vendor/laravel/framework/src/Illuminate/Encryption/EncryptionServiceProvider.php(32): Illuminate/Encryption/EncryptionServiceProvider->parseKey(Array)
#4 D:/Website-monitoring/vendor/laravel/framework/src/Illuminate/Container/Container.php(1140): Illuminate/Encryption/EncryptionServiceProvider->{closure:Illuminate/Encryption/EncryptionServiceProvider::registerEncrypter():29}(Object(Illuminate/Foundation/Application), Array)
#5 D:/Website-monitoring/vendor/laravel/framework/src/Illuminate/Container/Container.php(939): Illuminate/Container/Container->build(Object(Closure))
#6 D:/Website-monitoring/vendor/laravel/framework/src/Illuminate/Foundation/Application.php(1085): Illuminate/Container/Container->resolve('encrypter', Array, true)
#7 D:/Website-monitoring/vendor/laravel/framework/src/Illuminate/Container/Container.php(867): Illuminate/Foundation/Application->resolve('encrypter', Array)
#8 D:/Website-monitoring/vendor/laravel/framework/src/Illuminate/Foundation/Application.php(1065): Illuminate/Container/Container->make('encrypter', Array)
#9 D:/Website-monitoring/vendor/laravel/framework/src/Illuminate/Container/Container.php(1363): Illuminate/Foundation/Application->make('encrypter')
#10 D:/Website-monitoring/vendor/laravel/framework/src/Illuminate/Container/Container.php(1264): Illuminate/Container/Container->resolveClass(Object(ReflectionParameter), 'Illuminate//Cont...')
#11 D:/Website-monitoring/vendor/laravel/framework/src/Illuminate/Container/Container.php(1187): Illuminate/Container/Container->resolveDependencies(Array)
#12 D:/Website-monitoring/vendor/laravel/framework/src/Illuminate/Container/Container.php(939): Illuminate/Container/Container->build('Illuminate//Cook...')
#13 D:/Website-monitoring/vendor/laravel/framework/src/Illuminate/Foundation/Application.php(1085): Illuminate/Container/Container->resolve('Illuminate//Cook...', Array, true)
#14 D:/Website-monitoring/vendor/laravel/framework/src/Illuminate/Container/Container.php(867): Illuminate/Foundation/Application->resolve('Illuminate//Cook...', Array)
#15 D:/Website-monitoring/vendor/laravel/framework/src/Illuminate/Foundation/Application.php(1065): Illuminate/Container/Container->make('Illuminate//Cook...', Array)
#16 D:/Website-monitoring/vendor/laravel/framework/src/Illuminate/Foundation/Http/Kernel.php(257): Illuminate/Foundation/Application->make('Illuminate//Cook...')
#17 D:/Website-monitoring/vendor/laravel/framework/src/Illuminate/Foundation/Http/Kernel.php(215): Illuminate/Foundation/Http/Kernel->terminateMiddleware(Object(Illuminate/Http/Request), Object(Illuminate/Http/Response))
#18 D:/Website-monitoring/vendor/laravel/framework/src/Illuminate/Foundation/Application.php(1229): Illuminate/Foundation/Http/Kernel->terminate(Object(Illuminate/Http/Request), Object(Illuminate/Http/Response))
#19 D:/Website-monitoring/public/index.php(20): Illuminate/Foundation/Application->handleRequest(Object(Illuminate/Http/Request))
#20 D:/Website-monitoring/vendor/laravel/framework/src/Illuminate/Foundation/resources/server.php(23): require_once('D://Website-moni...')
#21 {main}
"} 
[2026-09-14 02:18:59] production.ERROR: Uncaught ErrorException: Cannot modify header information - headers already sent by (output started at D:\Website-monitoring\vendor\symfony\http-foundation\Response.php:393) in D:\Website-monitoring\vendor\symfony\http-foundation\Response.php:328
Stack trace:
#0 D:\Website-monitoring\vendor\laravel\framework\src\Illuminate\Foundation\Bootstrap\HandleExceptions.php(265): Illuminate\Foundation\Bootstrap\HandleExceptions->handleError(2, 'Cannot modify h...', 'D:\\Website-moni...', 328)
#1 [internal function]: Illuminate\Foundation\Bootstrap\HandleExceptions->{closure:Illuminate\Foundation\Bootstrap\HandleExceptions::forwardsTo():264}(2, 'Cannot modify h...', 'D:\\Website-moni...', 328)
#2 D:\Website-monitoring\vendor\symfony\http-foundation\Response.php(328): header('HTTP/1.1 500 In...', true, 500)
#3 D:\Website-monitoring\vendor\symfony\http-foundation\Response.php(407): Symfony\Component\HttpFoundation\Response->sendHeaders()
#4 D:\Website-monitoring\vendor\laravel\framework\src\Illuminate\Foundation\Bootstrap\HandleExceptions.php(228): Symfony\Component\HttpFoundation\Response->send()
#5 D:\Website-monitoring\vendor\laravel\framework\src\Illuminate\Foundation\Bootstrap\HandleExceptions.php(205): Illuminate\Foundation\Bootstrap\HandleExceptions->renderHttpResponse(Object(Illuminate\Encryption\MissingAppKeyException))
#6 D:\Website-monitoring\vendor\laravel\framework\src\Illuminate\Foundation\Bootstrap\HandleExceptions.php(265): Illuminate\Foundation\Bootstrap\HandleExceptions->handleException(Object(Illuminate\Encryption\MissingAppKeyException))
#7 [internal function]: Illuminate\Foundation\Bootstrap\HandleExceptions->{closure:Illuminate\Foundation\Bootstrap\HandleExceptions::forwardsTo():264}(Object(Illuminate\Encryption\MissingAppKeyException))
#8 {main}
  thrown {"exception":"[object] (Symfony\\Component\\ErrorHandler\\Error\\FatalError(code: 0): Uncaught ErrorException: Cannot modify header information - headers already sent by (output started at D:\\Website-monitoring\\vendor\\symfony\\http-foundation\\Response.php:393) in D:\\Website-monitoring\\vendor\\symfony\\http-foundation\\Response.php:328
Stack trace:
#0 D:\\Website-monitoring\\vendor\\laravel\\framework\\src\\Illuminate\\Foundation\\Bootstrap\\HandleExceptions.php(265): Illuminate\\Foundation\\Bootstrap\\HandleExceptions->handleError(2, 'Cannot modify h...', 'D:\\\\Website-moni...', 328)
#1 [internal function]: Illuminate\\Foundation\\Bootstrap\\HandleExceptions->{closure:Illuminate\\Foundation\\Bootstrap\\HandleExceptions::forwardsTo():264}(2, 'Cannot modify h...', 'D:\\\\Website-moni...', 328)
#2 D:\\Website-monitoring\\vendor\\symfony\\http-foundation\\Response.php(328): header('HTTP/1.1 500 In...', true, 500)
#3 D:\\Website-monitoring\\vendor\\symfony\\http-foundation\\Response.php(407): Symfony\\Component\\HttpFoundation\\Response->sendHeaders()
#4 D:\\Website-monitoring\\vendor\\laravel\\framework\\src\\Illuminate\\Foundation\\Bootstrap\\HandleExceptions.php(228): Symfony\\Component\\HttpFoundation\\Response->send()
#5 D:\\Website-monitoring\\vendor\\laravel\\framework\\src\\Illuminate\\Foundation\\Bootstrap\\HandleExceptions.php(205): Illuminate\\Foundation\\Bootstrap\\HandleExceptions->renderHttpResponse(Object(Illuminate\\Encryption\\MissingAppKeyException))
#6 D:\\Website-monitoring\\vendor\\laravel\\framework\\src\\Illuminate\\Foundation\\Bootstrap\\HandleExceptions.php(265): Illuminate\\Foundation\\Bootstrap\\HandleExceptions->handleException(Object(Illuminate\\Encryption\\MissingAppKeyException))
#7 [internal function]: Illuminate\\Foundation\\Bootstrap\\HandleExceptions->{closure:Illuminate\\Foundation\\Bootstrap\\HandleExceptions::forwardsTo():264}(Object(Illuminate\\Encryption\\MissingAppKeyException))
#8 {main}
  thrown at D:/Website-monitoring/vendor/symfony/http-foundation/Response.php:328)
[stacktrace]
#0 {main}
"} 
[2026-09-14 02:19:01] production.ERROR: No application encryption key has been specified. {"exception":"[object] (Illuminate\\Encryption\\MissingAppKeyException(code: 0): No application encryption key has been specified. at D:/Website-monitoring/vendor/laravel/framework/src/Illuminate/Encryption/EncryptionServiceProvider.php:83)
[stacktrace]
#0 D:/Website-monitoring/vendor/laravel/framework/src/Illuminate/Support/helpers.php(393): Illuminate/Encryption/EncryptionServiceProvider->{closure:Illuminate/Encryption/EncryptionServiceProvider::key():81}(NULL)
#1 D:/Website-monitoring/vendor/laravel/framework/src/Illuminate/Encryption/EncryptionServiceProvider.php(81): tap(NULL, Object(Closure))
#2 D:/Website-monitoring/vendor/laravel/framework/src/Illuminate/Encryption/EncryptionServiceProvider.php(64): Illuminate/Encryption/EncryptionServiceProvider->key(Array)
#3 D:/Website-monitoring/vendor/laravel/framework/src/Illuminate/Encryption/EncryptionServiceProvider.php(32): Illuminate/Encryption/EncryptionServiceProvider->parseKey(Array)
#4 D:/Website-monitoring/vendor/laravel/framework/src/Illuminate/Container/Container.php(1140): Illuminate/Encryption/EncryptionServiceProvider->{closure:Illuminate/Encryption/EncryptionServiceProvider::registerEncrypter():29}(Object(Illuminate/Foundation/Application), Array)
#5 D:/Website-monitoring/vendor/laravel/framework/src/Illuminate/Container/Container.php(939): Illuminate/Container/Container->build(Object(Closure))
#6 D:/Website-monitoring/vendor/laravel/framework/src/Illuminate/Foundation/Application.php(1085): Illuminate/Container/Container->resolve('encrypter', Array, true)
#7 D:/Website-monitoring/vendor/laravel/framework/src/Illuminate/Container/Container.php(867): Illuminate/Foundation/Application->resolve('encrypter', Array)
#8 D:/Website-monitoring/vendor/laravel/framework/src/Illuminate/Foundation/Application.php(1065): Illuminate/Container/Container->make('encrypter', Array)
#9 D:/Website-monitoring/vendor/laravel/framework/src/Illuminate/Container/Container.php(1363): Illuminate/Foundation/Application->make('encrypter')
#10 D:/Website-monitoring/vendor/laravel/framework/src/Illuminate/Container/Container.php(1264): Illuminate/Container/Container->resolveClass(Object(ReflectionParameter), 'Illuminate//Cont...')
#11 D:/Website-monitoring/vendor/laravel/framework/src/Illuminate/Container/Container.php(1187): Illuminate/Container/Container->resolveDependencies(Array)
#12 D:/Website-monitoring/vendor/laravel/framework/src/Illuminate/Container/Container.php(939): Illuminate/Container/Container->build('Illuminate//Cook...')
#13 D:/Website-monitoring/vendor/laravel/framework/src/Illuminate/Foundation/Application.php(1085): Illuminate/Container/Container->resolve('Illuminate//Cook...', Array, true)
#14 D:/Website-monitoring/vendor/laravel/framework/src/Illuminate/Container/Container.php(867): Illuminate/Foundation/Application->resolve('Illuminate//Cook...', Array)
#15 D:/Website-monitoring/vendor/laravel/framework/src/Illuminate/Foundation/Application.php(1065): Illuminate/Container/Container->make('Illuminate//Cook...', Array)
#16 D:/Website-monitoring/vendor/laravel/framework/src/Illuminate/Pipeline/Pipeline.php(208): Illuminate/Foundation/Application->make('Illuminate//Cook...')
#17 D:/Website-monitoring/vendor/laravel/framework/src/Illuminate/Pipeline/Pipeline.php(137): Illuminate/Pipeline/Pipeline->{closure:{closure:Illuminate/Pipeline/Pipeline::carry():194}:195}(Object(Illuminate/Http/Request))
#18 D:/Website-monitoring/vendor/laravel/framework/src/Illuminate/Routing/Router.php(821): Illuminate/Pipeline/Pipeline->then(Object(Closure))
#19 D:/Website-monitoring/vendor/laravel/framework/src/Illuminate/Routing/Router.php(800): Illuminate/Routing/Router->runRouteWithinStack(Object(Illuminate/Routing/Route), Object(Illuminate/Http/Request))
#20 D:/Website-monitoring/vendor/laravel/framework/src/Illuminate/Routing/Router.php(764): Illuminate/Routing/Router->runRoute(Object(Illuminate/Http/Request), Object(Illuminate/Routing/Route))
#21 D:/Website-monitoring/vendor/laravel/framework/src/Illuminate/Routing/Router.php(753): Illuminate/Routing/Router->dispatchToRoute(Object(Illuminate/Http/Request))
#22 D:/Website-monitoring/vendor/laravel/framework/src/Illuminate/Foundation/Http/Kernel.php(200): Illuminate/Routing/Router->dispatch(Object(Illuminate/Http/Request))
#23 D:/Website-monitoring/vendor/laravel/framework/src/Illuminate/Pipeline/Pipeline.php(180): Illuminate/Foundation/Http/Kernel->{closure:Illuminate/Foundation/Http/Kernel::dispatchToRouter():197}(Object(Illuminate/Http/Request))
#24 D:/Website-monitoring/app/Http/Middleware/SecurityHeaders.php(14): Illuminate/Pipeline/Pipeline->{closure:Illuminate/Pipeline/Pipeline::prepareDestination():178}(Object(Illuminate/Http/Request))
#25 D:/Website-monitoring/vendor/laravel/framework/src/Illuminate/Pipeline/Pipeline.php(219): App/Http/Middleware/SecurityHeaders->handle(Object(Illuminate/Http/Request), Object(Closure))
#26 D:/Website-monitoring/vendor/laravel/framework/src/Illuminate/Foundation/Http/Middleware/TransformsRequest.php(21): Illuminate/Pipeline/Pipeline->{closure:{closure:Illuminate/Pipeline/Pipeline::carry():194}:195}(Object(Illuminate/Http/Request))
#27 D:/Website-monitoring/vendor/laravel/framework/src/Illuminate/Foundation/Http/Middleware/ConvertEmptyStringsToNull.php(31): Illuminate/Foundation/Http/Middleware/TransformsRequest->handle(Object(Illuminate/Http/Request), Object(Closure))
#28 D:/Website-monitoring/vendor/laravel/framework/src/Illuminate/Pipeline/Pipeline.php(219): Illuminate/Foundation/Http/Middleware/ConvertEmptyStringsToNull->handle(Object(Illuminate/Http/Request), Object(Closure))
#29 D:/Website-monitoring/vendor/laravel/framework/src/Illuminate/Foundation/Http/Middleware/TransformsRequest.php(21): Illuminate/Pipeline/Pipeline->{closure:{closure:Illuminate/Pipeline/Pipeline::carry():194}:195}(Object(Illuminate/Http/Request))
#30 D:/Website-monitoring/vendor/laravel/framework/src/Illuminate/Foundation/Http/Middleware/TrimStrings.php(51): Illuminate/Foundation/Http/Middleware/TransformsRequest->handle(Object(Illuminate/Http/Request), Object(Closure))
#31 D:/Website-monitoring/vendor/laravel/framework/src/Illuminate/Pipeline/Pipeline.php(219): Illuminate/Foundation/Http/Middleware/TrimStrings->handle(Object(Illuminate/Http/Request), Object(Closure))
#32 D:/Website-monitoring/vendor/laravel/framework/src/Illuminate/Http/Middleware/ValidatePostSize.php(27): Illuminate/Pipeline/Pipeline->{closure:{closure:Illuminate/Pipeline/Pipeline::carry():194}:195}(Object(Illuminate/Http/Request))
#33 D:/Website-monitoring/vendor/laravel/framework/src/Illuminate/Pipeline/Pipeline.php(219): Illuminate/Http/Middleware/ValidatePostSize->handle(Object(Illuminate/Http/Request), Object(Closure))
#34 D:/Website-monitoring/vendor/laravel/framework/src/Illuminate/Foundation/Http/Middleware/PreventRequestsDuringMaintenance.php(110): Illuminate/Pipeline/Pipeline->{closure:{closure:Illuminate/Pipeline/Pipeline::carry():194}:195}(Object(Illuminate/Http/Request))
#35 D:/Website-monitoring/vendor/laravel/framework/src/Illuminate/Pipeline/Pipeline.php(219): Illuminate/Foundation/Http/Middleware/PreventRequestsDuringMaintenance->handle(Object(Illuminate/Http/Request), Object(Closure))
#36 D:/Website-monitoring/vendor/laravel/framework/src/Illuminate/Http/Middleware/HandleCors.php(61): Illuminate/Pipeline/Pipeline->{closure:{closure:Illuminate/Pipeline/Pipeline::carry():194}:195}(Object(Illuminate/Http/Request))
#37 D:/Website-monitoring/vendor/laravel/framework/src/Illuminate/Pipeline/Pipeline.php(219): Illuminate/Http/Middleware/HandleCors->handle(Object(Illuminate/Http/Request), Object(Closure))
#38 D:/Website-monitoring/vendor/laravel/framework/src/Illuminate/Http/Middleware/TrustProxies.php(58): Illuminate/Pipeline/Pipeline->{closure:{closure:Illuminate/Pipeline/Pipeline::carry():194}:195}(Object(Illuminate/Http/Request))
#39 D:/Website-monitoring/vendor/laravel/framework/src/Illuminate/Pipeline/Pipeline.php(219): Illuminate/Http/Middleware/TrustProxies->handle(Object(Illuminate/Http/Request), Object(Closure))
#40 D:/Website-monitoring/vendor/laravel/framework/src/Illuminate/Foundation/Http/Middleware/InvokeDeferredCallbacks.php(22): Illuminate/Pipeline/Pipeline->{closure:{closure:Illuminate/Pipeline/Pipeline::carry():194}:195}(Object(Illuminate/Http/Request))
#41 D:/Website-monitoring/vendor/laravel/framework/src/Illuminate/Pipeline/Pipeline.php(219): Illuminate/Foundation/Http/Middleware/InvokeDeferredCallbacks->handle(Object(Illuminate/Http/Request), Object(Closure))
#42 D:/Website-monitoring/vendor/laravel/framework/src/Illuminate/Http/Middleware/ValidatePathEncoding.php(28): Illuminate/Pipeline/Pipeline->{closure:{closure:Illuminate/Pipeline/Pipeline::carry():194}:195}(Object(Illuminate/Http/Request))
#43 D:/Website-monitoring/vendor/laravel/framework/src/Illuminate/Pipeline/Pipeline.php(219): Illuminate/Http/Middleware/ValidatePathEncoding->handle(Object(Illuminate/Http/Request), Object(Closure))
#44 D:/Website-monitoring/vendor/laravel/framework/src/Illuminate/Pipeline/Pipeline.php(137): Illuminate/Pipeline/Pipeline->{closure:{closure:Illuminate/Pipeline/Pipeline::carry():194}:195}(Object(Illuminate/Http/Request))
#45 D:/Website-monitoring/vendor/laravel/framework/src/Illuminate/Foundation/Http/Kernel.php(175): Illuminate/Pipeline/Pipeline->then(Object(Closure))
#46 D:/Website-monitoring/vendor/laravel/framework/src/Illuminate/Foundation/Http/Kernel.php(144): Illuminate/Foundation/Http/Kernel->sendRequestThroughRouter(Object(Illuminate/Http/Request))
#47 D:/Website-monitoring/vendor/laravel/framework/src/Illuminate/Foundation/Application.php(1227): Illuminate/Foundation/Http/Kernel->handle(Object(Illuminate/Http/Request))
#48 D:/Website-monitoring/public/index.php(20): Illuminate/Foundation/Application->handleRequest(Object(Illuminate/Http/Request))
#49 D:/Website-monitoring/vendor/laravel/framework/src/Illuminate/Foundation/resources/server.php(23): require_once('D://Website-moni...')
#50 {main}
"} 
[2026-09-14 02:19:01] production.ERROR: No application encryption key has been specified. {"exception":"[object] (Illuminate\\Encryption\\MissingAppKeyException(code: 0): No application encryption key has been specified. at D:/Website-monitoring/vendor/laravel/framework/src/Illuminate/Encryption/EncryptionServiceProvider.php:83)
[stacktrace]
#0 D:/Website-monitoring/vendor/laravel/framework/src/Illuminate/Support/helpers.php(393): Illuminate/Encryption/EncryptionServiceProvider->{closure:Illuminate/Encryption/EncryptionServiceProvider::key():81}(NULL)
#1 D:/Website-monitoring/vendor/laravel/framework/src/Illuminate/Encryption/EncryptionServiceProvider.php(81): tap(NULL, Object(Closure))
#2 D:/Website-monitoring/vendor/laravel/framework/src/Illuminate/Encryption/EncryptionServiceProvider.php(64): Illuminate/Encryption/EncryptionServiceProvider->key(Array)
#3 D:/Website-monitoring/vendor/laravel/framework/src/Illuminate/Encryption/EncryptionServiceProvider.php(32): Illuminate/Encryption/EncryptionServiceProvider->parseKey(Array)
#4 D:/Website-monitoring/vendor/laravel/framework/src/Illuminate/Container/Container.php(1140): Illuminate/Encryption/EncryptionServiceProvider->{closure:Illuminate/Encryption/EncryptionServiceProvider::registerEncrypter():29}(Object(Illuminate/Foundation/Application), Array)
#5 D:/Website-monitoring/vendor/laravel/framework/src/Illuminate/Container/Container.php(939): Illuminate/Container/Container->build(Object(Closure))
#6 D:/Website-monitoring/vendor/laravel/framework/src/Illuminate/Foundation/Application.php(1085): Illuminate/Container/Container->resolve('encrypter', Array, true)
#7 D:/Website-monitoring/vendor/laravel/framework/src/Illuminate/Container/Container.php(867): Illuminate/Foundation/Application->resolve('encrypter', Array)
#8 D:/Website-monitoring/vendor/laravel/framework/src/Illuminate/Foundation/Application.php(1065): Illuminate/Container/Container->make('encrypter', Array)
#9 D:/Website-monitoring/vendor/laravel/framework/src/Illuminate/Container/Container.php(1363): Illuminate/Foundation/Application->make('encrypter')
#10 D:/Website-monitoring/vendor/laravel/framework/src/Illuminate/Container/Container.php(1264): Illuminate/Container/Container->resolveClass(Object(ReflectionParameter), 'Illuminate//Cont...')
#11 D:/Website-monitoring/vendor/laravel/framework/src/Illuminate/Container/Container.php(1187): Illuminate/Container/Container->resolveDependencies(Array)
#12 D:/Website-monitoring/vendor/laravel/framework/src/Illuminate/Container/Container.php(939): Illuminate/Container/Container->build('Illuminate//Cook...')
#13 D:/Website-monitoring/vendor/laravel/framework/src/Illuminate/Foundation/Application.php(1085): Illuminate/Container/Container->resolve('Illuminate//Cook...', Array, true)
#14 D:/Website-monitoring/vendor/laravel/framework/src/Illuminate/Container/Container.php(867): Illuminate/Foundation/Application->resolve('Illuminate//Cook...', Array)
#15 D:/Website-monitoring/vendor/laravel/framework/src/Illuminate/Foundation/Application.php(1065): Illuminate/Container/Container->make('Illuminate//Cook...', Array)
#16 D:/Website-monitoring/vendor/laravel/framework/src/Illuminate/Foundation/Http/Kernel.php(257): Illuminate/Foundation/Application->make('Illuminate//Cook...')
#17 D:/Website-monitoring/vendor/laravel/framework/src/Illuminate/Foundation/Http/Kernel.php(215): Illuminate/Foundation/Http/Kernel->terminateMiddleware(Object(Illuminate/Http/Request), Object(Illuminate/Http/Response))
#18 D:/Website-monitoring/vendor/laravel/framework/src/Illuminate/Foundation/Application.php(1229): Illuminate/Foundation/Http/Kernel->terminate(Object(Illuminate/Http/Request), Object(Illuminate/Http/Response))
#19 D:/Website-monitoring/public/index.php(20): Illuminate/Foundation/Application->handleRequest(Object(Illuminate/Http/Request))
#20 D:/Website-monitoring/vendor/laravel/framework/src/Illuminate/Foundation/resources/server.php(23): require_once('D://Website-moni...')
#21 {main}
"} 
[2026-09-14 02:19:01] production.ERROR: Uncaught ErrorException: Cannot modify header information - headers already sent by (output started at D:\Website-monitoring\vendor\symfony\http-foundation\Response.php:393) in D:\Website-monitoring\vendor\symfony\http-foundation\Response.php:328
Stack trace:
#0 D:\Website-monitoring\vendor\laravel\framework\src\Illuminate\Foundation\Bootstrap\HandleExceptions.php(265): Illuminate\Foundation\Bootstrap\HandleExceptions->handleError(2, 'Cannot modify h...', 'D:\\Website-moni...', 328)
#1 [internal function]: Illuminate\Foundation\Bootstrap\HandleExceptions->{closure:Illuminate\Foundation\Bootstrap\HandleExceptions::forwardsTo():264}(2, 'Cannot modify h...', 'D:\\Website-moni...', 328)
#2 D:\Website-monitoring\vendor\symfony\http-foundation\Response.php(328): header('HTTP/1.1 500 In...', true, 500)
#3 D:\Website-monitoring\vendor\symfony\http-foundation\Response.php(407): Symfony\Component\HttpFoundation\Response->sendHeaders()
#4 D:\Website-monitoring\vendor\laravel\framework\src\Illuminate\Foundation\Bootstrap\HandleExceptions.php(228): Symfony\Component\HttpFoundation\Response->send()
#5 D:\Website-monitoring\vendor\laravel\framework\src\Illuminate\Foundation\Bootstrap\HandleExceptions.php(205): Illuminate\Foundation\Bootstrap\HandleExceptions->renderHttpResponse(Object(Illuminate\Encryption\MissingAppKeyException))
#6 D:\Website-monitoring\vendor\laravel\framework\src\Illuminate\Foundation\Bootstrap\HandleExceptions.php(265): Illuminate\Foundation\Bootstrap\HandleExceptions->handleException(Object(Illuminate\Encryption\MissingAppKeyException))
#7 [internal function]: Illuminate\Foundation\Bootstrap\HandleExceptions->{closure:Illuminate\Foundation\Bootstrap\HandleExceptions::forwardsTo():264}(Object(Illuminate\Encryption\MissingAppKeyException))
#8 {main}
  thrown {"exception":"[object] (Symfony\\Component\\ErrorHandler\\Error\\FatalError(code: 0): Uncaught ErrorException: Cannot modify header information - headers already sent by (output started at D:\\Website-monitoring\\vendor\\symfony\\http-foundation\\Response.php:393) in D:\\Website-monitoring\\vendor\\symfony\\http-foundation\\Response.php:328
Stack trace:
#0 D:\\Website-monitoring\\vendor\\laravel\\framework\\src\\Illuminate\\Foundation\\Bootstrap\\HandleExceptions.php(265): Illuminate\\Foundation\\Bootstrap\\HandleExceptions->handleError(2, 'Cannot modify h...', 'D:\\\\Website-moni...', 328)
#1 [internal function]: Illuminate\\Foundation\\Bootstrap\\HandleExceptions->{closure:Illuminate\\Foundation\\Bootstrap\\HandleExceptions::forwardsTo():264}(2, 'Cannot modify h...', 'D:\\\\Website-moni...', 328)
#2 D:\\Website-monitoring\\vendor\\symfony\\http-foundation\\Response.php(328): header('HTTP/1.1 500 In...', true, 500)
#3 D:\\Website-monitoring\\vendor\\symfony\\http-foundation\\Response.php(407): Symfony\\Component\\HttpFoundation\\Response->sendHeaders()
#4 D:\\Website-monitoring\\vendor\\laravel\\framework\\src\\Illuminate\\Foundation\\Bootstrap\\HandleExceptions.php(228): Symfony\\Component\\HttpFoundation\\Response->send()
#5 D:\\Website-monitoring\\vendor\\laravel\\framework\\src\\Illuminate\\Foundation\\Bootstrap\\HandleExceptions.php(205): Illuminate\\Foundation\\Bootstrap\\HandleExceptions->renderHttpResponse(Object(Illuminate\\Encryption\\MissingAppKeyException))
#6 D:\\Website-monitoring\\vendor\\laravel\\framework\\src\\Illuminate\\Foundation\\Bootstrap\\HandleExceptions.php(265): Illuminate\\Foundation\\Bootstrap\\HandleExceptions->handleException(Object(Illuminate\\Encryption\\MissingAppKeyException))
#7 [internal function]: Illuminate\\Foundation\\Bootstrap\\HandleExceptions->{closure:Illuminate\\Foundation\\Bootstrap\\HandleExceptions::forwardsTo():264}(Object(Illuminate\\Encryption\\MissingAppKeyException))
#8 {main}
  thrown at D:/Website-monitoring/vendor/symfony/http-foundation/Response.php:328)
[stacktrace]
#0 {main}
"} 
[2026-09-14 02:19:02] production.ERROR: No application encryption key has been specified. {"exception":"[object] (Illuminate\\Encryption\\MissingAppKeyException(code: 0): No application encryption key has been specified. at D:/Website-monitoring/vendor/laravel/framework/src/Illuminate/Encryption/EncryptionServiceProvider.php:83)
[stacktrace]
#0 D:/Website-monitoring/vendor/laravel/framework/src/Illuminate/Support/helpers.php(393): Illuminate/Encryption/EncryptionServiceProvider->{closure:Illuminate/Encryption/EncryptionServiceProvider::key():81}(NULL)
#1 D:/Website-monitoring/vendor/laravel/framework/src/Illuminate/Encryption/EncryptionServiceProvider.php(81): tap(NULL, Object(Closure))
#2 D:/Website-monitoring/vendor/laravel/framework/src/Illuminate/Encryption/EncryptionServiceProvider.php(64): Illuminate/Encryption/EncryptionServiceProvider->key(Array)
#3 D:/Website-monitoring/vendor/laravel/framework/src/Illuminate/Encryption/EncryptionServiceProvider.php(32): Illuminate/Encryption/EncryptionServiceProvider->parseKey(Array)
#4 D:/Website-monitoring/vendor/laravel/framework/src/Illuminate/Container/Container.php(1140): Illuminate/Encryption/EncryptionServiceProvider->{closure:Illuminate/Encryption/EncryptionServiceProvider::registerEncrypter():29}(Object(Illuminate/Foundation/Application), Array)
#5 D:/Website-monitoring/vendor/laravel/framework/src/Illuminate/Container/Container.php(939): Illuminate/Container/Container->build(Object(Closure))
#6 D:/Website-monitoring/vendor/laravel/framework/src/Illuminate/Foundation/Application.php(1085): Illuminate/Container/Container->resolve('encrypter', Array, true)
#7 D:/Website-monitoring/vendor/laravel/framework/src/Illuminate/Container/Container.php(867): Illuminate/Foundation/Application->resolve('encrypter', Array)
#8 D:/Website-monitoring/vendor/laravel/framework/src/Illuminate/Foundation/Application.php(1065): Illuminate/Container/Container->make('encrypter', Array)
#9 D:/Website-monitoring/vendor/laravel/framework/src/Illuminate/Container/Container.php(1363): Illuminate/Foundation/Application->make('encrypter')
#10 D:/Website-monitoring/vendor/laravel/framework/src/Illuminate/Container/Container.php(1264): Illuminate/Container/Container->resolveClass(Object(ReflectionParameter), 'Illuminate//Cont...')
#11 D:/Website-monitoring/vendor/laravel/framework/src/Illuminate/Container/Container.php(1187): Illuminate/Container/Container->resolveDependencies(Array)
#12 D:/Website-monitoring/vendor/laravel/framework/src/Illuminate/Container/Container.php(939): Illuminate/Container/Container->build('Illuminate//Cook...')
#13 D:/Website-monitoring/vendor/laravel/framework/src/Illuminate/Foundation/Application.php(1085): Illuminate/Container/Container->resolve('Illuminate//Cook...', Array, true)
#14 D:/Website-monitoring/vendor/laravel/framework/src/Illuminate/Container/Container.php(867): Illuminate/Foundation/Application->resolve('Illuminate//Cook...', Array)
#15 D:/Website-monitoring/vendor/laravel/framework/src/Illuminate/Foundation/Application.php(1065): Illuminate/Container/Container->make('Illuminate//Cook...', Array)
#16 D:/Website-monitoring/vendor/laravel/framework/src/Illuminate/Pipeline/Pipeline.php(208): Illuminate/Foundation/Application->make('Illuminate//Cook...')
#17 D:/Website-monitoring/vendor/laravel/framework/src/Illuminate/Pipeline/Pipeline.php(137): Illuminate/Pipeline/Pipeline->{closure:{closure:Illuminate/Pipeline/Pipeline::carry():194}:195}(Object(Illuminate/Http/Request))
#18 D:/Website-monitoring/vendor/laravel/framework/src/Illuminate/Routing/Router.php(821): Illuminate/Pipeline/Pipeline->then(Object(Closure))
#19 D:/Website-monitoring/vendor/laravel/framework/src/Illuminate/Routing/Router.php(800): Illuminate/Routing/Router->runRouteWithinStack(Object(Illuminate/Routing/Route), Object(Illuminate/Http/Request))
#20 D:/Website-monitoring/vendor/laravel/framework/src/Illuminate/Routing/Router.php(764): Illuminate/Routing/Router->runRoute(Object(Illuminate/Http/Request), Object(Illuminate/Routing/Route))
#21 D:/Website-monitoring/vendor/laravel/framework/src/Illuminate/Routing/Router.php(753): Illuminate/Routing/Router->dispatchToRoute(Object(Illuminate/Http/Request))
#22 D:/Website-monitoring/vendor/laravel/framework/src/Illuminate/Foundation/Http/Kernel.php(200): Illuminate/Routing/Router->dispatch(Object(Illuminate/Http/Request))
#23 D:/Website-monitoring/vendor/laravel/framework/src/Illuminate/Pipeline/Pipeline.php(180): Illuminate/Foundation/Http/Kernel->{closure:Illuminate/Foundation/Http/Kernel::dispatchToRouter():197}(Object(Illuminate/Http/Request))
#24 D:/Website-monitoring/app/Http/Middleware/SecurityHeaders.php(14): Illuminate/Pipeline/Pipeline->{closure:Illuminate/Pipeline/Pipeline::prepareDestination():178}(Object(Illuminate/Http/Request))
#25 D:/Website-monitoring/vendor/laravel/framework/src/Illuminate/Pipeline/Pipeline.php(219): App/Http/Middleware/SecurityHeaders->handle(Object(Illuminate/Http/Request), Object(Closure))
#26 D:/Website-monitoring/vendor/laravel/framework/src/Illuminate/Foundation/Http/Middleware/TransformsRequest.php(21): Illuminate/Pipeline/Pipeline->{closure:{closure:Illuminate/Pipeline/Pipeline::carry():194}:195}(Object(Illuminate/Http/Request))
#27 D:/Website-monitoring/vendor/laravel/framework/src/Illuminate/Foundation/Http/Middleware/ConvertEmptyStringsToNull.php(31): Illuminate/Foundation/Http/Middleware/TransformsRequest->handle(Object(Illuminate/Http/Request), Object(Closure))
#28 D:/Website-monitoring/vendor/laravel/framework/src/Illuminate/Pipeline/Pipeline.php(219): Illuminate/Foundation/Http/Middleware/ConvertEmptyStringsToNull->handle(Object(Illuminate/Http/Request), Object(Closure))
#29 D:/Website-monitoring/vendor/laravel/framework/src/Illuminate/Foundation/Http/Middleware/TransformsRequest.php(21): Illuminate/Pipeline/Pipeline->{closure:{closure:Illuminate/Pipeline/Pipeline::carry():194}:195}(Object(Illuminate/Http/Request))
#30 D:/Website-monitoring/vendor/laravel/framework/src/Illuminate/Foundation/Http/Middleware/TrimStrings.php(51): Illuminate/Foundation/Http/Middleware/TransformsRequest->handle(Object(Illuminate/Http/Request), Object(Closure))
#31 D:/Website-monitoring/vendor/laravel/framework/src/Illuminate/Pipeline/Pipeline.php(219): Illuminate/Foundation/Http/Middleware/TrimStrings->handle(Object(Illuminate/Http/Request), Object(Closure))
#32 D:/Website-monitoring/vendor/laravel/framework/src/Illuminate/Http/Middleware/ValidatePostSize.php(27): Illuminate/Pipeline/Pipeline->{closure:{closure:Illuminate/Pipeline/Pipeline::carry():194}:195}(Object(Illuminate/Http/Request))
#33 D:/Website-monitoring/vendor/laravel/framework/src/Illuminate/Pipeline/Pipeline.php(219): Illuminate/Http/Middleware/ValidatePostSize->handle(Object(Illuminate/Http/Request), Object(Closure))
#34 D:/Website-monitoring/vendor/laravel/framework/src/Illuminate/Foundation/Http/Middleware/PreventRequestsDuringMaintenance.php(110): Illuminate/Pipeline/Pipeline->{closure:{closure:Illuminate/Pipeline/Pipeline::carry():194}:195}(Object(Illuminate/Http/Request))
#35 D:/Website-monitoring/vendor/laravel/framework/src/Illuminate/Pipeline/Pipeline.php(219): Illuminate/Foundation/Http/Middleware/PreventRequestsDuringMaintenance->handle(Object(Illuminate/Http/Request), Object(Closure))
#36 D:/Website-monitoring/vendor/laravel/framework/src/Illuminate/Http/Middleware/HandleCors.php(61): Illuminate/Pipeline/Pipeline->{closure:{closure:Illuminate/Pipeline/Pipeline::carry():194}:195}(Object(Illuminate/Http/Request))
#37 D:/Website-monitoring/vendor/laravel/framework/src/Illuminate/Pipeline/Pipeline.php(219): Illuminate/Http/Middleware/HandleCors->handle(Object(Illuminate/Http/Request), Object(Closure))
#38 D:/Website-monitoring/vendor/laravel/framework/src/Illuminate/Http/Middleware/TrustProxies.php(58): Illuminate/Pipeline/Pipeline->{closure:{closure:Illuminate/Pipeline/Pipeline::carry():194}:195}(Object(Illuminate/Http/Request))
#39 D:/Website-monitoring/vendor/laravel/framework/src/Illuminate/Pipeline/Pipeline.php(219): Illuminate/Http/Middleware/TrustProxies->handle(Object(Illuminate/Http/Request), Object(Closure))
#40 D:/Website-monitoring/vendor/laravel/framework/src/Illuminate/Foundation/Http/Middleware/InvokeDeferredCallbacks.php(22): Illuminate/Pipeline/Pipeline->{closure:{closure:Illuminate/Pipeline/Pipeline::carry():194}:195}(Object(Illuminate/Http/Request))
#41 D:/Website-monitoring/vendor/laravel/framework/src/Illuminate/Pipeline/Pipeline.php(219): Illuminate/Foundation/Http/Middleware/InvokeDeferredCallbacks->handle(Object(Illuminate/Http/Request), Object(Closure))
#42 D:/Website-monitoring/vendor/laravel/framework/src/Illuminate/Http/Middleware/ValidatePathEncoding.php(28): Illuminate/Pipeline/Pipeline->{closure:{closure:Illuminate/Pipeline/Pipeline::carry():194}:195}(Object(Illuminate/Http/Request))
#43 D:/Website-monitoring/vendor/laravel/framework/src/Illuminate/Pipeline/Pipeline.php(219): Illuminate/Http/Middleware/ValidatePathEncoding->handle(Object(Illuminate/Http/Request), Object(Closure))
#44 D:/Website-monitoring/vendor/laravel/framework/src/Illuminate/Pipeline/Pipeline.php(137): Illuminate/Pipeline/Pipeline->{closure:{closure:Illuminate/Pipeline/Pipeline::carry():194}:195}(Object(Illuminate/Http/Request))
#45 D:/Website-monitoring/vendor/laravel/framework/src/Illuminate/Foundation/Http/Kernel.php(175): Illuminate/Pipeline/Pipeline->then(Object(Closure))
#46 D:/Website-monitoring/vendor/laravel/framework/src/Illuminate/Foundation/Http/Kernel.php(144): Illuminate/Foundation/Http/Kernel->sendRequestThroughRouter(Object(Illuminate/Http/Request))
#47 D:/Website-monitoring/vendor/laravel/framework/src/Illuminate/Foundation/Application.php(1227): Illuminate/Foundation/Http/Kernel->handle(Object(Illuminate/Http/Request))
#48 D:/Website-monitoring/public/index.php(20): Illuminate/Foundation/Application->handleRequest(Object(Illuminate/Http/Request))
#49 D:/Website-monitoring/vendor/laravel/framework/src/Illuminate/Foundation/resources/server.php(23): require_once('D://Website-moni...')
#50 {main}
"} 
[2026-09-14 02:19:02] production.ERROR: No application encryption key has been specified. {"exception":"[object] (Illuminate\\Encryption\\MissingAppKeyException(code: 0): No application encryption key has been specified. at D:/Website-monitoring/vendor/laravel/framework/src/Illuminate/Encryption/EncryptionServiceProvider.php:83)
[stacktrace]
#0 D:/Website-monitoring/vendor/laravel/framework/src/Illuminate/Support/helpers.php(393): Illuminate/Encryption/EncryptionServiceProvider->{closure:Illuminate/Encryption/EncryptionServiceProvider::key():81}(NULL)
#1 D:/Website-monitoring/vendor/laravel/framework/src/Illuminate/Encryption/EncryptionServiceProvider.php(81): tap(NULL, Object(Closure))
#2 D:/Website-monitoring/vendor/laravel/framework/src/Illuminate/Encryption/EncryptionServiceProvider.php(64): Illuminate/Encryption/EncryptionServiceProvider->key(Array)
#3 D:/Website-monitoring/vendor/laravel/framework/src/Illuminate/Encryption/EncryptionServiceProvider.php(32): Illuminate/Encryption/EncryptionServiceProvider->parseKey(Array)
#4 D:/Website-monitoring/vendor/laravel/framework/src/Illuminate/Container/Container.php(1140): Illuminate/Encryption/EncryptionServiceProvider->{closure:Illuminate/Encryption/EncryptionServiceProvider::registerEncrypter():29}(Object(Illuminate/Foundation/Application), Array)
#5 D:/Website-monitoring/vendor/laravel/framework/src/Illuminate/Container/Container.php(939): Illuminate/Container/Container->build(Object(Closure))
#6 D:/Website-monitoring/vendor/laravel/framework/src/Illuminate/Foundation/Application.php(1085): Illuminate/Container/Container->resolve('encrypter', Array, true)
#7 D:/Website-monitoring/vendor/laravel/framework/src/Illuminate/Container/Container.php(867): Illuminate/Foundation/Application->resolve('encrypter', Array)
#8 D:/Website-monitoring/vendor/laravel/framework/src/Illuminate/Foundation/Application.php(1065): Illuminate/Container/Container->make('encrypter', Array)
#9 D:/Website-monitoring/vendor/laravel/framework/src/Illuminate/Container/Container.php(1363): Illuminate/Foundation/Application->make('encrypter')
#10 D:/Website-monitoring/vendor/laravel/framework/src/Illuminate/Container/Container.php(1264): Illuminate/Container/Container->resolveClass(Object(ReflectionParameter), 'Illuminate//Cont...')
#11 D:/Website-monitoring/vendor/laravel/framework/src/Illuminate/Container/Container.php(1187): Illuminate/Container/Container->resolveDependencies(Array)
#12 D:/Website-monitoring/vendor/laravel/framework/src/Illuminate/Container/Container.php(939): Illuminate/Container/Container->build('Illuminate//Cook...')
#13 D:/Website-monitoring/vendor/laravel/framework/src/Illuminate/Foundation/Application.php(1085): Illuminate/Container/Container->resolve('Illuminate//Cook...', Array, true)
#14 D:/Website-monitoring/vendor/laravel/framework/src/Illuminate/Container/Container.php(867): Illuminate/Foundation/Application->resolve('Illuminate//Cook...', Array)
#15 D:/Website-monitoring/vendor/laravel/framework/src/Illuminate/Foundation/Application.php(1065): Illuminate/Container/Container->make('Illuminate//Cook...', Array)
#16 D:/Website-monitoring/vendor/laravel/framework/src/Illuminate/Pipeline/Pipeline.php(208): Illuminate/Foundation/Application->make('Illuminate//Cook...')
#17 D:/Website-monitoring/vendor/laravel/framework/src/Illuminate/Pipeline/Pipeline.php(137): Illuminate/Pipeline/Pipeline->{closure:{closure:Illuminate/Pipeline/Pipeline::carry():194}:195}(Object(Illuminate/Http/Request))
#18 D:/Website-monitoring/vendor/laravel/framework/src/Illuminate/Routing/Router.php(821): Illuminate/Pipeline/Pipeline->then(Object(Closure))
#19 D:/Website-monitoring/vendor/laravel/framework/src/Illuminate/Routing/Router.php(800): Illuminate/Routing/Router->runRouteWithinStack(Object(Illuminate/Routing/Route), Object(Illuminate/Http/Request))
#20 D:/Website-monitoring/vendor/laravel/framework/src/Illuminate/Routing/Router.php(764): Illuminate/Routing/Router->runRoute(Object(Illuminate/Http/Request), Object(Illuminate/Routing/Route))
#21 D:/Website-monitoring/vendor/laravel/framework/src/Illuminate/Routing/Router.php(753): Illuminate/Routing/Router->dispatchToRoute(Object(Illuminate/Http/Request))
#22 D:/Website-monitoring/vendor/laravel/framework/src/Illuminate/Foundation/Http/Kernel.php(200): Illuminate/Routing/Router->dispatch(Object(Illuminate/Http/Request))
#23 D:/Website-monitoring/vendor/laravel/framework/src/Illuminate/Pipeline/Pipeline.php(180): Illuminate/Foundation/Http/Kernel->{closure:Illuminate/Foundation/Http/Kernel::dispatchToRouter():197}(Object(Illuminate/Http/Request))
#24 D:/Website-monitoring/app/Http/Middleware/SecurityHeaders.php(14): Illuminate/Pipeline/Pipeline->{closure:Illuminate/Pipeline/Pipeline::prepareDestination():178}(Object(Illuminate/Http/Request))
#25 D:/Website-monitoring/vendor/laravel/framework/src/Illuminate/Pipeline/Pipeline.php(219): App/Http/Middleware/SecurityHeaders->handle(Object(Illuminate/Http/Request), Object(Closure))
#26 D:/Website-monitoring/vendor/laravel/framework/src/Illuminate/Foundation/Http/Middleware/TransformsRequest.php(21): Illuminate/Pipeline/Pipeline->{closure:{closure:Illuminate/Pipeline/Pipeline::carry():194}:195}(Object(Illuminate/Http/Request))
#27 D:/Website-monitoring/vendor/laravel/framework/src/Illuminate/Foundation/Http/Middleware/ConvertEmptyStringsToNull.php(31): Illuminate/Foundation/Http/Middleware/TransformsRequest->handle(Object(Illuminate/Http/Request), Object(Closure))
#28 D:/Website-monitoring/vendor/laravel/framework/src/Illuminate/Pipeline/Pipeline.php(219): Illuminate/Foundation/Http/Middleware/ConvertEmptyStringsToNull->handle(Object(Illuminate/Http/Request), Object(Closure))
#29 D:/Website-monitoring/vendor/laravel/framework/src/Illuminate/Foundation/Http/Middleware/TransformsRequest.php(21): Illuminate/Pipeline/Pipeline->{closure:{closure:Illuminate/Pipeline/Pipeline::carry():194}:195}(Object(Illuminate/Http/Request))
#30 D:/Website-monitoring/vendor/laravel/framework/src/Illuminate/Foundation/Http/Middleware/TrimStrings.php(51): Illuminate/Foundation/Http/Middleware/TransformsRequest->handle(Object(Illuminate/Http/Request), Object(Closure))
#31 D:/Website-monitoring/vendor/laravel/framework/src/Illuminate/Pipeline/Pipeline.php(219): Illuminate/Foundation/Http/Middleware/TrimStrings->handle(Object(Illuminate/Http/Request), Object(Closure))
#32 D:/Website-monitoring/vendor/laravel/framework/src/Illuminate/Http/Middleware/ValidatePostSize.php(27): Illuminate/Pipeline/Pipeline->{closure:{closure:Illuminate/Pipeline/Pipeline::carry():194}:195}(Object(Illuminate/Http/Request))
#33 D:/Website-monitoring/vendor/laravel/framework/src/Illuminate/Pipeline/Pipeline.php(219): Illuminate/Http/Middleware/ValidatePostSize->handle(Object(Illuminate/Http/Request), Object(Closure))
#34 D:/Website-monitoring/vendor/laravel/framework/src/Illuminate/Foundation/Http/Middleware/PreventRequestsDuringMaintenance.php(110): Illuminate/Pipeline/Pipeline->{closure:{closure:Illuminate/Pipeline/Pipeline::carry():194}:195}(Object(Illuminate/Http/Request))
#35 D:/Website-monitoring/vendor/laravel/framework/src/Illuminate/Pipeline/Pipeline.php(219): Illuminate/Foundation/Http/Middleware/PreventRequestsDuringMaintenance->handle(Object(Illuminate/Http/Request), Object(Closure))
#36 D:/Website-monitoring/vendor/laravel/framework/src/Illuminate/Http/Middleware/HandleCors.php(61): Illuminate/Pipeline/Pipeline->{closure:{closure:Illuminate/Pipeline/Pipeline::carry():194}:195}(Object(Illuminate/Http/Request))
#37 D:/Website-monitoring/vendor/laravel/framework/src/Illuminate/Pipeline/Pipeline.php(219): Illuminate/Http/Middleware/HandleCors->handle(Object(Illuminate/Http/Request), Object(Closure))
#38 D:/Website-monitoring/vendor/laravel/framework/src/Illuminate/Http/Middleware/TrustProxies.php(58): Illuminate/Pipeline/Pipeline->{closure:{closure:Illuminate/Pipeline/Pipeline::carry():194}:195}(Object(Illuminate/Http/Request))
#39 D:/Website-monitoring/vendor/laravel/framework/src/Illuminate/Pipeline/Pipeline.php(219): Illuminate/Http/Middleware/TrustProxies->handle(Object(Illuminate/Http/Request), Object(Closure))
#40 D:/Website-monitoring/vendor/laravel/framework/src/Illuminate/Foundation/Http/Middleware/InvokeDeferredCallbacks.php(22): Illuminate/Pipeline/Pipeline->{closure:{closure:Illuminate/Pipeline/Pipeline::carry():194}:195}(Object(Illuminate/Http/Request))
#41 D:/Website-monitoring/vendor/laravel/framework/src/Illuminate/Pipeline/Pipeline.php(219): Illuminate/Foundation/Http/Middleware/InvokeDeferredCallbacks->handle(Object(Illuminate/Http/Request), Object(Closure))
#42 D:/Website-monitoring/vendor/laravel/framework/src/Illuminate/Http/Middleware/ValidatePathEncoding.php(28): Illuminate/Pipeline/Pipeline->{closure:{closure:Illuminate/Pipeline/Pipeline::carry():194}:195}(Object(Illuminate/Http/Request))
#43 D:/Website-monitoring/vendor/laravel/framework/src/Illuminate/Pipeline/Pipeline.php(219): Illuminate/Http/Middleware/ValidatePathEncoding->handle(Object(Illuminate/Http/Request), Object(Closure))
#44 D:/Website-monitoring/vendor/laravel/framework/src/Illuminate/Pipeline/Pipeline.php(137): Illuminate/Pipeline/Pipeline->{closure:{closure:Illuminate/Pipeline/Pipeline::carry():194}:195}(Object(Illuminate/Http/Request))
#45 D:/Website-monitoring/vendor/laravel/framework/src/Illuminate/Foundation/Http/Kernel.php(175): Illuminate/Pipeline/Pipeline->then(Object(Closure))
#46 D:/Website-monitoring/vendor/laravel/framework/src/Illuminate/Foundation/Http/Kernel.php(144): Illuminate/Foundation/Http/Kernel->sendRequestThroughRouter(Object(Illuminate/Http/Request))
#47 D:/Website-monitoring/vendor/laravel/framework/src/Illuminate/Foundation/Application.php(1227): Illuminate/Foundation/Http/Kernel->handle(Object(Illuminate/Http/Request))
#48 D:/Website-monitoring/public/index.php(20): Illuminate/Foundation/Application->handleRequest(Object(Illuminate/Http/Request))
#49 D:/Website-monitoring/vendor/laravel/framework/src/Illuminate/Foundation/resources/server.php(23): require_once('D://Website-moni...')
#50 {main}
"} 
[2026-09-14 02:19:02] production.ERROR: No application encryption key has been specified. {"exception":"[object] (Illuminate\\Encryption\\MissingAppKeyException(code: 0): No application encryption key has been specified. at D:/Website-monitoring/vendor/laravel/framework/src/Illuminate/Encryption/EncryptionServiceProvider.php:83)
[stacktrace]
#0 D:/Website-monitoring/vendor/laravel/framework/src/Illuminate/Support/helpers.php(393): Illuminate/Encryption/EncryptionServiceProvider->{closure:Illuminate/Encryption/EncryptionServiceProvider::key():81}(NULL)
#1 D:/Website-monitoring/vendor/laravel/framework/src/Illuminate/Encryption/EncryptionServiceProvider.php(81): tap(NULL, Object(Closure))
#2 D:/Website-monitoring/vendor/laravel/framework/src/Illuminate/Encryption/EncryptionServiceProvider.php(64): Illuminate/Encryption/EncryptionServiceProvider->key(Array)
#3 D:/Website-monitoring/vendor/laravel/framework/src/Illuminate/Encryption/EncryptionServiceProvider.php(32): Illuminate/Encryption/EncryptionServiceProvider->parseKey(Array)
#4 D:/Website-monitoring/vendor/laravel/framework/src/Illuminate/Container/Container.php(1140): Illuminate/Encryption/EncryptionServiceProvider->{closure:Illuminate/Encryption/EncryptionServiceProvider::registerEncrypter():29}(Object(Illuminate/Foundation/Application), Array)
#5 D:/Website-monitoring/vendor/laravel/framework/src/Illuminate/Container/Container.php(939): Illuminate/Container/Container->build(Object(Closure))
#6 D:/Website-monitoring/vendor/laravel/framework/src/Illuminate/Foundation/Application.php(1085): Illuminate/Container/Container->resolve('encrypter', Array, true)
#7 D:/Website-monitoring/vendor/laravel/framework/src/Illuminate/Container/Container.php(867): Illuminate/Foundation/Application->resolve('encrypter', Array)
#8 D:/Website-monitoring/vendor/laravel/framework/src/Illuminate/Foundation/Application.php(1065): Illuminate/Container/Container->make('encrypter', Array)
#9 D:/Website-monitoring/vendor/laravel/framework/src/Illuminate/Container/Container.php(1363): Illuminate/Foundation/Application->make('encrypter')
#10 D:/Website-monitoring/vendor/laravel/framework/src/Illuminate/Container/Container.php(1264): Illuminate/Container/Container->resolveClass(Object(ReflectionParameter), 'Illuminate//Cont...')
#11 D:/Website-monitoring/vendor/laravel/framework/src/Illuminate/Container/Container.php(1187): Illuminate/Container/Container->resolveDependencies(Array)
#12 D:/Website-monitoring/vendor/laravel/framework/src/Illuminate/Container/Container.php(939): Illuminate/Container/Container->build('Illuminate//Cook...')
#13 D:/Website-monitoring/vendor/laravel/framework/src/Illuminate/Foundation/Application.php(1085): Illuminate/Container/Container->resolve('Illuminate//Cook...', Array, true)
#14 D:/Website-monitoring/vendor/laravel/framework/src/Illuminate/Container/Container.php(867): Illuminate/Foundation/Application->resolve('Illuminate//Cook...', Array)
#15 D:/Website-monitoring/vendor/laravel/framework/src/Illuminate/Foundation/Application.php(1065): Illuminate/Container/Container->make('Illuminate//Cook...', Array)
#16 D:/Website-monitoring/vendor/laravel/framework/src/Illuminate/Pipeline/Pipeline.php(208): Illuminate/Foundation/Application->make('Illuminate//Cook...')
#17 D:/Website-monitoring/vendor/laravel/framework/src/Illuminate/Pipeline/Pipeline.php(137): Illuminate/Pipeline/Pipeline->{closure:{closure:Illuminate/Pipeline/Pipeline::carry():194}:195}(Object(Illuminate/Http/Request))
#18 D:/Website-monitoring/vendor/laravel/framework/src/Illuminate/Routing/Router.php(821): Illuminate/Pipeline/Pipeline->then(Object(Closure))
#19 D:/Website-monitoring/vendor/laravel/framework/src/Illuminate/Routing/Router.php(800): Illuminate/Routing/Router->runRouteWithinStack(Object(Illuminate/Routing/Route), Object(Illuminate/Http/Request))
#20 D:/Website-monitoring/vendor/laravel/framework/src/Illuminate/Routing/Router.php(764): Illuminate/Routing/Router->runRoute(Object(Illuminate/Http/Request), Object(Illuminate/Routing/Route))
#21 D:/Website-monitoring/vendor/laravel/framework/src/Illuminate/Routing/Router.php(753): Illuminate/Routing/Router->dispatchToRoute(Object(Illuminate/Http/Request))
#22 D:/Website-monitoring/vendor/laravel/framework/src/Illuminate/Foundation/Http/Kernel.php(200): Illuminate/Routing/Router->dispatch(Object(Illuminate/Http/Request))
#23 D:/Website-monitoring/vendor/laravel/framework/src/Illuminate/Pipeline/Pipeline.php(180): Illuminate/Foundation/Http/Kernel->{closure:Illuminate/Foundation/Http/Kernel::dispatchToRouter():197}(Object(Illuminate/Http/Request))
#24 D:/Website-monitoring/app/Http/Middleware/SecurityHeaders.php(14): Illuminate/Pipeline/Pipeline->{closure:Illuminate/Pipeline/Pipeline::prepareDestination():178}(Object(Illuminate/Http/Request))
#25 D:/Website-monitoring/vendor/laravel/framework/src/Illuminate/Pipeline/Pipeline.php(219): App/Http/Middleware/SecurityHeaders->handle(Object(Illuminate/Http/Request), Object(Closure))
#26 D:/Website-monitoring/vendor/laravel/framework/src/Illuminate/Foundation/Http/Middleware/TransformsRequest.php(21): Illuminate/Pipeline/Pipeline->{closure:{closure:Illuminate/Pipeline/Pipeline::carry():194}:195}(Object(Illuminate/Http/Request))
#27 D:/Website-monitoring/vendor/laravel/framework/src/Illuminate/Foundation/Http/Middleware/ConvertEmptyStringsToNull.php(31): Illuminate/Foundation/Http/Middleware/TransformsRequest->handle(Object(Illuminate/Http/Request), Object(Closure))
#28 D:/Website-monitoring/vendor/laravel/framework/src/Illuminate/Pipeline/Pipeline.php(219): Illuminate/Foundation/Http/Middleware/ConvertEmptyStringsToNull->handle(Object(Illuminate/Http/Request), Object(Closure))
#29 D:/Website-monitoring/vendor/laravel/framework/src/Illuminate/Foundation/Http/Middleware/TransformsRequest.php(21): Illuminate/Pipeline/Pipeline->{closure:{closure:Illuminate/Pipeline/Pipeline::carry():194}:195}(Object(Illuminate/Http/Request))
#30 D:/Website-monitoring/vendor/laravel/framework/src/Illuminate/Foundation/Http/Middleware/TrimStrings.php(51): Illuminate/Foundation/Http/Middleware/TransformsRequest->handle(Object(Illuminate/Http/Request), Object(Closure))
#31 D:/Website-monitoring/vendor/laravel/framework/src/Illuminate/Pipeline/Pipeline.php(219): Illuminate/Foundation/Http/Middleware/TrimStrings->handle(Object(Illuminate/Http/Request), Object(Closure))
#32 D:/Website-monitoring/vendor/laravel/framework/src/Illuminate/Http/Middleware/ValidatePostSize.php(27): Illuminate/Pipeline/Pipeline->{closure:{closure:Illuminate/Pipeline/Pipeline::carry():194}:195}(Object(Illuminate/Http/Request))
#33 D:/Website-monitoring/vendor/laravel/framework/src/Illuminate/Pipeline/Pipeline.php(219): Illuminate/Http/Middleware/ValidatePostSize->handle(Object(Illuminate/Http/Request), Object(Closure))
#34 D:/Website-monitoring/vendor/laravel/framework/src/Illuminate/Foundation/Http/Middleware/PreventRequestsDuringMaintenance.php(110): Illuminate/Pipeline/Pipeline->{closure:{closure:Illuminate/Pipeline/Pipeline::carry():194}:195}(Object(Illuminate/Http/Request))
#35 D:/Website-monitoring/vendor/laravel/framework/src/Illuminate/Pipeline/Pipeline.php(219): Illuminate/Foundation/Http/Middleware/PreventRequestsDuringMaintenance->handle(Object(Illuminate/Http/Request), Object(Closure))
#36 D:/Website-monitoring/vendor/laravel/framework/src/Illuminate/Http/Middleware/HandleCors.php(61): Illuminate/Pipeline/Pipeline->{closure:{closure:Illuminate/Pipeline/Pipeline::carry():194}:195}(Object(Illuminate/Http/Request))
#37 D:/Website-monitoring/vendor/laravel/framework/src/Illuminate/Pipeline/Pipeline.php(219): Illuminate/Http/Middleware/HandleCors->handle(Object(Illuminate/Http/Request), Object(Closure))
#38 D:/Website-monitoring/vendor/laravel/framework/src/Illuminate/Http/Middleware/TrustProxies.php(58): Illuminate/Pipeline/Pipeline->{closure:{closure:Illuminate/Pipeline/Pipeline::carry():194}:195}(Object(Illuminate/Http/Request))
#39 D:/Website-monitoring/vendor/laravel/framework/src/Illuminate/Pipeline/Pipeline.php(219): Illuminate/Http/Middleware/TrustProxies->handle(Object(Illuminate/Http/Request), Object(Closure))
#40 D:/Website-monitoring/vendor/laravel/framework/src/Illuminate/Foundation/Http/Middleware/InvokeDeferredCallbacks.php(22): Illuminate/Pipeline/Pipeline->{closure:{closure:Illuminate/Pipeline/Pipeline::carry():194}:195}(Object(Illuminate/Http/Request))
#41 D:/Website-monitoring/vendor/laravel/framework/src/Illuminate/Pipeline/Pipeline.php(219): Illuminate/Foundation/Http/Middleware/InvokeDeferredCallbacks->handle(Object(Illuminate/Http/Request), Object(Closure))
#42 D:/Website-monitoring/vendor/laravel/framework/src/Illuminate/Http/Middleware/ValidatePathEncoding.php(28): Illuminate/Pipeline/Pipeline->{closure:{closure:Illuminate/Pipeline/Pipeline::carry():194}:195}(Object(Illuminate/Http/Request))
#43 D:/Website-monitoring/vendor/laravel/framework/src/Illuminate/Pipeline/Pipeline.php(219): Illuminate/Http/Middleware/ValidatePathEncoding->handle(Object(Illuminate/Http/Request), Object(Closure))
#44 D:/Website-monitoring/vendor/laravel/framework/src/Illuminate/Pipeline/Pipeline.php(137): Illuminate/Pipeline/Pipeline->{closure:{closure:Illuminate/Pipeline/Pipeline::carry():194}:195}(Object(Illuminate/Http/Request))
#45 D:/Website-monitoring/vendor/laravel/framework/src/Illuminate/Foundation/Http/Kernel.php(175): Illuminate/Pipeline/Pipeline->then(Object(Closure))
#46 D:/Website-monitoring/vendor/laravel/framework/src/Illuminate/Foundation/Http/Kernel.php(144): Illuminate/Foundation/Http/Kernel->sendRequestThroughRouter(Object(Illuminate/Http/Request))
#47 D:/Website-monitoring/vendor/laravel/framework/src/Illuminate/Foundation/Application.php(1227): Illuminate/Foundation/Http/Kernel->handle(Object(Illuminate/Http/Request))
#48 D:/Website-monitoring/public/index.php(20): Illuminate/Foundation/Application->handleRequest(Object(Illuminate/Http/Request))
#49 D:/Website-monitoring/vendor/laravel/framework/src/Illuminate/Foundation/resources/server.php(23): require_once('D://Website-moni...')
#50 {main}
"} 
[2026-09-14 02:19:03] production.ERROR: No application encryption key has been specified. {"exception":"[object] (Illuminate\\Encryption\\MissingAppKeyException(code: 0): No application encryption key has been specified. at D:/Website-monitoring/vendor/laravel/framework/src/Illuminate/Encryption/EncryptionServiceProvider.php:83)
[stacktrace]
#0 D:/Website-monitoring/vendor/laravel/framework/src/Illuminate/Support/helpers.php(393): Illuminate/Encryption/EncryptionServiceProvider->{closure:Illuminate/Encryption/EncryptionServiceProvider::key():81}(NULL)
#1 D:/Website-monitoring/vendor/laravel/framework/src/Illuminate/Encryption/EncryptionServiceProvider.php(81): tap(NULL, Object(Closure))
#2 D:/Website-monitoring/vendor/laravel/framework/src/Illuminate/Encryption/EncryptionServiceProvider.php(64): Illuminate/Encryption/EncryptionServiceProvider->key(Array)
#3 D:/Website-monitoring/vendor/laravel/framework/src/Illuminate/Encryption/EncryptionServiceProvider.php(32): Illuminate/Encryption/EncryptionServiceProvider->parseKey(Array)
#4 D:/Website-monitoring/vendor/laravel/framework/src/Illuminate/Container/Container.php(1140): Illuminate/Encryption/EncryptionServiceProvider->{closure:Illuminate/Encryption/EncryptionServiceProvider::registerEncrypter():29}(Object(Illuminate/Foundation/Application), Array)
#5 D:/Website-monitoring/vendor/laravel/framework/src/Illuminate/Container/Container.php(939): Illuminate/Container/Container->build(Object(Closure))
#6 D:/Website-monitoring/vendor/laravel/framework/src/Illuminate/Foundation/Application.php(1085): Illuminate/Container/Container->resolve('encrypter', Array, true)
#7 D:/Website-monitoring/vendor/laravel/framework/src/Illuminate/Container/Container.php(867): Illuminate/Foundation/Application->resolve('encrypter', Array)
#8 D:/Website-monitoring/vendor/laravel/framework/src/Illuminate/Foundation/Application.php(1065): Illuminate/Container/Container->make('encrypter', Array)
#9 D:/Website-monitoring/vendor/laravel/framework/src/Illuminate/Container/Container.php(1363): Illuminate/Foundation/Application->make('encrypter')
#10 D:/Website-monitoring/vendor/laravel/framework/src/Illuminate/Container/Container.php(1264): Illuminate/Container/Container->resolveClass(Object(ReflectionParameter), 'Illuminate//Cont...')
#11 D:/Website-monitoring/vendor/laravel/framework/src/Illuminate/Container/Container.php(1187): Illuminate/Container/Container->resolveDependencies(Array)
#12 D:/Website-monitoring/vendor/laravel/framework/src/Illuminate/Container/Container.php(939): Illuminate/Container/Container->build('Illuminate//Cook...')
#13 D:/Website-monitoring/vendor/laravel/framework/src/Illuminate/Foundation/Application.php(1085): Illuminate/Container/Container->resolve('Illuminate//Cook...', Array, true)
#14 D:/Website-monitoring/vendor/laravel/framework/src/Illuminate/Container/Container.php(867): Illuminate/Foundation/Application->resolve('Illuminate//Cook...', Array)
#15 D:/Website-monitoring/vendor/laravel/framework/src/Illuminate/Foundation/Application.php(1065): Illuminate/Container/Container->make('Illuminate//Cook...', Array)
#16 D:/Website-monitoring/vendor/laravel/framework/src/Illuminate/Pipeline/Pipeline.php(208): Illuminate/Foundation/Application->make('Illuminate//Cook...')
#17 D:/Website-monitoring/vendor/laravel/framework/src/Illuminate/Pipeline/Pipeline.php(137): Illuminate/Pipeline/Pipeline->{closure:{closure:Illuminate/Pipeline/Pipeline::carry():194}:195}(Object(Illuminate/Http/Request))
#18 D:/Website-monitoring/vendor/laravel/framework/src/Illuminate/Routing/Router.php(821): Illuminate/Pipeline/Pipeline->then(Object(Closure))
#19 D:/Website-monitoring/vendor/laravel/framework/src/Illuminate/Routing/Router.php(800): Illuminate/Routing/Router->runRouteWithinStack(Object(Illuminate/Routing/Route), Object(Illuminate/Http/Request))
#20 D:/Website-monitoring/vendor/laravel/framework/src/Illuminate/Routing/Router.php(764): Illuminate/Routing/Router->runRoute(Object(Illuminate/Http/Request), Object(Illuminate/Routing/Route))
#21 D:/Website-monitoring/vendor/laravel/framework/src/Illuminate/Routing/Router.php(753): Illuminate/Routing/Router->dispatchToRoute(Object(Illuminate/Http/Request))
#22 D:/Website-monitoring/vendor/laravel/framework/src/Illuminate/Foundation/Http/Kernel.php(200): Illuminate/Routing/Router->dispatch(Object(Illuminate/Http/Request))
#23 D:/Website-monitoring/vendor/laravel/framework/src/Illuminate/Pipeline/Pipeline.php(180): Illuminate/Foundation/Http/Kernel->{closure:Illuminate/Foundation/Http/Kernel::dispatchToRouter():197}(Object(Illuminate/Http/Request))
#24 D:/Website-monitoring/app/Http/Middleware/SecurityHeaders.php(14): Illuminate/Pipeline/Pipeline->{closure:Illuminate/Pipeline/Pipeline::prepareDestination():178}(Object(Illuminate/Http/Request))
#25 D:/Website-monitoring/vendor/laravel/framework/src/Illuminate/Pipeline/Pipeline.php(219): App/Http/Middleware/SecurityHeaders->handle(Object(Illuminate/Http/Request), Object(Closure))
#26 D:/Website-monitoring/vendor/laravel/framework/src/Illuminate/Foundation/Http/Middleware/TransformsRequest.php(21): Illuminate/Pipeline/Pipeline->{closure:{closure:Illuminate/Pipeline/Pipeline::carry():194}:195}(Object(Illuminate/Http/Request))
#27 D:/Website-monitoring/vendor/laravel/framework/src/Illuminate/Foundation/Http/Middleware/ConvertEmptyStringsToNull.php(31): Illuminate/Foundation/Http/Middleware/TransformsRequest->handle(Object(Illuminate/Http/Request), Object(Closure))
#28 D:/Website-monitoring/vendor/laravel/framework/src/Illuminate/Pipeline/Pipeline.php(219): Illuminate/Foundation/Http/Middleware/ConvertEmptyStringsToNull->handle(Object(Illuminate/Http/Request), Object(Closure))
#29 D:/Website-monitoring/vendor/laravel/framework/src/Illuminate/Foundation/Http/Middleware/TransformsRequest.php(21): Illuminate/Pipeline/Pipeline->{closure:{closure:Illuminate/Pipeline/Pipeline::carry():194}:195}(Object(Illuminate/Http/Request))
#30 D:/Website-monitoring/vendor/laravel/framework/src/Illuminate/Foundation/Http/Middleware/TrimStrings.php(51): Illuminate/Foundation/Http/Middleware/TransformsRequest->handle(Object(Illuminate/Http/Request), Object(Closure))
#31 D:/Website-monitoring/vendor/laravel/framework/src/Illuminate/Pipeline/Pipeline.php(219): Illuminate/Foundation/Http/Middleware/TrimStrings->handle(Object(Illuminate/Http/Request), Object(Closure))
#32 D:/Website-monitoring/vendor/laravel/framework/src/Illuminate/Http/Middleware/ValidatePostSize.php(27): Illuminate/Pipeline/Pipeline->{closure:{closure:Illuminate/Pipeline/Pipeline::carry():194}:195}(Object(Illuminate/Http/Request))
#33 D:/Website-monitoring/vendor/laravel/framework/src/Illuminate/Pipeline/Pipeline.php(219): Illuminate/Http/Middleware/ValidatePostSize->handle(Object(Illuminate/Http/Request), Object(Closure))
#34 D:/Website-monitoring/vendor/laravel/framework/src/Illuminate/Foundation/Http/Middleware/PreventRequestsDuringMaintenance.php(110): Illuminate/Pipeline/Pipeline->{closure:{closure:Illuminate/Pipeline/Pipeline::carry():194}:195}(Object(Illuminate/Http/Request))
#35 D:/Website-monitoring/vendor/laravel/framework/src/Illuminate/Pipeline/Pipeline.php(219): Illuminate/Foundation/Http/Middleware/PreventRequestsDuringMaintenance->handle(Object(Illuminate/Http/Request), Object(Closure))
#36 D:/Website-monitoring/vendor/laravel/framework/src/Illuminate/Http/Middleware/HandleCors.php(61): Illuminate/Pipeline/Pipeline->{closure:{closure:Illuminate/Pipeline/Pipeline::carry():194}:195}(Object(Illuminate/Http/Request))
#37 D:/Website-monitoring/vendor/laravel/framework/src/Illuminate/Pipeline/Pipeline.php(219): Illuminate/Http/Middleware/HandleCors->handle(Object(Illuminate/Http/Request), Object(Closure))
#38 D:/Website-monitoring/vendor/laravel/framework/src/Illuminate/Http/Middleware/TrustProxies.php(58): Illuminate/Pipeline/Pipeline->{closure:{closure:Illuminate/Pipeline/Pipeline::carry():194}:195}(Object(Illuminate/Http/Request))
#39 D:/Website-monitoring/vendor/laravel/framework/src/Illuminate/Pipeline/Pipeline.php(219): Illuminate/Http/Middleware/TrustProxies->handle(Object(Illuminate/Http/Request), Object(Closure))
#40 D:/Website-monitoring/vendor/laravel/framework/src/Illuminate/Foundation/Http/Middleware/InvokeDeferredCallbacks.php(22): Illuminate/Pipeline/Pipeline->{closure:{closure:Illuminate/Pipeline/Pipeline::carry():194}:195}(Object(Illuminate/Http/Request))
#41 D:/Website-monitoring/vendor/laravel/framework/src/Illuminate/Pipeline/Pipeline.php(219): Illuminate/Foundation/Http/Middleware/InvokeDeferredCallbacks->handle(Object(Illuminate/Http/Request), Object(Closure))
#42 D:/Website-monitoring/vendor/laravel/framework/src/Illuminate/Http/Middleware/ValidatePathEncoding.php(28): Illuminate/Pipeline/Pipeline->{closure:{closure:Illuminate/Pipeline/Pipeline::carry():194}:195}(Object(Illuminate/Http/Request))
#43 D:/Website-monitoring/vendor/laravel/framework/src/Illuminate/Pipeline/Pipeline.php(219): Illuminate/Http/Middleware/ValidatePathEncoding->handle(Object(Illuminate/Http/Request), Object(Closure))
#44 D:/Website-monitoring/vendor/laravel/framework/src/Illuminate/Pipeline/Pipeline.php(137): Illuminate/Pipeline/Pipeline->{closure:{closure:Illuminate/Pipeline/Pipeline::carry():194}:195}(Object(Illuminate/Http/Request))
#45 D:/Website-monitoring/vendor/laravel/framework/src/Illuminate/Foundation/Http/Kernel.php(175): Illuminate/Pipeline/Pipeline->then(Object(Closure))
#46 D:/Website-monitoring/vendor/laravel/framework/src/Illuminate/Foundation/Http/Kernel.php(144): Illuminate/Foundation/Http/Kernel->sendRequestThroughRouter(Object(Illuminate/Http/Request))
#47 D:/Website-monitoring/vendor/laravel/framework/src/Illuminate/Foundation/Application.php(1227): Illuminate/Foundation/Http/Kernel->handle(Object(Illuminate/Http/Request))
#48 D:/Website-monitoring/public/index.php(20): Illuminate/Foundation/Application->handleRequest(Object(Illuminate/Http/Request))
#49 D:/Website-monitoring/vendor/laravel/framework/src/Illuminate/Foundation/resources/server.php(23): require_once('D://Website-moni...')
#50 {main}
"} 
[2026-09-14 02:19:03] production.ERROR: No application encryption key has been specified. {"exception":"[object] (Illuminate\\Encryption\\MissingAppKeyException(code: 0): No application encryption key has been specified. at D:/Website-monitoring/vendor/laravel/framework/src/Illuminate/Encryption/EncryptionServiceProvider.php:83)
[stacktrace]
#0 D:/Website-monitoring/vendor/laravel/framework/src/Illuminate/Support/helpers.php(393): Illuminate/Encryption/EncryptionServiceProvider->{closure:Illuminate/Encryption/EncryptionServiceProvider::key():81}(NULL)
#1 D:/Website-monitoring/vendor/laravel/framework/src/Illuminate/Encryption/EncryptionServiceProvider.php(81): tap(NULL, Object(Closure))
#2 D:/Website-monitoring/vendor/laravel/framework/src/Illuminate/Encryption/EncryptionServiceProvider.php(64): Illuminate/Encryption/EncryptionServiceProvider->key(Array)
#3 D:/Website-monitoring/vendor/laravel/framework/src/Illuminate/Encryption/EncryptionServiceProvider.php(32): Illuminate/Encryption/EncryptionServiceProvider->parseKey(Array)
#4 D:/Website-monitoring/vendor/laravel/framework/src/Illuminate/Container/Container.php(1140): Illuminate/Encryption/EncryptionServiceProvider->{closure:Illuminate/Encryption/EncryptionServiceProvider::registerEncrypter():29}(Object(Illuminate/Foundation/Application), Array)
#5 D:/Website-monitoring/vendor/laravel/framework/src/Illuminate/Container/Container.php(939): Illuminate/Container/Container->build(Object(Closure))
#6 D:/Website-monitoring/vendor/laravel/framework/src/Illuminate/Foundation/Application.php(1085): Illuminate/Container/Container->resolve('encrypter', Array, true)
#7 D:/Website-monitoring/vendor/laravel/framework/src/Illuminate/Container/Container.php(867): Illuminate/Foundation/Application->resolve('encrypter', Array)
#8 D:/Website-monitoring/vendor/laravel/framework/src/Illuminate/Foundation/Application.php(1065): Illuminate/Container/Container->make('encrypter', Array)
#9 D:/Website-monitoring/vendor/laravel/framework/src/Illuminate/Container/Container.php(1363): Illuminate/Foundation/Application->make('encrypter')
#10 D:/Website-monitoring/vendor/laravel/framework/src/Illuminate/Container/Container.php(1264): Illuminate/Container/Container->resolveClass(Object(ReflectionParameter), 'Illuminate//Cont...')
#11 D:/Website-monitoring/vendor/laravel/framework/src/Illuminate/Container/Container.php(1187): Illuminate/Container/Container->resolveDependencies(Array)
#12 D:/Website-monitoring/vendor/laravel/framework/src/Illuminate/Container/Container.php(939): Illuminate/Container/Container->build('Illuminate//Cook...')
#13 D:/Website-monitoring/vendor/laravel/framework/src/Illuminate/Foundation/Application.php(1085): Illuminate/Container/Container->resolve('Illuminate//Cook...', Array, true)
#14 D:/Website-monitoring/vendor/laravel/framework/src/Illuminate/Container/Container.php(867): Illuminate/Foundation/Application->resolve('Illuminate//Cook...', Array)
#15 D:/Website-monitoring/vendor/laravel/framework/src/Illuminate/Foundation/Application.php(1065): Illuminate/Container/Container->make('Illuminate//Cook...', Array)
#16 D:/Website-monitoring/vendor/laravel/framework/src/Illuminate/Pipeline/Pipeline.php(208): Illuminate/Foundation/Application->make('Illuminate//Cook...')
#17 D:/Website-monitoring/vendor/laravel/framework/src/Illuminate/Pipeline/Pipeline.php(137): Illuminate/Pipeline/Pipeline->{closure:{closure:Illuminate/Pipeline/Pipeline::carry():194}:195}(Object(Illuminate/Http/Request))
#18 D:/Website-monitoring/vendor/laravel/framework/src/Illuminate/Routing/Router.php(821): Illuminate/Pipeline/Pipeline->then(Object(Closure))
#19 D:/Website-monitoring/vendor/laravel/framework/src/Illuminate/Routing/Router.php(800): Illuminate/Routing/Router->runRouteWithinStack(Object(Illuminate/Routing/Route), Object(Illuminate/Http/Request))
#20 D:/Website-monitoring/vendor/laravel/framework/src/Illuminate/Routing/Router.php(764): Illuminate/Routing/Router->runRoute(Object(Illuminate/Http/Request), Object(Illuminate/Routing/Route))
#21 D:/Website-monitoring/vendor/laravel/framework/src/Illuminate/Routing/Router.php(753): Illuminate/Routing/Router->dispatchToRoute(Object(Illuminate/Http/Request))
#22 D:/Website-monitoring/vendor/laravel/framework/src/Illuminate/Foundation/Http/Kernel.php(200): Illuminate/Routing/Router->dispatch(Object(Illuminate/Http/Request))
#23 D:/Website-monitoring/vendor/laravel/framework/src/Illuminate/Pipeline/Pipeline.php(180): Illuminate/Foundation/Http/Kernel->{closure:Illuminate/Foundation/Http/Kernel::dispatchToRouter():197}(Object(Illuminate/Http/Request))
#24 D:/Website-monitoring/app/Http/Middleware/SecurityHeaders.php(14): Illuminate/Pipeline/Pipeline->{closure:Illuminate/Pipeline/Pipeline::prepareDestination():178}(Object(Illuminate/Http/Request))
#25 D:/Website-monitoring/vendor/laravel/framework/src/Illuminate/Pipeline/Pipeline.php(219): App/Http/Middleware/SecurityHeaders->handle(Object(Illuminate/Http/Request), Object(Closure))
#26 D:/Website-monitoring/vendor/laravel/framework/src/Illuminate/Foundation/Http/Middleware/TransformsRequest.php(21): Illuminate/Pipeline/Pipeline->{closure:{closure:Illuminate/Pipeline/Pipeline::carry():194}:195}(Object(Illuminate/Http/Request))
#27 D:/Website-monitoring/vendor/laravel/framework/src/Illuminate/Foundation/Http/Middleware/ConvertEmptyStringsToNull.php(31): Illuminate/Foundation/Http/Middleware/TransformsRequest->handle(Object(Illuminate/Http/Request), Object(Closure))
#28 D:/Website-monitoring/vendor/laravel/framework/src/Illuminate/Pipeline/Pipeline.php(219): Illuminate/Foundation/Http/Middleware/ConvertEmptyStringsToNull->handle(Object(Illuminate/Http/Request), Object(Closure))
#29 D:/Website-monitoring/vendor/laravel/framework/src/Illuminate/Foundation/Http/Middleware/TransformsRequest.php(21): Illuminate/Pipeline/Pipeline->{closure:{closure:Illuminate/Pipeline/Pipeline::carry():194}:195}(Object(Illuminate/Http/Request))
#30 D:/Website-monitoring/vendor/laravel/framework/src/Illuminate/Foundation/Http/Middleware/TrimStrings.php(51): Illuminate/Foundation/Http/Middleware/TransformsRequest->handle(Object(Illuminate/Http/Request), Object(Closure))
#31 D:/Website-monitoring/vendor/laravel/framework/src/Illuminate/Pipeline/Pipeline.php(219): Illuminate/Foundation/Http/Middleware/TrimStrings->handle(Object(Illuminate/Http/Request), Object(Closure))
#32 D:/Website-monitoring/vendor/laravel/framework/src/Illuminate/Http/Middleware/ValidatePostSize.php(27): Illuminate/Pipeline/Pipeline->{closure:{closure:Illuminate/Pipeline/Pipeline::carry():194}:195}(Object(Illuminate/Http/Request))
#33 D:/Website-monitoring/vendor/laravel/framework/src/Illuminate/Pipeline/Pipeline.php(219): Illuminate/Http/Middleware/ValidatePostSize->handle(Object(Illuminate/Http/Request), Object(Closure))
#34 D:/Website-monitoring/vendor/laravel/framework/src/Illuminate/Foundation/Http/Middleware/PreventRequestsDuringMaintenance.php(110): Illuminate/Pipeline/Pipeline->{closure:{closure:Illuminate/Pipeline/Pipeline::carry():194}:195}(Object(Illuminate/Http/Request))
#35 D:/Website-monitoring/vendor/laravel/framework/src/Illuminate/Pipeline/Pipeline.php(219): Illuminate/Foundation/Http/Middleware/PreventRequestsDuringMaintenance->handle(Object(Illuminate/Http/Request), Object(Closure))
#36 D:/Website-monitoring/vendor/laravel/framework/src/Illuminate/Http/Middleware/HandleCors.php(61): Illuminate/Pipeline/Pipeline->{closure:{closure:Illuminate/Pipeline/Pipeline::carry():194}:195}(Object(Illuminate/Http/Request))
#37 D:/Website-monitoring/vendor/laravel/framework/src/Illuminate/Pipeline/Pipeline.php(219): Illuminate/Http/Middleware/HandleCors->handle(Object(Illuminate/Http/Request), Object(Closure))
#38 D:/Website-monitoring/vendor/laravel/framework/src/Illuminate/Http/Middleware/TrustProxies.php(58): Illuminate/Pipeline/Pipeline->{closure:{closure:Illuminate/Pipeline/Pipeline::carry():194}:195}(Object(Illuminate/Http/Request))
#39 D:/Website-monitoring/vendor/laravel/framework/src/Illuminate/Pipeline/Pipeline.php(219): Illuminate/Http/Middleware/TrustProxies->handle(Object(Illuminate/Http/Request), Object(Closure))
#40 D:/Website-monitoring/vendor/laravel/framework/src/Illuminate/Foundation/Http/Middleware/InvokeDeferredCallbacks.php(22): Illuminate/Pipeline/Pipeline->{closure:{closure:Illuminate/Pipeline/Pipeline::carry():194}:195}(Object(Illuminate/Http/Request))
#41 D:/Website-monitoring/vendor/laravel/framework/src/Illuminate/Pipeline/Pipeline.php(219): Illuminate/Foundation/Http/Middleware/InvokeDeferredCallbacks->handle(Object(Illuminate/Http/Request), Object(Closure))
#42 D:/Website-monitoring/vendor/laravel/framework/src/Illuminate/Http/Middleware/ValidatePathEncoding.php(28): Illuminate/Pipeline/Pipeline->{closure:{closure:Illuminate/Pipeline/Pipeline::carry():194}:195}(Object(Illuminate/Http/Request))
#43 D:/Website-monitoring/vendor/laravel/framework/src/Illuminate/Pipeline/Pipeline.php(219): Illuminate/Http/Middleware/ValidatePathEncoding->handle(Object(Illuminate/Http/Request), Object(Closure))
#44 D:/Website-monitoring/vendor/laravel/framework/src/Illuminate/Pipeline/Pipeline.php(137): Illuminate/Pipeline/Pipeline->{closure:{closure:Illuminate/Pipeline/Pipeline::carry():194}:195}(Object(Illuminate/Http/Request))
#45 D:/Website-monitoring/vendor/laravel/framework/src/Illuminate/Foundation/Http/Kernel.php(175): Illuminate/Pipeline/Pipeline->then(Object(Closure))
#46 D:/Website-monitoring/vendor/laravel/framework/src/Illuminate/Foundation/Http/Kernel.php(144): Illuminate/Foundation/Http/Kernel->sendRequestThroughRouter(Object(Illuminate/Http/Request))
#47 D:/Website-monitoring/vendor/laravel/framework/src/Illuminate/Foundation/Application.php(1227): Illuminate/Foundation/Http/Kernel->handle(Object(Illuminate/Http/Request))
#48 D:/Website-monitoring/public/index.php(20): Illuminate/Foundation/Application->handleRequest(Object(Illuminate/Http/Request))
#49 D:/Website-monitoring/vendor/laravel/framework/src/Illuminate/Foundation/resources/server.php(23): require_once('D://Website-moni...')
#50 {main}
"} 
[2026-09-14 02:19:03] production.ERROR: No application encryption key has been specified. {"exception":"[object] (Illuminate\\Encryption\\MissingAppKeyException(code: 0): No application encryption key has been specified. at D:/Website-monitoring/vendor/laravel/framework/src/Illuminate/Encryption/EncryptionServiceProvider.php:83)
[stacktrace]
#0 D:/Website-monitoring/vendor/laravel/framework/src/Illuminate/Support/helpers.php(393): Illuminate/Encryption/EncryptionServiceProvider->{closure:Illuminate/Encryption/EncryptionServiceProvider::key():81}(NULL)
#1 D:/Website-monitoring/vendor/laravel/framework/src/Illuminate/Encryption/EncryptionServiceProvider.php(81): tap(NULL, Object(Closure))
#2 D:/Website-monitoring/vendor/laravel/framework/src/Illuminate/Encryption/EncryptionServiceProvider.php(64): Illuminate/Encryption/EncryptionServiceProvider->key(Array)
#3 D:/Website-monitoring/vendor/laravel/framework/src/Illuminate/Encryption/EncryptionServiceProvider.php(32): Illuminate/Encryption/EncryptionServiceProvider->parseKey(Array)
#4 D:/Website-monitoring/vendor/laravel/framework/src/Illuminate/Container/Container.php(1140): Illuminate/Encryption/EncryptionServiceProvider->{closure:Illuminate/Encryption/EncryptionServiceProvider::registerEncrypter():29}(Object(Illuminate/Foundation/Application), Array)
#5 D:/Website-monitoring/vendor/laravel/framework/src/Illuminate/Container/Container.php(939): Illuminate/Container/Container->build(Object(Closure))
#6 D:/Website-monitoring/vendor/laravel/framework/src/Illuminate/Foundation/Application.php(1085): Illuminate/Container/Container->resolve('encrypter', Array, true)
#7 D:/Website-monitoring/vendor/laravel/framework/src/Illuminate/Container/Container.php(867): Illuminate/Foundation/Application->resolve('encrypter', Array)
#8 D:/Website-monitoring/vendor/laravel/framework/src/Illuminate/Foundation/Application.php(1065): Illuminate/Container/Container->make('encrypter', Array)
#9 D:/Website-monitoring/vendor/laravel/framework/src/Illuminate/Container/Container.php(1363): Illuminate/Foundation/Application->make('encrypter')
#10 D:/Website-monitoring/vendor/laravel/framework/src/Illuminate/Container/Container.php(1264): Illuminate/Container/Container->resolveClass(Object(ReflectionParameter), 'Illuminate//Cont...')
#11 D:/Website-monitoring/vendor/laravel/framework/src/Illuminate/Container/Container.php(1187): Illuminate/Container/Container->resolveDependencies(Array)
#12 D:/Website-monitoring/vendor/laravel/framework/src/Illuminate/Container/Container.php(939): Illuminate/Container/Container->build('Illuminate//Cook...')
#13 D:/Website-monitoring/vendor/laravel/framework/src/Illuminate/Foundation/Application.php(1085): Illuminate/Container/Container->resolve('Illuminate//Cook...', Array, true)
#14 D:/Website-monitoring/vendor/laravel/framework/src/Illuminate/Container/Container.php(867): Illuminate/Foundation/Application->resolve('Illuminate//Cook...', Array)
#15 D:/Website-monitoring/vendor/laravel/framework/src/Illuminate/Foundation/Application.php(1065): Illuminate/Container/Container->make('Illuminate//Cook...', Array)
#16 D:/Website-monitoring/vendor/laravel/framework/src/Illuminate/Pipeline/Pipeline.php(208): Illuminate/Foundation/Application->make('Illuminate//Cook...')
#17 D:/Website-monitoring/vendor/laravel/framework/src/Illuminate/Pipeline/Pipeline.php(137): Illuminate/Pipeline/Pipeline->{closure:{closure:Illuminate/Pipeline/Pipeline::carry():194}:195}(Object(Illuminate/Http/Request))
#18 D:/Website-monitoring/vendor/laravel/framework/src/Illuminate/Routing/Router.php(821): Illuminate/Pipeline/Pipeline->then(Object(Closure))
#19 D:/Website-monitoring/vendor/laravel/framework/src/Illuminate/Routing/Router.php(800): Illuminate/Routing/Router->runRouteWithinStack(Object(Illuminate/Routing/Route), Object(Illuminate/Http/Request))
#20 D:/Website-monitoring/vendor/laravel/framework/src/Illuminate/Routing/Router.php(764): Illuminate/Routing/Router->runRoute(Object(Illuminate/Http/Request), Object(Illuminate/Routing/Route))
#21 D:/Website-monitoring/vendor/laravel/framework/src/Illuminate/Routing/Router.php(753): Illuminate/Routing/Router->dispatchToRoute(Object(Illuminate/Http/Request))
#22 D:/Website-monitoring/vendor/laravel/framework/src/Illuminate/Foundation/Http/Kernel.php(200): Illuminate/Routing/Router->dispatch(Object(Illuminate/Http/Request))
#23 D:/Website-monitoring/vendor/laravel/framework/src/Illuminate/Pipeline/Pipeline.php(180): Illuminate/Foundation/Http/Kernel->{closure:Illuminate/Foundation/Http/Kernel::dispatchToRouter():197}(Object(Illuminate/Http/Request))
#24 D:/Website-monitoring/app/Http/Middleware/SecurityHeaders.php(14): Illuminate/Pipeline/Pipeline->{closure:Illuminate/Pipeline/Pipeline::prepareDestination():178}(Object(Illuminate/Http/Request))
#25 D:/Website-monitoring/vendor/laravel/framework/src/Illuminate/Pipeline/Pipeline.php(219): App/Http/Middleware/SecurityHeaders->handle(Object(Illuminate/Http/Request), Object(Closure))
#26 D:/Website-monitoring/vendor/laravel/framework/src/Illuminate/Foundation/Http/Middleware/TransformsRequest.php(21): Illuminate/Pipeline/Pipeline->{closure:{closure:Illuminate/Pipeline/Pipeline::carry():194}:195}(Object(Illuminate/Http/Request))
#27 D:/Website-monitoring/vendor/laravel/framework/src/Illuminate/Foundation/Http/Middleware/ConvertEmptyStringsToNull.php(31): Illuminate/Foundation/Http/Middleware/TransformsRequest->handle(Object(Illuminate/Http/Request), Object(Closure))
#28 D:/Website-monitoring/vendor/laravel/framework/src/Illuminate/Pipeline/Pipeline.php(219): Illuminate/Foundation/Http/Middleware/ConvertEmptyStringsToNull->handle(Object(Illuminate/Http/Request), Object(Closure))
#29 D:/Website-monitoring/vendor/laravel/framework/src/Illuminate/Foundation/Http/Middleware/TransformsRequest.php(21): Illuminate/Pipeline/Pipeline->{closure:{closure:Illuminate/Pipeline/Pipeline::carry():194}:195}(Object(Illuminate/Http/Request))
#30 D:/Website-monitoring/vendor/laravel/framework/src/Illuminate/Foundation/Http/Middleware/TrimStrings.php(51): Illuminate/Foundation/Http/Middleware/TransformsRequest->handle(Object(Illuminate/Http/Request), Object(Closure))
#31 D:/Website-monitoring/vendor/laravel/framework/src/Illuminate/Pipeline/Pipeline.php(219): Illuminate/Foundation/Http/Middleware/TrimStrings->handle(Object(Illuminate/Http/Request), Object(Closure))
#32 D:/Website-monitoring/vendor/laravel/framework/src/Illuminate/Http/Middleware/ValidatePostSize.php(27): Illuminate/Pipeline/Pipeline->{closure:{closure:Illuminate/Pipeline/Pipeline::carry():194}:195}(Object(Illuminate/Http/Request))
#33 D:/Website-monitoring/vendor/laravel/framework/src/Illuminate/Pipeline/Pipeline.php(219): Illuminate/Http/Middleware/ValidatePostSize->handle(Object(Illuminate/Http/Request), Object(Closure))
#34 D:/Website-monitoring/vendor/laravel/framework/src/Illuminate/Foundation/Http/Middleware/PreventRequestsDuringMaintenance.php(110): Illuminate/Pipeline/Pipeline->{closure:{closure:Illuminate/Pipeline/Pipeline::carry():194}:195}(Object(Illuminate/Http/Request))
#35 D:/Website-monitoring/vendor/laravel/framework/src/Illuminate/Pipeline/Pipeline.php(219): Illuminate/Foundation/Http/Middleware/PreventRequestsDuringMaintenance->handle(Object(Illuminate/Http/Request), Object(Closure))
#36 D:/Website-monitoring/vendor/laravel/framework/src/Illuminate/Http/Middleware/HandleCors.php(61): Illuminate/Pipeline/Pipeline->{closure:{closure:Illuminate/Pipeline/Pipeline::carry():194}:195}(Object(Illuminate/Http/Request))
#37 D:/Website-monitoring/vendor/laravel/framework/src/Illuminate/Pipeline/Pipeline.php(219): Illuminate/Http/Middleware/HandleCors->handle(Object(Illuminate/Http/Request), Object(Closure))
#38 D:/Website-monitoring/vendor/laravel/framework/src/Illuminate/Http/Middleware/TrustProxies.php(58): Illuminate/Pipeline/Pipeline->{closure:{closure:Illuminate/Pipeline/Pipeline::carry():194}:195}(Object(Illuminate/Http/Request))
#39 D:/Website-monitoring/vendor/laravel/framework/src/Illuminate/Pipeline/Pipeline.php(219): Illuminate/Http/Middleware/TrustProxies->handle(Object(Illuminate/Http/Request), Object(Closure))
#40 D:/Website-monitoring/vendor/laravel/framework/src/Illuminate/Foundation/Http/Middleware/InvokeDeferredCallbacks.php(22): Illuminate/Pipeline/Pipeline->{closure:{closure:Illuminate/Pipeline/Pipeline::carry():194}:195}(Object(Illuminate/Http/Request))
#41 D:/Website-monitoring/vendor/laravel/framework/src/Illuminate/Pipeline/Pipeline.php(219): Illuminate/Foundation/Http/Middleware/InvokeDeferredCallbacks->handle(Object(Illuminate/Http/Request), Object(Closure))
#42 D:/Website-monitoring/vendor/laravel/framework/src/Illuminate/Http/Middleware/ValidatePathEncoding.php(28): Illuminate/Pipeline/Pipeline->{closure:{closure:Illuminate/Pipeline/Pipeline::carry():194}:195}(Object(Illuminate/Http/Request))
#43 D:/Website-monitoring/vendor/laravel/framework/src/Illuminate/Pipeline/Pipeline.php(219): Illuminate/Http/Middleware/ValidatePathEncoding->handle(Object(Illuminate/Http/Request), Object(Closure))
#44 D:/Website-monitoring/vendor/laravel/framework/src/Illuminate/Pipeline/Pipeline.php(137): Illuminate/Pipeline/Pipeline->{closure:{closure:Illuminate/Pipeline/Pipeline::carry():194}:195}(Object(Illuminate/Http/Request))
#45 D:/Website-monitoring/vendor/laravel/framework/src/Illuminate/Foundation/Http/Kernel.php(175): Illuminate/Pipeline/Pipeline->then(Object(Closure))
#46 D:/Website-monitoring/vendor/laravel/framework/src/Illuminate/Foundation/Http/Kernel.php(144): Illuminate/Foundation/Http/Kernel->sendRequestThroughRouter(Object(Illuminate/Http/Request))
#47 D:/Website-monitoring/vendor/laravel/framework/src/Illuminate/Foundation/Application.php(1227): Illuminate/Foundation/Http/Kernel->handle(Object(Illuminate/Http/Request))
#48 D:/Website-monitoring/public/index.php(20): Illuminate/Foundation/Application->handleRequest(Object(Illuminate/Http/Request))
#49 D:/Website-monitoring/vendor/laravel/framework/src/Illuminate/Foundation/resources/server.php(23): require_once('D://Website-moni...')
#50 {main}
"} 
[2026-09-14 02:19:04] production.ERROR: No application encryption key has been specified. {"exception":"[object] (Illuminate\\Encryption\\MissingAppKeyException(code: 0): No application encryption key has been specified. at D:/Website-monitoring/vendor/laravel/framework/src/Illuminate/Encryption/EncryptionServiceProvider.php:83)
[stacktrace]
#0 D:/Website-monitoring/vendor/laravel/framework/src/Illuminate/Support/helpers.php(393): Illuminate/Encryption/EncryptionServiceProvider->{closure:Illuminate/Encryption/EncryptionServiceProvider::key():81}(NULL)
#1 D:/Website-monitoring/vendor/laravel/framework/src/Illuminate/Encryption/EncryptionServiceProvider.php(81): tap(NULL, Object(Closure))
#2 D:/Website-monitoring/vendor/laravel/framework/src/Illuminate/Encryption/EncryptionServiceProvider.php(64): Illuminate/Encryption/EncryptionServiceProvider->key(Array)
#3 D:/Website-monitoring/vendor/laravel/framework/src/Illuminate/Encryption/EncryptionServiceProvider.php(32): Illuminate/Encryption/EncryptionServiceProvider->parseKey(Array)
#4 D:/Website-monitoring/vendor/laravel/framework/src/Illuminate/Container/Container.php(1140): Illuminate/Encryption/EncryptionServiceProvider->{closure:Illuminate/Encryption/EncryptionServiceProvider::registerEncrypter():29}(Object(Illuminate/Foundation/Application), Array)
#5 D:/Website-monitoring/vendor/laravel/framework/src/Illuminate/Container/Container.php(939): Illuminate/Container/Container->build(Object(Closure))
#6 D:/Website-monitoring/vendor/laravel/framework/src/Illuminate/Foundation/Application.php(1085): Illuminate/Container/Container->resolve('encrypter', Array, true)
#7 D:/Website-monitoring/vendor/laravel/framework/src/Illuminate/Container/Container.php(867): Illuminate/Foundation/Application->resolve('encrypter', Array)
#8 D:/Website-monitoring/vendor/laravel/framework/src/Illuminate/Foundation/Application.php(1065): Illuminate/Container/Container->make('encrypter', Array)
#9 D:/Website-monitoring/vendor/laravel/framework/src/Illuminate/Container/Container.php(1363): Illuminate/Foundation/Application->make('encrypter')
#10 D:/Website-monitoring/vendor/laravel/framework/src/Illuminate/Container/Container.php(1264): Illuminate/Container/Container->resolveClass(Object(ReflectionParameter), 'Illuminate//Cont...')
#11 D:/Website-monitoring/vendor/laravel/framework/src/Illuminate/Container/Container.php(1187): Illuminate/Container/Container->resolveDependencies(Array)
#12 D:/Website-monitoring/vendor/laravel/framework/src/Illuminate/Container/Container.php(939): Illuminate/Container/Container->build('Illuminate//Cook...')
#13 D:/Website-monitoring/vendor/laravel/framework/src/Illuminate/Foundation/Application.php(1085): Illuminate/Container/Container->resolve('Illuminate//Cook...', Array, true)
#14 D:/Website-monitoring/vendor/laravel/framework/src/Illuminate/Container/Container.php(867): Illuminate/Foundation/Application->resolve('Illuminate//Cook...', Array)
#15 D:/Website-monitoring/vendor/laravel/framework/src/Illuminate/Foundation/Application.php(1065): Illuminate/Container/Container->make('Illuminate//Cook...', Array)
#16 D:/Website-monitoring/vendor/laravel/framework/src/Illuminate/Pipeline/Pipeline.php(208): Illuminate/Foundation/Application->make('Illuminate//Cook...')
#17 D:/Website-monitoring/vendor/laravel/framework/src/Illuminate/Pipeline/Pipeline.php(137): Illuminate/Pipeline/Pipeline->{closure:{closure:Illuminate/Pipeline/Pipeline::carry():194}:195}(Object(Illuminate/Http/Request))
#18 D:/Website-monitoring/vendor/laravel/framework/src/Illuminate/Routing/Router.php(821): Illuminate/Pipeline/Pipeline->then(Object(Closure))
#19 D:/Website-monitoring/vendor/laravel/framework/src/Illuminate/Routing/Router.php(800): Illuminate/Routing/Router->runRouteWithinStack(Object(Illuminate/Routing/Route), Object(Illuminate/Http/Request))
#20 D:/Website-monitoring/vendor/laravel/framework/src/Illuminate/Routing/Router.php(764): Illuminate/Routing/Router->runRoute(Object(Illuminate/Http/Request), Object(Illuminate/Routing/Route))
#21 D:/Website-monitoring/vendor/laravel/framework/src/Illuminate/Routing/Router.php(753): Illuminate/Routing/Router->dispatchToRoute(Object(Illuminate/Http/Request))
#22 D:/Website-monitoring/vendor/laravel/framework/src/Illuminate/Foundation/Http/Kernel.php(200): Illuminate/Routing/Router->dispatch(Object(Illuminate/Http/Request))
#23 D:/Website-monitoring/vendor/laravel/framework/src/Illuminate/Pipeline/Pipeline.php(180): Illuminate/Foundation/Http/Kernel->{closure:Illuminate/Foundation/Http/Kernel::dispatchToRouter():197}(Object(Illuminate/Http/Request))
#24 D:/Website-monitoring/app/Http/Middleware/SecurityHeaders.php(14): Illuminate/Pipeline/Pipeline->{closure:Illuminate/Pipeline/Pipeline::prepareDestination():178}(Object(Illuminate/Http/Request))
#25 D:/Website-monitoring/vendor/laravel/framework/src/Illuminate/Pipeline/Pipeline.php(219): App/Http/Middleware/SecurityHeaders->handle(Object(Illuminate/Http/Request), Object(Closure))
#26 D:/Website-monitoring/vendor/laravel/framework/src/Illuminate/Foundation/Http/Middleware/TransformsRequest.php(21): Illuminate/Pipeline/Pipeline->{closure:{closure:Illuminate/Pipeline/Pipeline::carry():194}:195}(Object(Illuminate/Http/Request))
#27 D:/Website-monitoring/vendor/laravel/framework/src/Illuminate/Foundation/Http/Middleware/ConvertEmptyStringsToNull.php(31): Illuminate/Foundation/Http/Middleware/TransformsRequest->handle(Object(Illuminate/Http/Request), Object(Closure))
#28 D:/Website-monitoring/vendor/laravel/framework/src/Illuminate/Pipeline/Pipeline.php(219): Illuminate/Foundation/Http/Middleware/ConvertEmptyStringsToNull->handle(Object(Illuminate/Http/Request), Object(Closure))
#29 D:/Website-monitoring/vendor/laravel/framework/src/Illuminate/Foundation/Http/Middleware/TransformsRequest.php(21): Illuminate/Pipeline/Pipeline->{closure:{closure:Illuminate/Pipeline/Pipeline::carry():194}:195}(Object(Illuminate/Http/Request))
#30 D:/Website-monitoring/vendor/laravel/framework/src/Illuminate/Foundation/Http/Middleware/TrimStrings.php(51): Illuminate/Foundation/Http/Middleware/TransformsRequest->handle(Object(Illuminate/Http/Request), Object(Closure))
#31 D:/Website-monitoring/vendor/laravel/framework/src/Illuminate/Pipeline/Pipeline.php(219): Illuminate/Foundation/Http/Middleware/TrimStrings->handle(Object(Illuminate/Http/Request), Object(Closure))
#32 D:/Website-monitoring/vendor/laravel/framework/src/Illuminate/Http/Middleware/ValidatePostSize.php(27): Illuminate/Pipeline/Pipeline->{closure:{closure:Illuminate/Pipeline/Pipeline::carry():194}:195}(Object(Illuminate/Http/Request))
#33 D:/Website-monitoring/vendor/laravel/framework/src/Illuminate/Pipeline/Pipeline.php(219): Illuminate/Http/Middleware/ValidatePostSize->handle(Object(Illuminate/Http/Request), Object(Closure))
#34 D:/Website-monitoring/vendor/laravel/framework/src/Illuminate/Foundation/Http/Middleware/PreventRequestsDuringMaintenance.php(110): Illuminate/Pipeline/Pipeline->{closure:{closure:Illuminate/Pipeline/Pipeline::carry():194}:195}(Object(Illuminate/Http/Request))
#35 D:/Website-monitoring/vendor/laravel/framework/src/Illuminate/Pipeline/Pipeline.php(219): Illuminate/Foundation/Http/Middleware/PreventRequestsDuringMaintenance->handle(Object(Illuminate/Http/Request), Object(Closure))
#36 D:/Website-monitoring/vendor/laravel/framework/src/Illuminate/Http/Middleware/HandleCors.php(61): Illuminate/Pipeline/Pipeline->{closure:{closure:Illuminate/Pipeline/Pipeline::carry():194}:195}(Object(Illuminate/Http/Request))
#37 D:/Website-monitoring/vendor/laravel/framework/src/Illuminate/Pipeline/Pipeline.php(219): Illuminate/Http/Middleware/HandleCors->handle(Object(Illuminate/Http/Request), Object(Closure))
#38 D:/Website-monitoring/vendor/laravel/framework/src/Illuminate/Http/Middleware/TrustProxies.php(58): Illuminate/Pipeline/Pipeline->{closure:{closure:Illuminate/Pipeline/Pipeline::carry():194}:195}(Object(Illuminate/Http/Request))
#39 D:/Website-monitoring/vendor/laravel/framework/src/Illuminate/Pipeline/Pipeline.php(219): Illuminate/Http/Middleware/TrustProxies->handle(Object(Illuminate/Http/Request), Object(Closure))
#40 D:/Website-monitoring/vendor/laravel/framework/src/Illuminate/Foundation/Http/Middleware/InvokeDeferredCallbacks.php(22): Illuminate/Pipeline/Pipeline->{closure:{closure:Illuminate/Pipeline/Pipeline::carry():194}:195}(Object(Illuminate/Http/Request))
#41 D:/Website-monitoring/vendor/laravel/framework/src/Illuminate/Pipeline/Pipeline.php(219): Illuminate/Foundation/Http/Middleware/InvokeDeferredCallbacks->handle(Object(Illuminate/Http/Request), Object(Closure))
#42 D:/Website-monitoring/vendor/laravel/framework/src/Illuminate/Http/Middleware/ValidatePathEncoding.php(28): Illuminate/Pipeline/Pipeline->{closure:{closure:Illuminate/Pipeline/Pipeline::carry():194}:195}(Object(Illuminate/Http/Request))
#43 D:/Website-monitoring/vendor/laravel/framework/src/Illuminate/Pipeline/Pipeline.php(219): Illuminate/Http/Middleware/ValidatePathEncoding->handle(Object(Illuminate/Http/Request), Object(Closure))
#44 D:/Website-monitoring/vendor/laravel/framework/src/Illuminate/Pipeline/Pipeline.php(137): Illuminate/Pipeline/Pipeline->{closure:{closure:Illuminate/Pipeline/Pipeline::carry():194}:195}(Object(Illuminate/Http/Request))
#45 D:/Website-monitoring/vendor/laravel/framework/src/Illuminate/Foundation/Http/Kernel.php(175): Illuminate/Pipeline/Pipeline->then(Object(Closure))
#46 D:/Website-monitoring/vendor/laravel/framework/src/Illuminate/Foundation/Http/Kernel.php(144): Illuminate/Foundation/Http/Kernel->sendRequestThroughRouter(Object(Illuminate/Http/Request))
#47 D:/Website-monitoring/vendor/laravel/framework/src/Illuminate/Foundation/Application.php(1227): Illuminate/Foundation/Http/Kernel->handle(Object(Illuminate/Http/Request))
#48 D:/Website-monitoring/public/index.php(20): Illuminate/Foundation/Application->handleRequest(Object(Illuminate/Http/Request))
#49 D:/Website-monitoring/vendor/laravel/framework/src/Illuminate/Foundation/resources/server.php(23): require_once('D://Website-moni...')
#50 {main}
"} 
[2026-09-14 02:19:04] production.ERROR: No application encryption key has been specified. {"exception":"[object] (Illuminate\\Encryption\\MissingAppKeyException(code: 0): No application encryption key has been specified. at D:/Website-monitoring/vendor/laravel/framework/src/Illuminate/Encryption/EncryptionServiceProvider.php:83)
[stacktrace]
#0 D:/Website-monitoring/vendor/laravel/framework/src/Illuminate/Support/helpers.php(393): Illuminate/Encryption/EncryptionServiceProvider->{closure:Illuminate/Encryption/EncryptionServiceProvider::key():81}(NULL)
#1 D:/Website-monitoring/vendor/laravel/framework/src/Illuminate/Encryption/EncryptionServiceProvider.php(81): tap(NULL, Object(Closure))
#2 D:/Website-monitoring/vendor/laravel/framework/src/Illuminate/Encryption/EncryptionServiceProvider.php(64): Illuminate/Encryption/EncryptionServiceProvider->key(Array)
#3 D:/Website-monitoring/vendor/laravel/framework/src/Illuminate/Encryption/EncryptionServiceProvider.php(32): Illuminate/Encryption/EncryptionServiceProvider->parseKey(Array)
#4 D:/Website-monitoring/vendor/laravel/framework/src/Illuminate/Container/Container.php(1140): Illuminate/Encryption/EncryptionServiceProvider->{closure:Illuminate/Encryption/EncryptionServiceProvider::registerEncrypter():29}(Object(Illuminate/Foundation/Application), Array)
#5 D:/Website-monitoring/vendor/laravel/framework/src/Illuminate/Container/Container.php(939): Illuminate/Container/Container->build(Object(Closure))
#6 D:/Website-monitoring/vendor/laravel/framework/src/Illuminate/Foundation/Application.php(1085): Illuminate/Container/Container->resolve('encrypter', Array, true)
#7 D:/Website-monitoring/vendor/laravel/framework/src/Illuminate/Container/Container.php(867): Illuminate/Foundation/Application->resolve('encrypter', Array)
#8 D:/Website-monitoring/vendor/laravel/framework/src/Illuminate/Foundation/Application.php(1065): Illuminate/Container/Container->make('encrypter', Array)
#9 D:/Website-monitoring/vendor/laravel/framework/src/Illuminate/Container/Container.php(1363): Illuminate/Foundation/Application->make('encrypter')
#10 D:/Website-monitoring/vendor/laravel/framework/src/Illuminate/Container/Container.php(1264): Illuminate/Container/Container->resolveClass(Object(ReflectionParameter), 'Illuminate//Cont...')
#11 D:/Website-monitoring/vendor/laravel/framework/src/Illuminate/Container/Container.php(1187): Illuminate/Container/Container->resolveDependencies(Array)
#12 D:/Website-monitoring/vendor/laravel/framework/src/Illuminate/Container/Container.php(939): Illuminate/Container/Container->build('Illuminate//Cook...')
#13 D:/Website-monitoring/vendor/laravel/framework/src/Illuminate/Foundation/Application.php(1085): Illuminate/Container/Container->resolve('Illuminate//Cook...', Array, true)
#14 D:/Website-monitoring/vendor/laravel/framework/src/Illuminate/Container/Container.php(867): Illuminate/Foundation/Application->resolve('Illuminate//Cook...', Array)
#15 D:/Website-monitoring/vendor/laravel/framework/src/Illuminate/Foundation/Application.php(1065): Illuminate/Container/Container->make('Illuminate//Cook...', Array)
#16 D:/Website-monitoring/vendor/laravel/framework/src/Illuminate/Pipeline/Pipeline.php(208): Illuminate/Foundation/Application->make('Illuminate//Cook...')
#17 D:/Website-monitoring/vendor/laravel/framework/src/Illuminate/Pipeline/Pipeline.php(137): Illuminate/Pipeline/Pipeline->{closure:{closure:Illuminate/Pipeline/Pipeline::carry():194}:195}(Object(Illuminate/Http/Request))
#18 D:/Website-monitoring/vendor/laravel/framework/src/Illuminate/Routing/Router.php(821): Illuminate/Pipeline/Pipeline->then(Object(Closure))
#19 D:/Website-monitoring/vendor/laravel/framework/src/Illuminate/Routing/Router.php(800): Illuminate/Routing/Router->runRouteWithinStack(Object(Illuminate/Routing/Route), Object(Illuminate/Http/Request))
#20 D:/Website-monitoring/vendor/laravel/framework/src/Illuminate/Routing/Router.php(764): Illuminate/Routing/Router->runRoute(Object(Illuminate/Http/Request), Object(Illuminate/Routing/Route))
#21 D:/Website-monitoring/vendor/laravel/framework/src/Illuminate/Routing/Router.php(753): Illuminate/Routing/Router->dispatchToRoute(Object(Illuminate/Http/Request))
#22 D:/Website-monitoring/vendor/laravel/framework/src/Illuminate/Foundation/Http/Kernel.php(200): Illuminate/Routing/Router->dispatch(Object(Illuminate/Http/Request))
#23 D:/Website-monitoring/vendor/laravel/framework/src/Illuminate/Pipeline/Pipeline.php(180): Illuminate/Foundation/Http/Kernel->{closure:Illuminate/Foundation/Http/Kernel::dispatchToRouter():197}(Object(Illuminate/Http/Request))
#24 D:/Website-monitoring/app/Http/Middleware/SecurityHeaders.php(14): Illuminate/Pipeline/Pipeline->{closure:Illuminate/Pipeline/Pipeline::prepareDestination():178}(Object(Illuminate/Http/Request))
#25 D:/Website-monitoring/vendor/laravel/framework/src/Illuminate/Pipeline/Pipeline.php(219): App/Http/Middleware/SecurityHeaders->handle(Object(Illuminate/Http/Request), Object(Closure))
#26 D:/Website-monitoring/vendor/laravel/framework/src/Illuminate/Foundation/Http/Middleware/TransformsRequest.php(21): Illuminate/Pipeline/Pipeline->{closure:{closure:Illuminate/Pipeline/Pipeline::carry():194}:195}(Object(Illuminate/Http/Request))
#27 D:/Website-monitoring/vendor/laravel/framework/src/Illuminate/Foundation/Http/Middleware/ConvertEmptyStringsToNull.php(31): Illuminate/Foundation/Http/Middleware/TransformsRequest->handle(Object(Illuminate/Http/Request), Object(Closure))
#28 D:/Website-monitoring/vendor/laravel/framework/src/Illuminate/Pipeline/Pipeline.php(219): Illuminate/Foundation/Http/Middleware/ConvertEmptyStringsToNull->handle(Object(Illuminate/Http/Request), Object(Closure))
#29 D:/Website-monitoring/vendor/laravel/framework/src/Illuminate/Foundation/Http/Middleware/TransformsRequest.php(21): Illuminate/Pipeline/Pipeline->{closure:{closure:Illuminate/Pipeline/Pipeline::carry():194}:195}(Object(Illuminate/Http/Request))
#30 D:/Website-monitoring/vendor/laravel/framework/src/Illuminate/Foundation/Http/Middleware/TrimStrings.php(51): Illuminate/Foundation/Http/Middleware/TransformsRequest->handle(Object(Illuminate/Http/Request), Object(Closure))
#31 D:/Website-monitoring/vendor/laravel/framework/src/Illuminate/Pipeline/Pipeline.php(219): Illuminate/Foundation/Http/Middleware/TrimStrings->handle(Object(Illuminate/Http/Request), Object(Closure))
#32 D:/Website-monitoring/vendor/laravel/framework/src/Illuminate/Http/Middleware/ValidatePostSize.php(27): Illuminate/Pipeline/Pipeline->{closure:{closure:Illuminate/Pipeline/Pipeline::carry():194}:195}(Object(Illuminate/Http/Request))
#33 D:/Website-monitoring/vendor/laravel/framework/src/Illuminate/Pipeline/Pipeline.php(219): Illuminate/Http/Middleware/ValidatePostSize->handle(Object(Illuminate/Http/Request), Object(Closure))
#34 D:/Website-monitoring/vendor/laravel/framework/src/Illuminate/Foundation/Http/Middleware/PreventRequestsDuringMaintenance.php(110): Illuminate/Pipeline/Pipeline->{closure:{closure:Illuminate/Pipeline/Pipeline::carry():194}:195}(Object(Illuminate/Http/Request))
#35 D:/Website-monitoring/vendor/laravel/framework/src/Illuminate/Pipeline/Pipeline.php(219): Illuminate/Foundation/Http/Middleware/PreventRequestsDuringMaintenance->handle(Object(Illuminate/Http/Request), Object(Closure))
#36 D:/Website-monitoring/vendor/laravel/framework/src/Illuminate/Http/Middleware/HandleCors.php(61): Illuminate/Pipeline/Pipeline->{closure:{closure:Illuminate/Pipeline/Pipeline::carry():194}:195}(Object(Illuminate/Http/Request))
#37 D:/Website-monitoring/vendor/laravel/framework/src/Illuminate/Pipeline/Pipeline.php(219): Illuminate/Http/Middleware/HandleCors->handle(Object(Illuminate/Http/Request), Object(Closure))
#38 D:/Website-monitoring/vendor/laravel/framework/src/Illuminate/Http/Middleware/TrustProxies.php(58): Illuminate/Pipeline/Pipeline->{closure:{closure:Illuminate/Pipeline/Pipeline::carry():194}:195}(Object(Illuminate/Http/Request))
#39 D:/Website-monitoring/vendor/laravel/framework/src/Illuminate/Pipeline/Pipeline.php(219): Illuminate/Http/Middleware/TrustProxies->handle(Object(Illuminate/Http/Request), Object(Closure))
#40 D:/Website-monitoring/vendor/laravel/framework/src/Illuminate/Foundation/Http/Middleware/InvokeDeferredCallbacks.php(22): Illuminate/Pipeline/Pipeline->{closure:{closure:Illuminate/Pipeline/Pipeline::carry():194}:195}(Object(Illuminate/Http/Request))
#41 D:/Website-monitoring/vendor/laravel/framework/src/Illuminate/Pipeline/Pipeline.php(219): Illuminate/Foundation/Http/Middleware/InvokeDeferredCallbacks->handle(Object(Illuminate/Http/Request), Object(Closure))
#42 D:/Website-monitoring/vendor/laravel/framework/src/Illuminate/Http/Middleware/ValidatePathEncoding.php(28): Illuminate/Pipeline/Pipeline->{closure:{closure:Illuminate/Pipeline/Pipeline::carry():194}:195}(Object(Illuminate/Http/Request))
#43 D:/Website-monitoring/vendor/laravel/framework/src/Illuminate/Pipeline/Pipeline.php(219): Illuminate/Http/Middleware/ValidatePathEncoding->handle(Object(Illuminate/Http/Request), Object(Closure))
#44 D:/Website-monitoring/vendor/laravel/framework/src/Illuminate/Pipeline/Pipeline.php(137): Illuminate/Pipeline/Pipeline->{closure:{closure:Illuminate/Pipeline/Pipeline::carry():194}:195}(Object(Illuminate/Http/Request))
#45 D:/Website-monitoring/vendor/laravel/framework/src/Illuminate/Foundation/Http/Kernel.php(175): Illuminate/Pipeline/Pipeline->then(Object(Closure))
#46 D:/Website-monitoring/vendor/laravel/framework/src/Illuminate/Foundation/Http/Kernel.php(144): Illuminate/Foundation/Http/Kernel->sendRequestThroughRouter(Object(Illuminate/Http/Request))
#47 D:/Website-monitoring/vendor/laravel/framework/src/Illuminate/Foundation/Application.php(1227): Illuminate/Foundation/Http/Kernel->handle(Object(Illuminate/Http/Request))
#48 D:/Website-monitoring/public/index.php(20): Illuminate/Foundation/Application->handleRequest(Object(Illuminate/Http/Request))
#49 D:/Website-monitoring/vendor/laravel/framework/src/Illuminate/Foundation/resources/server.php(23): require_once('D://Website-moni...')
#50 {main}
"} 
[2026-09-14 02:19:04] production.ERROR: No application encryption key has been specified. {"exception":"[object] (Illuminate\\Encryption\\MissingAppKeyException(code: 0): No application encryption key has been specified. at D:/Website-monitoring/vendor/laravel/framework/src/Illuminate/Encryption/EncryptionServiceProvider.php:83)
[stacktrace]
#0 D:/Website-monitoring/vendor/laravel/framework/src/Illuminate/Support/helpers.php(393): Illuminate/Encryption/EncryptionServiceProvider->{closure:Illuminate/Encryption/EncryptionServiceProvider::key():81}(NULL)
#1 D:/Website-monitoring/vendor/laravel/framework/src/Illuminate/Encryption/EncryptionServiceProvider.php(81): tap(NULL, Object(Closure))
#2 D:/Website-monitoring/vendor/laravel/framework/src/Illuminate/Encryption/EncryptionServiceProvider.php(64): Illuminate/Encryption/EncryptionServiceProvider->key(Array)
#3 D:/Website-monitoring/vendor/laravel/framework/src/Illuminate/Encryption/EncryptionServiceProvider.php(32): Illuminate/Encryption/EncryptionServiceProvider->parseKey(Array)
#4 D:/Website-monitoring/vendor/laravel/framework/src/Illuminate/Container/Container.php(1140): Illuminate/Encryption/EncryptionServiceProvider->{closure:Illuminate/Encryption/EncryptionServiceProvider::registerEncrypter():29}(Object(Illuminate/Foundation/Application), Array)
#5 D:/Website-monitoring/vendor/laravel/framework/src/Illuminate/Container/Container.php(939): Illuminate/Container/Container->build(Object(Closure))
#6 D:/Website-monitoring/vendor/laravel/framework/src/Illuminate/Foundation/Application.php(1085): Illuminate/Container/Container->resolve('encrypter', Array, true)
#7 D:/Website-monitoring/vendor/laravel/framework/src/Illuminate/Container/Container.php(867): Illuminate/Foundation/Application->resolve('encrypter', Array)
#8 D:/Website-monitoring/vendor/laravel/framework/src/Illuminate/Foundation/Application.php(1065): Illuminate/Container/Container->make('encrypter', Array)
#9 D:/Website-monitoring/vendor/laravel/framework/src/Illuminate/Container/Container.php(1363): Illuminate/Foundation/Application->make('encrypter')
#10 D:/Website-monitoring/vendor/laravel/framework/src/Illuminate/Container/Container.php(1264): Illuminate/Container/Container->resolveClass(Object(ReflectionParameter), 'Illuminate//Cont...')
#11 D:/Website-monitoring/vendor/laravel/framework/src/Illuminate/Container/Container.php(1187): Illuminate/Container/Container->resolveDependencies(Array)
#12 D:/Website-monitoring/vendor/laravel/framework/src/Illuminate/Container/Container.php(939): Illuminate/Container/Container->build('Illuminate//Cook...')
#13 D:/Website-monitoring/vendor/laravel/framework/src/Illuminate/Foundation/Application.php(1085): Illuminate/Container/Container->resolve('Illuminate//Cook...', Array, true)
#14 D:/Website-monitoring/vendor/laravel/framework/src/Illuminate/Container/Container.php(867): Illuminate/Foundation/Application->resolve('Illuminate//Cook...', Array)
#15 D:/Website-monitoring/vendor/laravel/framework/src/Illuminate/Foundation/Application.php(1065): Illuminate/Container/Container->make('Illuminate//Cook...', Array)
#16 D:/Website-monitoring/vendor/laravel/framework/src/Illuminate/Pipeline/Pipeline.php(208): Illuminate/Foundation/Application->make('Illuminate//Cook...')
#17 D:/Website-monitoring/vendor/laravel/framework/src/Illuminate/Pipeline/Pipeline.php(137): Illuminate/Pipeline/Pipeline->{closure:{closure:Illuminate/Pipeline/Pipeline::carry():194}:195}(Object(Illuminate/Http/Request))
#18 D:/Website-monitoring/vendor/laravel/framework/src/Illuminate/Routing/Router.php(821): Illuminate/Pipeline/Pipeline->then(Object(Closure))
#19 D:/Website-monitoring/vendor/laravel/framework/src/Illuminate/Routing/Router.php(800): Illuminate/Routing/Router->runRouteWithinStack(Object(Illuminate/Routing/Route), Object(Illuminate/Http/Request))
#20 D:/Website-monitoring/vendor/laravel/framework/src/Illuminate/Routing/Router.php(764): Illuminate/Routing/Router->runRoute(Object(Illuminate/Http/Request), Object(Illuminate/Routing/Route))
#21 D:/Website-monitoring/vendor/laravel/framework/src/Illuminate/Routing/Router.php(753): Illuminate/Routing/Router->dispatchToRoute(Object(Illuminate/Http/Request))
#22 D:/Website-monitoring/vendor/laravel/framework/src/Illuminate/Foundation/Http/Kernel.php(200): Illuminate/Routing/Router->dispatch(Object(Illuminate/Http/Request))
#23 D:/Website-monitoring/vendor/laravel/framework/src/Illuminate/Pipeline/Pipeline.php(180): Illuminate/Foundation/Http/Kernel->{closure:Illuminate/Foundation/Http/Kernel::dispatchToRouter():197}(Object(Illuminate/Http/Request))
#24 D:/Website-monitoring/app/Http/Middleware/SecurityHeaders.php(14): Illuminate/Pipeline/Pipeline->{closure:Illuminate/Pipeline/Pipeline::prepareDestination():178}(Object(Illuminate/Http/Request))
#25 D:/Website-monitoring/vendor/laravel/framework/src/Illuminate/Pipeline/Pipeline.php(219): App/Http/Middleware/SecurityHeaders->handle(Object(Illuminate/Http/Request), Object(Closure))
#26 D:/Website-monitoring/vendor/laravel/framework/src/Illuminate/Foundation/Http/Middleware/TransformsRequest.php(21): Illuminate/Pipeline/Pipeline->{closure:{closure:Illuminate/Pipeline/Pipeline::carry():194}:195}(Object(Illuminate/Http/Request))
#27 D:/Website-monitoring/vendor/laravel/framework/src/Illuminate/Foundation/Http/Middleware/ConvertEmptyStringsToNull.php(31): Illuminate/Foundation/Http/Middleware/TransformsRequest->handle(Object(Illuminate/Http/Request), Object(Closure))
#28 D:/Website-monitoring/vendor/laravel/framework/src/Illuminate/Pipeline/Pipeline.php(219): Illuminate/Foundation/Http/Middleware/ConvertEmptyStringsToNull->handle(Object(Illuminate/Http/Request), Object(Closure))
#29 D:/Website-monitoring/vendor/laravel/framework/src/Illuminate/Foundation/Http/Middleware/TransformsRequest.php(21): Illuminate/Pipeline/Pipeline->{closure:{closure:Illuminate/Pipeline/Pipeline::carry():194}:195}(Object(Illuminate/Http/Request))
#30 D:/Website-monitoring/vendor/laravel/framework/src/Illuminate/Foundation/Http/Middleware/TrimStrings.php(51): Illuminate/Foundation/Http/Middleware/TransformsRequest->handle(Object(Illuminate/Http/Request), Object(Closure))
#31 D:/Website-monitoring/vendor/laravel/framework/src/Illuminate/Pipeline/Pipeline.php(219): Illuminate/Foundation/Http/Middleware/TrimStrings->handle(Object(Illuminate/Http/Request), Object(Closure))
#32 D:/Website-monitoring/vendor/laravel/framework/src/Illuminate/Http/Middleware/ValidatePostSize.php(27): Illuminate/Pipeline/Pipeline->{closure:{closure:Illuminate/Pipeline/Pipeline::carry():194}:195}(Object(Illuminate/Http/Request))
#33 D:/Website-monitoring/vendor/laravel/framework/src/Illuminate/Pipeline/Pipeline.php(219): Illuminate/Http/Middleware/ValidatePostSize->handle(Object(Illuminate/Http/Request), Object(Closure))
#34 D:/Website-monitoring/vendor/laravel/framework/src/Illuminate/Foundation/Http/Middleware/PreventRequestsDuringMaintenance.php(110): Illuminate/Pipeline/Pipeline->{closure:{closure:Illuminate/Pipeline/Pipeline::carry():194}:195}(Object(Illuminate/Http/Request))
#35 D:/Website-monitoring/vendor/laravel/framework/src/Illuminate/Pipeline/Pipeline.php(219): Illuminate/Foundation/Http/Middleware/PreventRequestsDuringMaintenance->handle(Object(Illuminate/Http/Request), Object(Closure))
#36 D:/Website-monitoring/vendor/laravel/framework/src/Illuminate/Http/Middleware/HandleCors.php(61): Illuminate/Pipeline/Pipeline->{closure:{closure:Illuminate/Pipeline/Pipeline::carry():194}:195}(Object(Illuminate/Http/Request))
#37 D:/Website-monitoring/vendor/laravel/framework/src/Illuminate/Pipeline/Pipeline.php(219): Illuminate/Http/Middleware/HandleCors->handle(Object(Illuminate/Http/Request), Object(Closure))
#38 D:/Website-monitoring/vendor/laravel/framework/src/Illuminate/Http/Middleware/TrustProxies.php(58): Illuminate/Pipeline/Pipeline->{closure:{closure:Illuminate/Pipeline/Pipeline::carry():194}:195}(Object(Illuminate/Http/Request))
#39 D:/Website-monitoring/vendor/laravel/framework/src/Illuminate/Pipeline/Pipeline.php(219): Illuminate/Http/Middleware/TrustProxies->handle(Object(Illuminate/Http/Request), Object(Closure))
#40 D:/Website-monitoring/vendor/laravel/framework/src/Illuminate/Foundation/Http/Middleware/InvokeDeferredCallbacks.php(22): Illuminate/Pipeline/Pipeline->{closure:{closure:Illuminate/Pipeline/Pipeline::carry():194}:195}(Object(Illuminate/Http/Request))
#41 D:/Website-monitoring/vendor/laravel/framework/src/Illuminate/Pipeline/Pipeline.php(219): Illuminate/Foundation/Http/Middleware/InvokeDeferredCallbacks->handle(Object(Illuminate/Http/Request), Object(Closure))
#42 D:/Website-monitoring/vendor/laravel/framework/src/Illuminate/Http/Middleware/ValidatePathEncoding.php(28): Illuminate/Pipeline/Pipeline->{closure:{closure:Illuminate/Pipeline/Pipeline::carry():194}:195}(Object(Illuminate/Http/Request))
#43 D:/Website-monitoring/vendor/laravel/framework/src/Illuminate/Pipeline/Pipeline.php(219): Illuminate/Http/Middleware/ValidatePathEncoding->handle(Object(Illuminate/Http/Request), Object(Closure))
#44 D:/Website-monitoring/vendor/laravel/framework/src/Illuminate/Pipeline/Pipeline.php(137): Illuminate/Pipeline/Pipeline->{closure:{closure:Illuminate/Pipeline/Pipeline::carry():194}:195}(Object(Illuminate/Http/Request))
#45 D:/Website-monitoring/vendor/laravel/framework/src/Illuminate/Foundation/Http/Kernel.php(175): Illuminate/Pipeline/Pipeline->then(Object(Closure))
#46 D:/Website-monitoring/vendor/laravel/framework/src/Illuminate/Foundation/Http/Kernel.php(144): Illuminate/Foundation/Http/Kernel->sendRequestThroughRouter(Object(Illuminate/Http/Request))
#47 D:/Website-monitoring/vendor/laravel/framework/src/Illuminate/Foundation/Application.php(1227): Illuminate/Foundation/Http/Kernel->handle(Object(Illuminate/Http/Request))
#48 D:/Website-monitoring/public/index.php(20): Illuminate/Foundation/Application->handleRequest(Object(Illuminate/Http/Request))
#49 D:/Website-monitoring/vendor/laravel/framework/src/Illuminate/Foundation/resources/server.php(23): require_once('D://Website-moni...')
#50 {main}
"} 
[2026-09-14 02:19:04] production.ERROR: No application encryption key has been specified. {"exception":"[object] (Illuminate\\Encryption\\MissingAppKeyException(code: 0): No application encryption key has been specified. at D:/Website-monitoring/vendor/laravel/framework/src/Illuminate/Encryption/EncryptionServiceProvider.php:83)
[stacktrace]
#0 D:/Website-monitoring/vendor/laravel/framework/src/Illuminate/Support/helpers.php(393): Illuminate/Encryption/EncryptionServiceProvider->{closure:Illuminate/Encryption/EncryptionServiceProvider::key():81}(NULL)
#1 D:/Website-monitoring/vendor/laravel/framework/src/Illuminate/Encryption/EncryptionServiceProvider.php(81): tap(NULL, Object(Closure))
#2 D:/Website-monitoring/vendor/laravel/framework/src/Illuminate/Encryption/EncryptionServiceProvider.php(64): Illuminate/Encryption/EncryptionServiceProvider->key(Array)
#3 D:/Website-monitoring/vendor/laravel/framework/src/Illuminate/Encryption/EncryptionServiceProvider.php(32): Illuminate/Encryption/EncryptionServiceProvider->parseKey(Array)
#4 D:/Website-monitoring/vendor/laravel/framework/src/Illuminate/Container/Container.php(1140): Illuminate/Encryption/EncryptionServiceProvider->{closure:Illuminate/Encryption/EncryptionServiceProvider::registerEncrypter():29}(Object(Illuminate/Foundation/Application), Array)
#5 D:/Website-monitoring/vendor/laravel/framework/src/Illuminate/Container/Container.php(939): Illuminate/Container/Container->build(Object(Closure))
#6 D:/Website-monitoring/vendor/laravel/framework/src/Illuminate/Foundation/Application.php(1085): Illuminate/Container/Container->resolve('encrypter', Array, true)
#7 D:/Website-monitoring/vendor/laravel/framework/src/Illuminate/Container/Container.php(867): Illuminate/Foundation/Application->resolve('encrypter', Array)
#8 D:/Website-monitoring/vendor/laravel/framework/src/Illuminate/Foundation/Application.php(1065): Illuminate/Container/Container->make('encrypter', Array)
#9 D:/Website-monitoring/vendor/laravel/framework/src/Illuminate/Container/Container.php(1363): Illuminate/Foundation/Application->make('encrypter')
#10 D:/Website-monitoring/vendor/laravel/framework/src/Illuminate/Container/Container.php(1264): Illuminate/Container/Container->resolveClass(Object(ReflectionParameter), 'Illuminate//Cont...')
#11 D:/Website-monitoring/vendor/laravel/framework/src/Illuminate/Container/Container.php(1187): Illuminate/Container/Container->resolveDependencies(Array)
#12 D:/Website-monitoring/vendor/laravel/framework/src/Illuminate/Container/Container.php(939): Illuminate/Container/Container->build('Illuminate//Cook...')
#13 D:/Website-monitoring/vendor/laravel/framework/src/Illuminate/Foundation/Application.php(1085): Illuminate/Container/Container->resolve('Illuminate//Cook...', Array, true)
#14 D:/Website-monitoring/vendor/laravel/framework/src/Illuminate/Container/Container.php(867): Illuminate/Foundation/Application->resolve('Illuminate//Cook...', Array)
#15 D:/Website-monitoring/vendor/laravel/framework/src/Illuminate/Foundation/Application.php(1065): Illuminate/Container/Container->make('Illuminate//Cook...', Array)
#16 D:/Website-monitoring/vendor/laravel/framework/src/Illuminate/Foundation/Http/Kernel.php(257): Illuminate/Foundation/Application->make('Illuminate//Cook...')
#17 D:/Website-monitoring/vendor/laravel/framework/src/Illuminate/Foundation/Http/Kernel.php(215): Illuminate/Foundation/Http/Kernel->terminateMiddleware(Object(Illuminate/Http/Request), Object(Illuminate/Http/Response))
#18 D:/Website-monitoring/vendor/laravel/framework/src/Illuminate/Foundation/Application.php(1229): Illuminate/Foundation/Http/Kernel->terminate(Object(Illuminate/Http/Request), Object(Illuminate/Http/Response))
#19 D:/Website-monitoring/public/index.php(20): Illuminate/Foundation/Application->handleRequest(Object(Illuminate/Http/Request))
#20 D:/Website-monitoring/vendor/laravel/framework/src/Illuminate/Foundation/resources/server.php(23): require_once('D://Website-moni...')
#21 {main}
"} 
[2026-09-14 02:19:04] production.ERROR: Uncaught ErrorException: Cannot modify header information - headers already sent by (output started at D:\Website-monitoring\vendor\symfony\http-foundation\Response.php:393) in D:\Website-monitoring\vendor\symfony\http-foundation\Response.php:328
Stack trace:
#0 D:\Website-monitoring\vendor\laravel\framework\src\Illuminate\Foundation\Bootstrap\HandleExceptions.php(265): Illuminate\Foundation\Bootstrap\HandleExceptions->handleError(2, 'Cannot modify h...', 'D:\\Website-moni...', 328)
#1 [internal function]: Illuminate\Foundation\Bootstrap\HandleExceptions->{closure:Illuminate\Foundation\Bootstrap\HandleExceptions::forwardsTo():264}(2, 'Cannot modify h...', 'D:\\Website-moni...', 328)
#2 D:\Website-monitoring\vendor\symfony\http-foundation\Response.php(328): header('HTTP/1.1 500 In...', true, 500)
#3 D:\Website-monitoring\vendor\symfony\http-foundation\Response.php(407): Symfony\Component\HttpFoundation\Response->sendHeaders()
#4 D:\Website-monitoring\vendor\laravel\framework\src\Illuminate\Foundation\Bootstrap\HandleExceptions.php(228): Symfony\Component\HttpFoundation\Response->send()
#5 D:\Website-monitoring\vendor\laravel\framework\src\Illuminate\Foundation\Bootstrap\HandleExceptions.php(205): Illuminate\Foundation\Bootstrap\HandleExceptions->renderHttpResponse(Object(Illuminate\Encryption\MissingAppKeyException))
#6 D:\Website-monitoring\vendor\laravel\framework\src\Illuminate\Foundation\Bootstrap\HandleExceptions.php(265): Illuminate\Foundation\Bootstrap\HandleExceptions->handleException(Object(Illuminate\Encryption\MissingAppKeyException))
#7 [internal function]: Illuminate\Foundation\Bootstrap\HandleExceptions->{closure:Illuminate\Foundation\Bootstrap\HandleExceptions::forwardsTo():264}(Object(Illuminate\Encryption\MissingAppKeyException))
#8 {main}
  thrown {"exception":"[object] (Symfony\\Component\\ErrorHandler\\Error\\FatalError(code: 0): Uncaught ErrorException: Cannot modify header information - headers already sent by (output started at D:\\Website-monitoring\\vendor\\symfony\\http-foundation\\Response.php:393) in D:\\Website-monitoring\\vendor\\symfony\\http-foundation\\Response.php:328
Stack trace:
#0 D:\\Website-monitoring\\vendor\\laravel\\framework\\src\\Illuminate\\Foundation\\Bootstrap\\HandleExceptions.php(265): Illuminate\\Foundation\\Bootstrap\\HandleExceptions->handleError(2, 'Cannot modify h...', 'D:\\\\Website-moni...', 328)
#1 [internal function]: Illuminate\\Foundation\\Bootstrap\\HandleExceptions->{closure:Illuminate\\Foundation\\Bootstrap\\HandleExceptions::forwardsTo():264}(2, 'Cannot modify h...', 'D:\\\\Website-moni...', 328)
#2 D:\\Website-monitoring\\vendor\\symfony\\http-foundation\\Response.php(328): header('HTTP/1.1 500 In...', true, 500)
#3 D:\\Website-monitoring\\vendor\\symfony\\http-foundation\\Response.php(407): Symfony\\Component\\HttpFoundation\\Response->sendHeaders()
#4 D:\\Website-monitoring\\vendor\\laravel\\framework\\src\\Illuminate\\Foundation\\Bootstrap\\HandleExceptions.php(228): Symfony\\Component\\HttpFoundation\\Response->send()
#5 D:\\Website-monitoring\\vendor\\laravel\\framework\\src\\Illuminate\\Foundation\\Bootstrap\\HandleExceptions.php(205): Illuminate\\Foundation\\Bootstrap\\HandleExceptions->renderHttpResponse(Object(Illuminate\\Encryption\\MissingAppKeyException))
#6 D:\\Website-monitoring\\vendor\\laravel\\framework\\src\\Illuminate\\Foundation\\Bootstrap\\HandleExceptions.php(265): Illuminate\\Foundation\\Bootstrap\\HandleExceptions->handleException(Object(Illuminate\\Encryption\\MissingAppKeyException))
#7 [internal function]: Illuminate\\Foundation\\Bootstrap\\HandleExceptions->{closure:Illuminate\\Foundation\\Bootstrap\\HandleExceptions::forwardsTo():264}(Object(Illuminate\\Encryption\\MissingAppKeyException))
#8 {main}
  thrown at D:/Website-monitoring/vendor/symfony/http-foundation/Response.php:328)
[stacktrace]
#0 {main}
"} 
[2026-09-14 02:19:20] production.ERROR: No application encryption key has been specified. {"exception":"[object] (Illuminate\\Encryption\\MissingAppKeyException(code: 0): No application encryption key has been specified. at D:/Website-monitoring/vendor/laravel/framework/src/Illuminate/Encryption/EncryptionServiceProvider.php:83)
[stacktrace]
#0 D:/Website-monitoring/vendor/laravel/framework/src/Illuminate/Support/helpers.php(393): Illuminate/Encryption/EncryptionServiceProvider->{closure:Illuminate/Encryption/EncryptionServiceProvider::key():81}(NULL)
#1 D:/Website-monitoring/vendor/laravel/framework/src/Illuminate/Encryption/EncryptionServiceProvider.php(81): tap(NULL, Object(Closure))
#2 D:/Website-monitoring/vendor/laravel/framework/src/Illuminate/Encryption/EncryptionServiceProvider.php(64): Illuminate/Encryption/EncryptionServiceProvider->key(Array)
#3 D:/Website-monitoring/vendor/laravel/framework/src/Illuminate/Encryption/EncryptionServiceProvider.php(32): Illuminate/Encryption/EncryptionServiceProvider->parseKey(Array)
#4 D:/Website-monitoring/vendor/laravel/framework/src/Illuminate/Container/Container.php(1140): Illuminate/Encryption/EncryptionServiceProvider->{closure:Illuminate/Encryption/EncryptionServiceProvider::registerEncrypter():29}(Object(Illuminate/Foundation/Application), Array)
#5 D:/Website-monitoring/vendor/laravel/framework/src/Illuminate/Container/Container.php(939): Illuminate/Container/Container->build(Object(Closure))
#6 D:/Website-monitoring/vendor/laravel/framework/src/Illuminate/Foundation/Application.php(1085): Illuminate/Container/Container->resolve('encrypter', Array, true)
#7 D:/Website-monitoring/vendor/laravel/framework/src/Illuminate/Container/Container.php(867): Illuminate/Foundation/Application->resolve('encrypter', Array)
#8 D:/Website-monitoring/vendor/laravel/framework/src/Illuminate/Foundation/Application.php(1065): Illuminate/Container/Container->make('encrypter', Array)
#9 D:/Website-monitoring/vendor/laravel/framework/src/Illuminate/Container/Container.php(1363): Illuminate/Foundation/Application->make('encrypter')
#10 D:/Website-monitoring/vendor/laravel/framework/src/Illuminate/Container/Container.php(1264): Illuminate/Container/Container->resolveClass(Object(ReflectionParameter), 'Illuminate//Cont...')
#11 D:/Website-monitoring/vendor/laravel/framework/src/Illuminate/Container/Container.php(1187): Illuminate/Container/Container->resolveDependencies(Array)
#12 D:/Website-monitoring/vendor/laravel/framework/src/Illuminate/Container/Container.php(939): Illuminate/Container/Container->build('Illuminate//Cook...')
#13 D:/Website-monitoring/vendor/laravel/framework/src/Illuminate/Foundation/Application.php(1085): Illuminate/Container/Container->resolve('Illuminate//Cook...', Array, true)
#14 D:/Website-monitoring/vendor/laravel/framework/src/Illuminate/Container/Container.php(867): Illuminate/Foundation/Application->resolve('Illuminate//Cook...', Array)
#15 D:/Website-monitoring/vendor/laravel/framework/src/Illuminate/Foundation/Application.php(1065): Illuminate/Container/Container->make('Illuminate//Cook...', Array)
#16 D:/Website-monitoring/vendor/laravel/framework/src/Illuminate/Pipeline/Pipeline.php(208): Illuminate/Foundation/Application->make('Illuminate//Cook...')
#17 D:/Website-monitoring/vendor/laravel/framework/src/Illuminate/Pipeline/Pipeline.php(137): Illuminate/Pipeline/Pipeline->{closure:{closure:Illuminate/Pipeline/Pipeline::carry():194}:195}(Object(Illuminate/Http/Request))
#18 D:/Website-monitoring/vendor/laravel/framework/src/Illuminate/Routing/Router.php(821): Illuminate/Pipeline/Pipeline->then(Object(Closure))
#19 D:/Website-monitoring/vendor/laravel/framework/src/Illuminate/Routing/Router.php(800): Illuminate/Routing/Router->runRouteWithinStack(Object(Illuminate/Routing/Route), Object(Illuminate/Http/Request))
#20 D:/Website-monitoring/vendor/laravel/framework/src/Illuminate/Routing/Router.php(764): Illuminate/Routing/Router->runRoute(Object(Illuminate/Http/Request), Object(Illuminate/Routing/Route))
#21 D:/Website-monitoring/vendor/laravel/framework/src/Illuminate/Routing/Router.php(753): Illuminate/Routing/Router->dispatchToRoute(Object(Illuminate/Http/Request))
#22 D:/Website-monitoring/vendor/laravel/framework/src/Illuminate/Foundation/Http/Kernel.php(200): Illuminate/Routing/Router->dispatch(Object(Illuminate/Http/Request))
#23 D:/Website-monitoring/vendor/laravel/framework/src/Illuminate/Pipeline/Pipeline.php(180): Illuminate/Foundation/Http/Kernel->{closure:Illuminate/Foundation/Http/Kernel::dispatchToRouter():197}(Object(Illuminate/Http/Request))
#24 D:/Website-monitoring/app/Http/Middleware/SecurityHeaders.php(14): Illuminate/Pipeline/Pipeline->{closure:Illuminate/Pipeline/Pipeline::prepareDestination():178}(Object(Illuminate/Http/Request))
#25 D:/Website-monitoring/vendor/laravel/framework/src/Illuminate/Pipeline/Pipeline.php(219): App/Http/Middleware/SecurityHeaders->handle(Object(Illuminate/Http/Request), Object(Closure))
#26 D:/Website-monitoring/vendor/laravel/framework/src/Illuminate/Foundation/Http/Middleware/TransformsRequest.php(21): Illuminate/Pipeline/Pipeline->{closure:{closure:Illuminate/Pipeline/Pipeline::carry():194}:195}(Object(Illuminate/Http/Request))
#27 D:/Website-monitoring/vendor/laravel/framework/src/Illuminate/Foundation/Http/Middleware/ConvertEmptyStringsToNull.php(31): Illuminate/Foundation/Http/Middleware/TransformsRequest->handle(Object(Illuminate/Http/Request), Object(Closure))
#28 D:/Website-monitoring/vendor/laravel/framework/src/Illuminate/Pipeline/Pipeline.php(219): Illuminate/Foundation/Http/Middleware/ConvertEmptyStringsToNull->handle(Object(Illuminate/Http/Request), Object(Closure))
#29 D:/Website-monitoring/vendor/laravel/framework/src/Illuminate/Foundation/Http/Middleware/TransformsRequest.php(21): Illuminate/Pipeline/Pipeline->{closure:{closure:Illuminate/Pipeline/Pipeline::carry():194}:195}(Object(Illuminate/Http/Request))
#30 D:/Website-monitoring/vendor/laravel/framework/src/Illuminate/Foundation/Http/Middleware/TrimStrings.php(51): Illuminate/Foundation/Http/Middleware/TransformsRequest->handle(Object(Illuminate/Http/Request), Object(Closure))
#31 D:/Website-monitoring/vendor/laravel/framework/src/Illuminate/Pipeline/Pipeline.php(219): Illuminate/Foundation/Http/Middleware/TrimStrings->handle(Object(Illuminate/Http/Request), Object(Closure))
#32 D:/Website-monitoring/vendor/laravel/framework/src/Illuminate/Http/Middleware/ValidatePostSize.php(27): Illuminate/Pipeline/Pipeline->{closure:{closure:Illuminate/Pipeline/Pipeline::carry():194}:195}(Object(Illuminate/Http/Request))
#33 D:/Website-monitoring/vendor/laravel/framework/src/Illuminate/Pipeline/Pipeline.php(219): Illuminate/Http/Middleware/ValidatePostSize->handle(Object(Illuminate/Http/Request), Object(Closure))
#34 D:/Website-monitoring/vendor/laravel/framework/src/Illuminate/Foundation/Http/Middleware/PreventRequestsDuringMaintenance.php(110): Illuminate/Pipeline/Pipeline->{closure:{closure:Illuminate/Pipeline/Pipeline::carry():194}:195}(Object(Illuminate/Http/Request))
#35 D:/Website-monitoring/vendor/laravel/framework/src/Illuminate/Pipeline/Pipeline.php(219): Illuminate/Foundation/Http/Middleware/PreventRequestsDuringMaintenance->handle(Object(Illuminate/Http/Request), Object(Closure))
#36 D:/Website-monitoring/vendor/laravel/framework/src/Illuminate/Http/Middleware/HandleCors.php(61): Illuminate/Pipeline/Pipeline->{closure:{closure:Illuminate/Pipeline/Pipeline::carry():194}:195}(Object(Illuminate/Http/Request))
#37 D:/Website-monitoring/vendor/laravel/framework/src/Illuminate/Pipeline/Pipeline.php(219): Illuminate/Http/Middleware/HandleCors->handle(Object(Illuminate/Http/Request), Object(Closure))
#38 D:/Website-monitoring/vendor/laravel/framework/src/Illuminate/Http/Middleware/TrustProxies.php(58): Illuminate/Pipeline/Pipeline->{closure:{closure:Illuminate/Pipeline/Pipeline::carry():194}:195}(Object(Illuminate/Http/Request))
#39 D:/Website-monitoring/vendor/laravel/framework/src/Illuminate/Pipeline/Pipeline.php(219): Illuminate/Http/Middleware/TrustProxies->handle(Object(Illuminate/Http/Request), Object(Closure))
#40 D:/Website-monitoring/vendor/laravel/framework/src/Illuminate/Foundation/Http/Middleware/InvokeDeferredCallbacks.php(22): Illuminate/Pipeline/Pipeline->{closure:{closure:Illuminate/Pipeline/Pipeline::carry():194}:195}(Object(Illuminate/Http/Request))
#41 D:/Website-monitoring/vendor/laravel/framework/src/Illuminate/Pipeline/Pipeline.php(219): Illuminate/Foundation/Http/Middleware/InvokeDeferredCallbacks->handle(Object(Illuminate/Http/Request), Object(Closure))
#42 D:/Website-monitoring/vendor/laravel/framework/src/Illuminate/Http/Middleware/ValidatePathEncoding.php(28): Illuminate/Pipeline/Pipeline->{closure:{closure:Illuminate/Pipeline/Pipeline::carry():194}:195}(Object(Illuminate/Http/Request))
#43 D:/Website-monitoring/vendor/laravel/framework/src/Illuminate/Pipeline/Pipeline.php(219): Illuminate/Http/Middleware/ValidatePathEncoding->handle(Object(Illuminate/Http/Request), Object(Closure))
#44 D:/Website-monitoring/vendor/laravel/framework/src/Illuminate/Pipeline/Pipeline.php(137): Illuminate/Pipeline/Pipeline->{closure:{closure:Illuminate/Pipeline/Pipeline::carry():194}:195}(Object(Illuminate/Http/Request))
#45 D:/Website-monitoring/vendor/laravel/framework/src/Illuminate/Foundation/Http/Kernel.php(175): Illuminate/Pipeline/Pipeline->then(Object(Closure))
#46 D:/Website-monitoring/vendor/laravel/framework/src/Illuminate/Foundation/Http/Kernel.php(144): Illuminate/Foundation/Http/Kernel->sendRequestThroughRouter(Object(Illuminate/Http/Request))
#47 D:/Website-monitoring/vendor/laravel/framework/src/Illuminate/Foundation/Application.php(1227): Illuminate/Foundation/Http/Kernel->handle(Object(Illuminate/Http/Request))
#48 D:/Website-monitoring/public/index.php(20): Illuminate/Foundation/Application->handleRequest(Object(Illuminate/Http/Request))
#49 D:/Website-monitoring/vendor/laravel/framework/src/Illuminate/Foundation/resources/server.php(23): require_once('D://Website-moni...')
#50 {main}
"} 
[2026-09-14 02:19:20] production.ERROR: No application encryption key has been specified. {"exception":"[object] (Illuminate\\Encryption\\MissingAppKeyException(code: 0): No application encryption key has been specified. at D:/Website-monitoring/vendor/laravel/framework/src/Illuminate/Encryption/EncryptionServiceProvider.php:83)
[stacktrace]
#0 D:/Website-monitoring/vendor/laravel/framework/src/Illuminate/Support/helpers.php(393): Illuminate/Encryption/EncryptionServiceProvider->{closure:Illuminate/Encryption/EncryptionServiceProvider::key():81}(NULL)
#1 D:/Website-monitoring/vendor/laravel/framework/src/Illuminate/Encryption/EncryptionServiceProvider.php(81): tap(NULL, Object(Closure))
#2 D:/Website-monitoring/vendor/laravel/framework/src/Illuminate/Encryption/EncryptionServiceProvider.php(64): Illuminate/Encryption/EncryptionServiceProvider->key(Array)
#3 D:/Website-monitoring/vendor/laravel/framework/src/Illuminate/Encryption/EncryptionServiceProvider.php(32): Illuminate/Encryption/EncryptionServiceProvider->parseKey(Array)
#4 D:/Website-monitoring/vendor/laravel/framework/src/Illuminate/Container/Container.php(1140): Illuminate/Encryption/EncryptionServiceProvider->{closure:Illuminate/Encryption/EncryptionServiceProvider::registerEncrypter():29}(Object(Illuminate/Foundation/Application), Array)
#5 D:/Website-monitoring/vendor/laravel/framework/src/Illuminate/Container/Container.php(939): Illuminate/Container/Container->build(Object(Closure))
#6 D:/Website-monitoring/vendor/laravel/framework/src/Illuminate/Foundation/Application.php(1085): Illuminate/Container/Container->resolve('encrypter', Array, true)
#7 D:/Website-monitoring/vendor/laravel/framework/src/Illuminate/Container/Container.php(867): Illuminate/Foundation/Application->resolve('encrypter', Array)
#8 D:/Website-monitoring/vendor/laravel/framework/src/Illuminate/Foundation/Application.php(1065): Illuminate/Container/Container->make('encrypter', Array)
#9 D:/Website-monitoring/vendor/laravel/framework/src/Illuminate/Container/Container.php(1363): Illuminate/Foundation/Application->make('encrypter')
#10 D:/Website-monitoring/vendor/laravel/framework/src/Illuminate/Container/Container.php(1264): Illuminate/Container/Container->resolveClass(Object(ReflectionParameter), 'Illuminate//Cont...')
#11 D:/Website-monitoring/vendor/laravel/framework/src/Illuminate/Container/Container.php(1187): Illuminate/Container/Container->resolveDependencies(Array)
#12 D:/Website-monitoring/vendor/laravel/framework/src/Illuminate/Container/Container.php(939): Illuminate/Container/Container->build('Illuminate//Cook...')
#13 D:/Website-monitoring/vendor/laravel/framework/src/Illuminate/Foundation/Application.php(1085): Illuminate/Container/Container->resolve('Illuminate//Cook...', Array, true)
#14 D:/Website-monitoring/vendor/laravel/framework/src/Illuminate/Container/Container.php(867): Illuminate/Foundation/Application->resolve('Illuminate//Cook...', Array)
#15 D:/Website-monitoring/vendor/laravel/framework/src/Illuminate/Foundation/Application.php(1065): Illuminate/Container/Container->make('Illuminate//Cook...', Array)
#16 D:/Website-monitoring/vendor/laravel/framework/src/Illuminate/Foundation/Http/Kernel.php(257): Illuminate/Foundation/Application->make('Illuminate//Cook...')
#17 D:/Website-monitoring/vendor/laravel/framework/src/Illuminate/Foundation/Http/Kernel.php(215): Illuminate/Foundation/Http/Kernel->terminateMiddleware(Object(Illuminate/Http/Request), Object(Illuminate/Http/Response))
#18 D:/Website-monitoring/vendor/laravel/framework/src/Illuminate/Foundation/Application.php(1229): Illuminate/Foundation/Http/Kernel->terminate(Object(Illuminate/Http/Request), Object(Illuminate/Http/Response))
#19 D:/Website-monitoring/public/index.php(20): Illuminate/Foundation/Application->handleRequest(Object(Illuminate/Http/Request))
#20 D:/Website-monitoring/vendor/laravel/framework/src/Illuminate/Foundation/resources/server.php(23): require_once('D://Website-moni...')
#21 {main}
"} 
[2026-09-14 02:19:20] production.ERROR: Uncaught ErrorException: Cannot modify header information - headers already sent by (output started at D:\Website-monitoring\vendor\symfony\http-foundation\Response.php:393) in D:\Website-monitoring\vendor\symfony\http-foundation\Response.php:328
Stack trace:
#0 D:\Website-monitoring\vendor\laravel\framework\src\Illuminate\Foundation\Bootstrap\HandleExceptions.php(265): Illuminate\Foundation\Bootstrap\HandleExceptions->handleError(2, 'Cannot modify h...', 'D:\\Website-moni...', 328)
#1 [internal function]: Illuminate\Foundation\Bootstrap\HandleExceptions->{closure:Illuminate\Foundation\Bootstrap\HandleExceptions::forwardsTo():264}(2, 'Cannot modify h...', 'D:\\Website-moni...', 328)
#2 D:\Website-monitoring\vendor\symfony\http-foundation\Response.php(328): header('HTTP/1.1 500 In...', true, 500)
#3 D:\Website-monitoring\vendor\symfony\http-foundation\Response.php(407): Symfony\Component\HttpFoundation\Response->sendHeaders()
#4 D:\Website-monitoring\vendor\laravel\framework\src\Illuminate\Foundation\Bootstrap\HandleExceptions.php(228): Symfony\Component\HttpFoundation\Response->send()
#5 D:\Website-monitoring\vendor\laravel\framework\src\Illuminate\Foundation\Bootstrap\HandleExceptions.php(205): Illuminate\Foundation\Bootstrap\HandleExceptions->renderHttpResponse(Object(Illuminate\Encryption\MissingAppKeyException))
#6 D:\Website-monitoring\vendor\laravel\framework\src\Illuminate\Foundation\Bootstrap\HandleExceptions.php(265): Illuminate\Foundation\Bootstrap\HandleExceptions->handleException(Object(Illuminate\Encryption\MissingAppKeyException))
#7 [internal function]: Illuminate\Foundation\Bootstrap\HandleExceptions->{closure:Illuminate\Foundation\Bootstrap\HandleExceptions::forwardsTo():264}(Object(Illuminate\Encryption\MissingAppKeyException))
#8 {main}
  thrown {"exception":"[object] (Symfony\\Component\\ErrorHandler\\Error\\FatalError(code: 0): Uncaught ErrorException: Cannot modify header information - headers already sent by (output started at D:\\Website-monitoring\\vendor\\symfony\\http-foundation\\Response.php:393) in D:\\Website-monitoring\\vendor\\symfony\\http-foundation\\Response.php:328
Stack trace:
#0 D:\\Website-monitoring\\vendor\\laravel\\framework\\src\\Illuminate\\Foundation\\Bootstrap\\HandleExceptions.php(265): Illuminate\\Foundation\\Bootstrap\\HandleExceptions->handleError(2, 'Cannot modify h...', 'D:\\\\Website-moni...', 328)
#1 [internal function]: Illuminate\\Foundation\\Bootstrap\\HandleExceptions->{closure:Illuminate\\Foundation\\Bootstrap\\HandleExceptions::forwardsTo():264}(2, 'Cannot modify h...', 'D:\\\\Website-moni...', 328)
#2 D:\\Website-monitoring\\vendor\\symfony\\http-foundation\\Response.php(328): header('HTTP/1.1 500 In...', true, 500)
#3 D:\\Website-monitoring\\vendor\\symfony\\http-foundation\\Response.php(407): Symfony\\Component\\HttpFoundation\\Response->sendHeaders()
#4 D:\\Website-monitoring\\vendor\\laravel\\framework\\src\\Illuminate\\Foundation\\Bootstrap\\HandleExceptions.php(228): Symfony\\Component\\HttpFoundation\\Response->send()
#5 D:\\Website-monitoring\\vendor\\laravel\\framework\\src\\Illuminate\\Foundation\\Bootstrap\\HandleExceptions.php(205): Illuminate\\Foundation\\Bootstrap\\HandleExceptions->renderHttpResponse(Object(Illuminate\\Encryption\\MissingAppKeyException))
#6 D:\\Website-monitoring\\vendor\\laravel\\framework\\src\\Illuminate\\Foundation\\Bootstrap\\HandleExceptions.php(265): Illuminate\\Foundation\\Bootstrap\\HandleExceptions->handleException(Object(Illuminate\\Encryption\\MissingAppKeyException))
#7 [internal function]: Illuminate\\Foundation\\Bootstrap\\HandleExceptions->{closure:Illuminate\\Foundation\\Bootstrap\\HandleExceptions::forwardsTo():264}(Object(Illuminate\\Encryption\\MissingAppKeyException))
#8 {main}
  thrown at D:/Website-monitoring/vendor/symfony/http-foundation/Response.php:328)
[stacktrace]
#0 {main}
"} 
[2026-09-14 02:20:35] local.ERROR: Vite manifest not found at: D:\Website-monitoring\public\build/manifest.json (View: D:\Website-monitoring\resources\views\welcome.blade.php) {"exception":"[object] (Illuminate\\View\\ViewException(code: 0): Vite manifest not found at: D:\\Website-monitoring\\public\\build/manifest.json (View: D:\\Website-monitoring\\resources\\views\\welcome.blade.php) at D:/Website-monitoring/vendor/laravel/framework/src/Illuminate/Foundation/Vite.php:974)
[stacktrace]
#0 D:/Website-monitoring/vendor/laravel/framework/src/Illuminate/View/Engines/PhpEngine.php(59): Illuminate/View/Engines/CompilerEngine->handleViewException(Object(Illuminate/Foundation/ViteManifestNotFoundException), 1)
#1 D:/Website-monitoring/vendor/laravel/framework/src/Illuminate/View/Engines/CompilerEngine.php(76): Illuminate/View/Engines/PhpEngine->evaluatePath('D://Website-moni...', Array)
#2 D:/Website-monitoring/vendor/laravel/framework/src/Illuminate/View/View.php(208): Illuminate/View/Engines/CompilerEngine->get('D://Website-moni...', Array)
#3 D:/Website-monitoring/vendor/laravel/framework/src/Illuminate/View/View.php(191): Illuminate/View/View->getContents()
#4 D:/Website-monitoring/vendor/laravel/framework/src/Illuminate/View/View.php(160): Illuminate/View/View->renderContents()
#5 D:/Website-monitoring/vendor/laravel/framework/src/Illuminate/Http/Response.php(82): Illuminate/View/View->render()
#6 D:/Website-monitoring/vendor/laravel/framework/src/Illuminate/Http/Response.php(40): Illuminate/Http/Response->setContent(Object(Illuminate/View/View))
#7 D:/Website-monitoring/vendor/laravel/framework/src/Illuminate/Routing/ResponseFactory.php(61): Illuminate/Http/Response->__construct(Object(Illuminate/View/View), 200, Array)
#8 D:/Website-monitoring/vendor/laravel/framework/src/Illuminate/Routing/ResponseFactory.php(91): Illuminate/Routing/ResponseFactory->make(Object(Illuminate/View/View), 200, Array)
#9 D:/Website-monitoring/vendor/laravel/framework/src/Illuminate/Routing/ViewController.php(40): Illuminate/Routing/ResponseFactory->view('welcome', Array, 200, Array)
#10 D:/Website-monitoring/vendor/laravel/framework/src/Illuminate/Routing/ViewController.php(57): Illuminate/Routing/ViewController->__invoke(view: 'welcome', data: Array, status: 200, headers: Array)
#11 D:/Website-monitoring/vendor/laravel/framework/src/Illuminate/Routing/ControllerDispatcher.php(43): Illuminate/Routing/ViewController->callAction('__invoke', Array)
#12 D:/Website-monitoring/vendor/laravel/framework/src/Illuminate/Routing/Route.php(276): Illuminate/Routing/ControllerDispatcher->dispatch(Object(Illuminate/Routing/Route), Object(Illuminate/Routing/ViewController), '__invoke')
#13 D:/Website-monitoring/vendor/laravel/framework/src/Illuminate/Routing/Route.php(216): Illuminate/Routing/Route->runController()
#14 D:/Website-monitoring/vendor/laravel/framework/src/Illuminate/Routing/Router.php(822): Illuminate/Routing/Route->run()
#15 D:/Website-monitoring/vendor/laravel/framework/src/Illuminate/Pipeline/Pipeline.php(180): Illuminate/Routing/Router->{closure:Illuminate/Routing/Router::runRouteWithinStack():821}(Object(Illuminate/Http/Request))
#16 D:/Website-monitoring/vendor/laravel/framework/src/Illuminate/Routing/Middleware/SubstituteBindings.php(52): Illuminate/Pipeline/Pipeline->{closure:Illuminate/Pipeline/Pipeline::prepareDestination():178}(Object(Illuminate/Http/Request))
#17 D:/Website-monitoring/vendor/laravel/framework/src/Illuminate/Pipeline/Pipeline.php(219): Illuminate/Routing/Middleware/SubstituteBindings->handle(Object(Illuminate/Http/Request), Object(Closure))
#18 D:/Website-monitoring/vendor/laravel/framework/src/Illuminate/Foundation/Http/Middleware/PreventRequestForgery.php(104): Illuminate/Pipeline/Pipeline->{closure:{closure:Illuminate/Pipeline/Pipeline::carry():194}:195}(Object(Illuminate/Http/Request))
#19 D:/Website-monitoring/vendor/laravel/framework/src/Illuminate/Pipeline/Pipeline.php(219): Illuminate/Foundation/Http/Middleware/PreventRequestForgery->handle(Object(Illuminate/Http/Request), Object(Closure))
#20 D:/Website-monitoring/vendor/laravel/framework/src/Illuminate/View/Middleware/ShareErrorsFromSession.php(48): Illuminate/Pipeline/Pipeline->{closure:{closure:Illuminate/Pipeline/Pipeline::carry():194}:195}(Object(Illuminate/Http/Request))
#21 D:/Website-monitoring/vendor/laravel/framework/src/Illuminate/Pipeline/Pipeline.php(219): Illuminate/View/Middleware/ShareErrorsFromSession->handle(Object(Illuminate/Http/Request), Object(Closure))
#22 D:/Website-monitoring/vendor/laravel/framework/src/Illuminate/Session/Middleware/StartSession.php(120): Illuminate/Pipeline/Pipeline->{closure:{closure:Illuminate/Pipeline/Pipeline::carry():194}:195}(Object(Illuminate/Http/Request))
#23 D:/Website-monitoring/vendor/laravel/framework/src/Illuminate/Session/Middleware/StartSession.php(63): Illuminate/Session/Middleware/StartSession->handleStatefulRequest(Object(Illuminate/Http/Request), Object(Illuminate/Session/Store), Object(Closure))
#24 D:/Website-monitoring/vendor/laravel/framework/src/Illuminate/Pipeline/Pipeline.php(219): Illuminate/Session/Middleware/StartSession->handle(Object(Illuminate/Http/Request), Object(Closure))
#25 D:/Website-monitoring/vendor/laravel/framework/src/Illuminate/Cookie/Middleware/AddQueuedCookiesToResponse.php(36): Illuminate/Pipeline/Pipeline->{closure:{closure:Illuminate/Pipeline/Pipeline::carry():194}:195}(Object(Illuminate/Http/Request))
#26 D:/Website-monitoring/vendor/laravel/framework/src/Illuminate/Pipeline/Pipeline.php(219): Illuminate/Cookie/Middleware/AddQueuedCookiesToResponse->handle(Object(Illuminate/Http/Request), Object(Closure))
#27 D:/Website-monitoring/vendor/laravel/framework/src/Illuminate/Cookie/Middleware/EncryptCookies.php(74): Illuminate/Pipeline/Pipeline->{closure:{closure:Illuminate/Pipeline/Pipeline::carry():194}:195}(Object(Illuminate/Http/Request))
#28 D:/Website-monitoring/vendor/laravel/framework/src/Illuminate/Pipeline/Pipeline.php(219): Illuminate/Cookie/Middleware/EncryptCookies->handle(Object(Illuminate/Http/Request), Object(Closure))
#29 D:/Website-monitoring/vendor/laravel/framework/src/Illuminate/Pipeline/Pipeline.php(137): Illuminate/Pipeline/Pipeline->{closure:{closure:Illuminate/Pipeline/Pipeline::carry():194}:195}(Object(Illuminate/Http/Request))
#30 D:/Website-monitoring/vendor/laravel/framework/src/Illuminate/Routing/Router.php(821): Illuminate/Pipeline/Pipeline->then(Object(Closure))
#31 D:/Website-monitoring/vendor/laravel/framework/src/Illuminate/Routing/Router.php(800): Illuminate/Routing/Router->runRouteWithinStack(Object(Illuminate/Routing/Route), Object(Illuminate/Http/Request))
#32 D:/Website-monitoring/vendor/laravel/framework/src/Illuminate/Routing/Router.php(764): Illuminate/Routing/Router->runRoute(Object(Illuminate/Http/Request), Object(Illuminate/Routing/Route))
#33 D:/Website-monitoring/vendor/laravel/framework/src/Illuminate/Routing/Router.php(753): Illuminate/Routing/Router->dispatchToRoute(Object(Illuminate/Http/Request))
#34 D:/Website-monitoring/vendor/laravel/framework/src/Illuminate/Foundation/Http/Kernel.php(200): Illuminate/Routing/Router->dispatch(Object(Illuminate/Http/Request))
#35 D:/Website-monitoring/vendor/laravel/framework/src/Illuminate/Pipeline/Pipeline.php(180): Illuminate/Foundation/Http/Kernel->{closure:Illuminate/Foundation/Http/Kernel::dispatchToRouter():197}(Object(Illuminate/Http/Request))
#36 D:/Website-monitoring/app/Http/Middleware/SecurityHeaders.php(14): Illuminate/Pipeline/Pipeline->{closure:Illuminate/Pipeline/Pipeline::prepareDestination():178}(Object(Illuminate/Http/Request))
#37 D:/Website-monitoring/vendor/laravel/framework/src/Illuminate/Pipeline/Pipeline.php(219): App/Http/Middleware/SecurityHeaders->handle(Object(Illuminate/Http/Request), Object(Closure))
#38 D:/Website-monitoring/vendor/laravel/framework/src/Illuminate/Foundation/Http/Middleware/TransformsRequest.php(21): Illuminate/Pipeline/Pipeline->{closure:{closure:Illuminate/Pipeline/Pipeline::carry():194}:195}(Object(Illuminate/Http/Request))
#39 D:/Website-monitoring/vendor/laravel/framework/src/Illuminate/Foundation/Http/Middleware/ConvertEmptyStringsToNull.php(31): Illuminate/Foundation/Http/Middleware/TransformsRequest->handle(Object(Illuminate/Http/Request), Object(Closure))
#40 D:/Website-monitoring/vendor/laravel/framework/src/Illuminate/Pipeline/Pipeline.php(219): Illuminate/Foundation/Http/Middleware/ConvertEmptyStringsToNull->handle(Object(Illuminate/Http/Request), Object(Closure))
#41 D:/Website-monitoring/vendor/laravel/framework/src/Illuminate/Foundation/Http/Middleware/TransformsRequest.php(21): Illuminate/Pipeline/Pipeline->{closure:{closure:Illuminate/Pipeline/Pipeline::carry():194}:195}(Object(Illuminate/Http/Request))
#42 D:/Website-monitoring/vendor/laravel/framework/src/Illuminate/Foundation/Http/Middleware/TrimStrings.php(51): Illuminate/Foundation/Http/Middleware/TransformsRequest->handle(Object(Illuminate/Http/Request), Object(Closure))
#43 D:/Website-monitoring/vendor/laravel/framework/src/Illuminate/Pipeline/Pipeline.php(219): Illuminate/Foundation/Http/Middleware/TrimStrings->handle(Object(Illuminate/Http/Request), Object(Closure))
#44 D:/Website-monitoring/vendor/laravel/framework/src/Illuminate/Http/Middleware/ValidatePostSize.php(27): Illuminate/Pipeline/Pipeline->{closure:{closure:Illuminate/Pipeline/Pipeline::carry():194}:195}(Object(Illuminate/Http/Request))
#45 D:/Website-monitoring/vendor/laravel/framework/src/Illuminate/Pipeline/Pipeline.php(219): Illuminate/Http/Middleware/ValidatePostSize->handle(Object(Illuminate/Http/Request), Object(Closure))
#46 D:/Website-monitoring/vendor/laravel/framework/src/Illuminate/Foundation/Http/Middleware/PreventRequestsDuringMaintenance.php(110): Illuminate/Pipeline/Pipeline->{closure:{closure:Illuminate/Pipeline/Pipeline::carry():194}:195}(Object(Illuminate/Http/Request))
#47 D:/Website-monitoring/vendor/laravel/framework/src/Illuminate/Pipeline/Pipeline.php(219): Illuminate/Foundation/Http/Middleware/PreventRequestsDuringMaintenance->handle(Object(Illuminate/Http/Request), Object(Closure))
#48 D:/Website-monitoring/vendor/laravel/framework/src/Illuminate/Http/Middleware/HandleCors.php(61): Illuminate/Pipeline/Pipeline->{closure:{closure:Illuminate/Pipeline/Pipeline::carry():194}:195}(Object(Illuminate/Http/Request))
#49 D:/Website-monitoring/vendor/laravel/framework/src/Illuminate/Pipeline/Pipeline.php(219): Illuminate/Http/Middleware/HandleCors->handle(Object(Illuminate/Http/Request), Object(Closure))
#50 D:/Website-monitoring/vendor/laravel/framework/src/Illuminate/Http/Middleware/TrustProxies.php(58): Illuminate/Pipeline/Pipeline->{closure:{closure:Illuminate/Pipeline/Pipeline::carry():194}:195}(Object(Illuminate/Http/Request))
#51 D:/Website-monitoring/vendor/laravel/framework/src/Illuminate/Pipeline/Pipeline.php(219): Illuminate/Http/Middleware/TrustProxies->handle(Object(Illuminate/Http/Request), Object(Closure))
#52 D:/Website-monitoring/vendor/laravel/framework/src/Illuminate/Foundation/Http/Middleware/InvokeDeferredCallbacks.php(22): Illuminate/Pipeline/Pipeline->{closure:{closure:Illuminate/Pipeline/Pipeline::carry():194}:195}(Object(Illuminate/Http/Request))
#53 D:/Website-monitoring/vendor/laravel/framework/src/Illuminate/Pipeline/Pipeline.php(219): Illuminate/Foundation/Http/Middleware/InvokeDeferredCallbacks->handle(Object(Illuminate/Http/Request), Object(Closure))
#54 D:/Website-monitoring/vendor/laravel/framework/src/Illuminate/Http/Middleware/ValidatePathEncoding.php(28): Illuminate/Pipeline/Pipeline->{closure:{closure:Illuminate/Pipeline/Pipeline::carry():194}:195}(Object(Illuminate/Http/Request))
#55 D:/Website-monitoring/vendor/laravel/framework/src/Illuminate/Pipeline/Pipeline.php(219): Illuminate/Http/Middleware/ValidatePathEncoding->handle(Object(Illuminate/Http/Request), Object(Closure))
#56 D:/Website-monitoring/vendor/laravel/framework/src/Illuminate/Pipeline/Pipeline.php(137): Illuminate/Pipeline/Pipeline->{closure:{closure:Illuminate/Pipeline/Pipeline::carry():194}:195}(Object(Illuminate/Http/Request))
#57 D:/Website-monitoring/vendor/laravel/framework/src/Illuminate/Foundation/Http/Kernel.php(175): Illuminate/Pipeline/Pipeline->then(Object(Closure))
#58 D:/Website-monitoring/vendor/laravel/framework/src/Illuminate/Foundation/Http/Kernel.php(144): Illuminate/Foundation/Http/Kernel->sendRequestThroughRouter(Object(Illuminate/Http/Request))
#59 D:/Website-monitoring/vendor/laravel/framework/src/Illuminate/Foundation/Application.php(1227): Illuminate/Foundation/Http/Kernel->handle(Object(Illuminate/Http/Request))
#60 D:/Website-monitoring/public/index.php(20): Illuminate/Foundation/Application->handleRequest(Object(Illuminate/Http/Request))
#61 D:/Website-monitoring/vendor/laravel/framework/src/Illuminate/Foundation/resources/server.php(23): require_once('D://Website-moni...')
#62 {main}

[previous exception] [object] (Illuminate\\Foundation\\ViteManifestNotFoundException(code: 0): Vite manifest not found at: D:\\Website-monitoring\\public\\build/manifest.json at D:/Website-monitoring/vendor/laravel/framework/src/Illuminate/Foundation/Vite.php:974)
[stacktrace]
#0 D:/Website-monitoring/vendor/laravel/framework/src/Illuminate/Foundation/Vite.php(398): Illuminate/Foundation/Vite->manifest('build')
#1 D:/Website-monitoring/storage/framework/views/4d39298a5cf802eb051393847a2877d2.php(10): Illuminate/Foundation/Vite->__invoke(Object(Illuminate/Support/Collection))
#2 D:/Website-monitoring/vendor/laravel/framework/src/Illuminate/Filesystem/Filesystem.php(123): require('D://Website-moni...')
#3 D:/Website-monitoring/vendor/laravel/framework/src/Illuminate/Filesystem/Filesystem.php(124): Illuminate/Filesystem/Filesystem::{closure:Illuminate/Filesystem/Filesystem::getRequire():120}()
#4 D:/Website-monitoring/vendor/laravel/framework/src/Illuminate/View/Engines/PhpEngine.php(57): Illuminate/Filesystem/Filesystem->getRequire('D://Website-moni...', Array)
#5 D:/Website-monitoring/vendor/laravel/framework/src/Illuminate/View/Engines/CompilerEngine.php(76): Illuminate/View/Engines/PhpEngine->evaluatePath('D://Website-moni...', Array)
#6 D:/Website-monitoring/vendor/laravel/framework/src/Illuminate/View/View.php(208): Illuminate/View/Engines/CompilerEngine->get('D://Website-moni...', Array)
#7 D:/Website-monitoring/vendor/laravel/framework/src/Illuminate/View/View.php(191): Illuminate/View/View->getContents()
#8 D:/Website-monitoring/vendor/laravel/framework/src/Illuminate/View/View.php(160): Illuminate/View/View->renderContents()
#9 D:/Website-monitoring/vendor/laravel/framework/src/Illuminate/Http/Response.php(82): Illuminate/View/View->render()
#10 D:/Website-monitoring/vendor/laravel/framework/src/Illuminate/Http/Response.php(40): Illuminate/Http/Response->setContent(Object(Illuminate/View/View))
#11 D:/Website-monitoring/vendor/laravel/framework/src/Illuminate/Routing/ResponseFactory.php(61): Illuminate/Http/Response->__construct(Object(Illuminate/View/View), 200, Array)
#12 D:/Website-monitoring/vendor/laravel/framework/src/Illuminate/Routing/ResponseFactory.php(91): Illuminate/Routing/ResponseFactory->make(Object(Illuminate/View/View), 200, Array)
#13 D:/Website-monitoring/vendor/laravel/framework/src/Illuminate/Routing/ViewController.php(40): Illuminate/Routing/ResponseFactory->view('welcome', Array, 200, Array)
#14 D:/Website-monitoring/vendor/laravel/framework/src/Illuminate/Routing/ViewController.php(57): Illuminate/Routing/ViewController->__invoke(view: 'welcome', data: Array, status: 200, headers: Array)
#15 D:/Website-monitoring/vendor/laravel/framework/src/Illuminate/Routing/ControllerDispatcher.php(43): Illuminate/Routing/ViewController->callAction('__invoke', Array)
#16 D:/Website-monitoring/vendor/laravel/framework/src/Illuminate/Routing/Route.php(276): Illuminate/Routing/ControllerDispatcher->dispatch(Object(Illuminate/Routing/Route), Object(Illuminate/Routing/ViewController), '__invoke')
#17 D:/Website-monitoring/vendor/laravel/framework/src/Illuminate/Routing/Route.php(216): Illuminate/Routing/Route->runController()
#18 D:/Website-monitoring/vendor/laravel/framework/src/Illuminate/Routing/Router.php(822): Illuminate/Routing/Route->run()
#19 D:/Website-monitoring/vendor/laravel/framework/src/Illuminate/Pipeline/Pipeline.php(180): Illuminate/Routing/Router->{closure:Illuminate/Routing/Router::runRouteWithinStack():821}(Object(Illuminate/Http/Request))
#20 D:/Website-monitoring/vendor/laravel/framework/src/Illuminate/Routing/Middleware/SubstituteBindings.php(52): Illuminate/Pipeline/Pipeline->{closure:Illuminate/Pipeline/Pipeline::prepareDestination():178}(Object(Illuminate/Http/Request))
#21 D:/Website-monitoring/vendor/laravel/framework/src/Illuminate/Pipeline/Pipeline.php(219): Illuminate/Routing/Middleware/SubstituteBindings->handle(Object(Illuminate/Http/Request), Object(Closure))
#22 D:/Website-monitoring/vendor/laravel/framework/src/Illuminate/Foundation/Http/Middleware/PreventRequestForgery.php(104): Illuminate/Pipeline/Pipeline->{closure:{closure:Illuminate/Pipeline/Pipeline::carry():194}:195}(Object(Illuminate/Http/Request))
#23 D:/Website-monitoring/vendor/laravel/framework/src/Illuminate/Pipeline/Pipeline.php(219): Illuminate/Foundation/Http/Middleware/PreventRequestForgery->handle(Object(Illuminate/Http/Request), Object(Closure))
#24 D:/Website-monitoring/vendor/laravel/framework/src/Illuminate/View/Middleware/ShareErrorsFromSession.php(48): Illuminate/Pipeline/Pipeline->{closure:{closure:Illuminate/Pipeline/Pipeline::carry():194}:195}(Object(Illuminate/Http/Request))
#25 D:/Website-monitoring/vendor/laravel/framework/src/Illuminate/Pipeline/Pipeline.php(219): Illuminate/View/Middleware/ShareErrorsFromSession->handle(Object(Illuminate/Http/Request), Object(Closure))
#26 D:/Website-monitoring/vendor/laravel/framework/src/Illuminate/Session/Middleware/StartSession.php(120): Illuminate/Pipeline/Pipeline->{closure:{closure:Illuminate/Pipeline/Pipeline::carry():194}:195}(Object(Illuminate/Http/Request))
#27 D:/Website-monitoring/vendor/laravel/framework/src/Illuminate/Session/Middleware/StartSession.php(63): Illuminate/Session/Middleware/StartSession->handleStatefulRequest(Object(Illuminate/Http/Request), Object(Illuminate/Session/Store), Object(Closure))
#28 D:/Website-monitoring/vendor/laravel/framework/src/Illuminate/Pipeline/Pipeline.php(219): Illuminate/Session/Middleware/StartSession->handle(Object(Illuminate/Http/Request), Object(Closure))
#29 D:/Website-monitoring/vendor/laravel/framework/src/Illuminate/Cookie/Middleware/AddQueuedCookiesToResponse.php(36): Illuminate/Pipeline/Pipeline->{closure:{closure:Illuminate/Pipeline/Pipeline::carry():194}:195}(Object(Illuminate/Http/Request))
#30 D:/Website-monitoring/vendor/laravel/framework/src/Illuminate/Pipeline/Pipeline.php(219): Illuminate/Cookie/Middleware/AddQueuedCookiesToResponse->handle(Object(Illuminate/Http/Request), Object(Closure))
#31 D:/Website-monitoring/vendor/laravel/framework/src/Illuminate/Cookie/Middleware/EncryptCookies.php(74): Illuminate/Pipeline/Pipeline->{closure:{closure:Illuminate/Pipeline/Pipeline::carry():194}:195}(Object(Illuminate/Http/Request))
#32 D:/Website-monitoring/vendor/laravel/framework/src/Illuminate/Pipeline/Pipeline.php(219): Illuminate/Cookie/Middleware/EncryptCookies->handle(Object(Illuminate/Http/Request), Object(Closure))
#33 D:/Website-monitoring/vendor/laravel/framework/src/Illuminate/Pipeline/Pipeline.php(137): Illuminate/Pipeline/Pipeline->{closure:{closure:Illuminate/Pipeline/Pipeline::carry():194}:195}(Object(Illuminate/Http/Request))
#34 D:/Website-monitoring/vendor/laravel/framework/src/Illuminate/Routing/Router.php(821): Illuminate/Pipeline/Pipeline->then(Object(Closure))
#35 D:/Website-monitoring/vendor/laravel/framework/src/Illuminate/Routing/Router.php(800): Illuminate/Routing/Router->runRouteWithinStack(Object(Illuminate/Routing/Route), Object(Illuminate/Http/Request))
#36 D:/Website-monitoring/vendor/laravel/framework/src/Illuminate/Routing/Router.php(764): Illuminate/Routing/Router->runRoute(Object(Illuminate/Http/Request), Object(Illuminate/Routing/Route))
#37 D:/Website-monitoring/vendor/laravel/framework/src/Illuminate/Routing/Router.php(753): Illuminate/Routing/Router->dispatchToRoute(Object(Illuminate/Http/Request))
#38 D:/Website-monitoring/vendor/laravel/framework/src/Illuminate/Foundation/Http/Kernel.php(200): Illuminate/Routing/Router->dispatch(Object(Illuminate/Http/Request))
#39 D:/Website-monitoring/vendor/laravel/framework/src/Illuminate/Pipeline/Pipeline.php(180): Illuminate/Foundation/Http/Kernel->{closure:Illuminate/Foundation/Http/Kernel::dispatchToRouter():197}(Object(Illuminate/Http/Request))
#40 D:/Website-monitoring/app/Http/Middleware/SecurityHeaders.php(14): Illuminate/Pipeline/Pipeline->{closure:Illuminate/Pipeline/Pipeline::prepareDestination():178}(Object(Illuminate/Http/Request))
#41 D:/Website-monitoring/vendor/laravel/framework/src/Illuminate/Pipeline/Pipeline.php(219): App/Http/Middleware/SecurityHeaders->handle(Object(Illuminate/Http/Request), Object(Closure))
#42 D:/Website-monitoring/vendor/laravel/framework/src/Illuminate/Foundation/Http/Middleware/TransformsRequest.php(21): Illuminate/Pipeline/Pipeline->{closure:{closure:Illuminate/Pipeline/Pipeline::carry():194}:195}(Object(Illuminate/Http/Request))
#43 D:/Website-monitoring/vendor/laravel/framework/src/Illuminate/Foundation/Http/Middleware/ConvertEmptyStringsToNull.php(31): Illuminate/Foundation/Http/Middleware/TransformsRequest->handle(Object(Illuminate/Http/Request), Object(Closure))
#44 D:/Website-monitoring/vendor/laravel/framework/src/Illuminate/Pipeline/Pipeline.php(219): Illuminate/Foundation/Http/Middleware/ConvertEmptyStringsToNull->handle(Object(Illuminate/Http/Request), Object(Closure))
#45 D:/Website-monitoring/vendor/laravel/framework/src/Illuminate/Foundation/Http/Middleware/TransformsRequest.php(21): Illuminate/Pipeline/Pipeline->{closure:{closure:Illuminate/Pipeline/Pipeline::carry():194}:195}(Object(Illuminate/Http/Request))
#46 D:/Website-monitoring/vendor/laravel/framework/src/Illuminate/Foundation/Http/Middleware/TrimStrings.php(51): Illuminate/Foundation/Http/Middleware/TransformsRequest->handle(Object(Illuminate/Http/Request), Object(Closure))
#47 D:/Website-monitoring/vendor/laravel/framework/src/Illuminate/Pipeline/Pipeline.php(219): Illuminate/Foundation/Http/Middleware/TrimStrings->handle(Object(Illuminate/Http/Request), Object(Closure))
#48 D:/Website-monitoring/vendor/laravel/framework/src/Illuminate/Http/Middleware/ValidatePostSize.php(27): Illuminate/Pipeline/Pipeline->{closure:{closure:Illuminate/Pipeline/Pipeline::carry():194}:195}(Object(Illuminate/Http/Request))
#49 D:/Website-monitoring/vendor/laravel/framework/src/Illuminate/Pipeline/Pipeline.php(219): Illuminate/Http/Middleware/ValidatePostSize->handle(Object(Illuminate/Http/Request), Object(Closure))
#50 D:/Website-monitoring/vendor/laravel/framework/src/Illuminate/Foundation/Http/Middleware/PreventRequestsDuringMaintenance.php(110): Illuminate/Pipeline/Pipeline->{closure:{closure:Illuminate/Pipeline/Pipeline::carry():194}:195}(Object(Illuminate/Http/Request))
#51 D:/Website-monitoring/vendor/laravel/framework/src/Illuminate/Pipeline/Pipeline.php(219): Illuminate/Foundation/Http/Middleware/PreventRequestsDuringMaintenance->handle(Object(Illuminate/Http/Request), Object(Closure))
#52 D:/Website-monitoring/vendor/laravel/framework/src/Illuminate/Http/Middleware/HandleCors.php(61): Illuminate/Pipeline/Pipeline->{closure:{closure:Illuminate/Pipeline/Pipeline::carry():194}:195}(Object(Illuminate/Http/Request))
#53 D:/Website-monitoring/vendor/laravel/framework/src/Illuminate/Pipeline/Pipeline.php(219): Illuminate/Http/Middleware/HandleCors->handle(Object(Illuminate/Http/Request), Object(Closure))
#54 D:/Website-monitoring/vendor/laravel/framework/src/Illuminate/Http/Middleware/TrustProxies.php(58): Illuminate/Pipeline/Pipeline->{closure:{closure:Illuminate/Pipeline/Pipeline::carry():194}:195}(Object(Illuminate/Http/Request))
#55 D:/Website-monitoring/vendor/laravel/framework/src/Illuminate/Pipeline/Pipeline.php(219): Illuminate/Http/Middleware/TrustProxies->handle(Object(Illuminate/Http/Request), Object(Closure))
#56 D:/Website-monitoring/vendor/laravel/framework/src/Illuminate/Foundation/Http/Middleware/InvokeDeferredCallbacks.php(22): Illuminate/Pipeline/Pipeline->{closure:{closure:Illuminate/Pipeline/Pipeline::carry():194}:195}(Object(Illuminate/Http/Request))
#57 D:/Website-monitoring/vendor/laravel/framework/src/Illuminate/Pipeline/Pipeline.php(219): Illuminate/Foundation/Http/Middleware/InvokeDeferredCallbacks->handle(Object(Illuminate/Http/Request), Object(Closure))
#58 D:/Website-monitoring/vendor/laravel/framework/src/Illuminate/Http/Middleware/ValidatePathEncoding.php(28): Illuminate/Pipeline/Pipeline->{closure:{closure:Illuminate/Pipeline/Pipeline::carry():194}:195}(Object(Illuminate/Http/Request))
#59 D:/Website-monitoring/vendor/laravel/framework/src/Illuminate/Pipeline/Pipeline.php(219): Illuminate/Http/Middleware/ValidatePathEncoding->handle(Object(Illuminate/Http/Request), Object(Closure))
#60 D:/Website-monitoring/vendor/laravel/framework/src/Illuminate/Pipeline/Pipeline.php(137): Illuminate/Pipeline/Pipeline->{closure:{closure:Illuminate/Pipeline/Pipeline::carry():194}:195}(Object(Illuminate/Http/Request))
#61 D:/Website-monitoring/vendor/laravel/framework/src/Illuminate/Foundation/Http/Kernel.php(175): Illuminate/Pipeline/Pipeline->then(Object(Closure))
#62 D:/Website-monitoring/vendor/laravel/framework/src/Illuminate/Foundation/Http/Kernel.php(144): Illuminate/Foundation/Http/Kernel->sendRequestThroughRouter(Object(Illuminate/Http/Request))
#63 D:/Website-monitoring/vendor/laravel/framework/src/Illuminate/Foundation/Application.php(1227): Illuminate/Foundation/Http/Kernel->handle(Object(Illuminate/Http/Request))
#64 D:/Website-monitoring/public/index.php(20): Illuminate/Foundation/Application->handleRequest(Object(Illuminate/Http/Request))
#65 D:/Website-monitoring/vendor/laravel/framework/src/Illuminate/Foundation/resources/server.php(23): require_once('D://Website-moni...')
#66 {main}
"} 
[2026-09-14 02:20:51] local.ERROR: Vite manifest not found at: D:\Website-monitoring\public\build/manifest.json (View: D:\Website-monitoring\resources\views\welcome.blade.php) {"exception":"[object] (Illuminate\\View\\ViewException(code: 0): Vite manifest not found at: D:\\Website-monitoring\\public\\build/manifest.json (View: D:\\Website-monitoring\\resources\\views\\welcome.blade.php) at D:/Website-monitoring/vendor/laravel/framework/src/Illuminate/Foundation/Vite.php:974)
[stacktrace]
#0 D:/Website-monitoring/vendor/laravel/framework/src/Illuminate/View/Engines/PhpEngine.php(59): Illuminate/View/Engines/CompilerEngine->handleViewException(Object(Illuminate/Foundation/ViteManifestNotFoundException), 1)
#1 D:/Website-monitoring/vendor/laravel/framework/src/Illuminate/View/Engines/CompilerEngine.php(76): Illuminate/View/Engines/PhpEngine->evaluatePath('D://Website-moni...', Array)
#2 D:/Website-monitoring/vendor/laravel/framework/src/Illuminate/View/View.php(208): Illuminate/View/Engines/CompilerEngine->get('D://Website-moni...', Array)
#3 D:/Website-monitoring/vendor/laravel/framework/src/Illuminate/View/View.php(191): Illuminate/View/View->getContents()
#4 D:/Website-monitoring/vendor/laravel/framework/src/Illuminate/View/View.php(160): Illuminate/View/View->renderContents()
#5 D:/Website-monitoring/vendor/laravel/framework/src/Illuminate/Http/Response.php(82): Illuminate/View/View->render()
#6 D:/Website-monitoring/vendor/laravel/framework/src/Illuminate/Http/Response.php(40): Illuminate/Http/Response->setContent(Object(Illuminate/View/View))
#7 D:/Website-monitoring/vendor/laravel/framework/src/Illuminate/Routing/ResponseFactory.php(61): Illuminate/Http/Response->__construct(Object(Illuminate/View/View), 200, Array)
#8 D:/Website-monitoring/vendor/laravel/framework/src/Illuminate/Routing/ResponseFactory.php(91): Illuminate/Routing/ResponseFactory->make(Object(Illuminate/View/View), 200, Array)
#9 D:/Website-monitoring/vendor/laravel/framework/src/Illuminate/Routing/ViewController.php(40): Illuminate/Routing/ResponseFactory->view('welcome', Array, 200, Array)
#10 D:/Website-monitoring/vendor/laravel/framework/src/Illuminate/Routing/ViewController.php(57): Illuminate/Routing/ViewController->__invoke(view: 'welcome', data: Array, status: 200, headers: Array)
#11 D:/Website-monitoring/vendor/laravel/framework/src/Illuminate/Routing/ControllerDispatcher.php(43): Illuminate/Routing/ViewController->callAction('__invoke', Array)
#12 D:/Website-monitoring/vendor/laravel/framework/src/Illuminate/Routing/Route.php(276): Illuminate/Routing/ControllerDispatcher->dispatch(Object(Illuminate/Routing/Route), Object(Illuminate/Routing/ViewController), '__invoke')
#13 D:/Website-monitoring/vendor/laravel/framework/src/Illuminate/Routing/Route.php(216): Illuminate/Routing/Route->runController()
#14 D:/Website-monitoring/vendor/laravel/framework/src/Illuminate/Routing/Router.php(822): Illuminate/Routing/Route->run()
#15 D:/Website-monitoring/vendor/laravel/framework/src/Illuminate/Pipeline/Pipeline.php(180): Illuminate/Routing/Router->{closure:Illuminate/Routing/Router::runRouteWithinStack():821}(Object(Illuminate/Http/Request))
#16 D:/Website-monitoring/vendor/laravel/framework/src/Illuminate/Routing/Middleware/SubstituteBindings.php(52): Illuminate/Pipeline/Pipeline->{closure:Illuminate/Pipeline/Pipeline::prepareDestination():178}(Object(Illuminate/Http/Request))
#17 D:/Website-monitoring/vendor/laravel/framework/src/Illuminate/Pipeline/Pipeline.php(219): Illuminate/Routing/Middleware/SubstituteBindings->handle(Object(Illuminate/Http/Request), Object(Closure))
#18 D:/Website-monitoring/vendor/laravel/framework/src/Illuminate/Foundation/Http/Middleware/PreventRequestForgery.php(104): Illuminate/Pipeline/Pipeline->{closure:{closure:Illuminate/Pipeline/Pipeline::carry():194}:195}(Object(Illuminate/Http/Request))
#19 D:/Website-monitoring/vendor/laravel/framework/src/Illuminate/Pipeline/Pipeline.php(219): Illuminate/Foundation/Http/Middleware/PreventRequestForgery->handle(Object(Illuminate/Http/Request), Object(Closure))
#20 D:/Website-monitoring/vendor/laravel/framework/src/Illuminate/View/Middleware/ShareErrorsFromSession.php(48): Illuminate/Pipeline/Pipeline->{closure:{closure:Illuminate/Pipeline/Pipeline::carry():194}:195}(Object(Illuminate/Http/Request))
#21 D:/Website-monitoring/vendor/laravel/framework/src/Illuminate/Pipeline/Pipeline.php(219): Illuminate/View/Middleware/ShareErrorsFromSession->handle(Object(Illuminate/Http/Request), Object(Closure))
#22 D:/Website-monitoring/vendor/laravel/framework/src/Illuminate/Session/Middleware/StartSession.php(120): Illuminate/Pipeline/Pipeline->{closure:{closure:Illuminate/Pipeline/Pipeline::carry():194}:195}(Object(Illuminate/Http/Request))
#23 D:/Website-monitoring/vendor/laravel/framework/src/Illuminate/Session/Middleware/StartSession.php(63): Illuminate/Session/Middleware/StartSession->handleStatefulRequest(Object(Illuminate/Http/Request), Object(Illuminate/Session/Store), Object(Closure))
#24 D:/Website-monitoring/vendor/laravel/framework/src/Illuminate/Pipeline/Pipeline.php(219): Illuminate/Session/Middleware/StartSession->handle(Object(Illuminate/Http/Request), Object(Closure))
#25 D:/Website-monitoring/vendor/laravel/framework/src/Illuminate/Cookie/Middleware/AddQueuedCookiesToResponse.php(36): Illuminate/Pipeline/Pipeline->{closure:{closure:Illuminate/Pipeline/Pipeline::carry():194}:195}(Object(Illuminate/Http/Request))
#26 D:/Website-monitoring/vendor/laravel/framework/src/Illuminate/Pipeline/Pipeline.php(219): Illuminate/Cookie/Middleware/AddQueuedCookiesToResponse->handle(Object(Illuminate/Http/Request), Object(Closure))
#27 D:/Website-monitoring/vendor/laravel/framework/src/Illuminate/Cookie/Middleware/EncryptCookies.php(74): Illuminate/Pipeline/Pipeline->{closure:{closure:Illuminate/Pipeline/Pipeline::carry():194}:195}(Object(Illuminate/Http/Request))
#28 D:/Website-monitoring/vendor/laravel/framework/src/Illuminate/Pipeline/Pipeline.php(219): Illuminate/Cookie/Middleware/EncryptCookies->handle(Object(Illuminate/Http/Request), Object(Closure))
#29 D:/Website-monitoring/vendor/laravel/framework/src/Illuminate/Pipeline/Pipeline.php(137): Illuminate/Pipeline/Pipeline->{closure:{closure:Illuminate/Pipeline/Pipeline::carry():194}:195}(Object(Illuminate/Http/Request))
#30 D:/Website-monitoring/vendor/laravel/framework/src/Illuminate/Routing/Router.php(821): Illuminate/Pipeline/Pipeline->then(Object(Closure))
#31 D:/Website-monitoring/vendor/laravel/framework/src/Illuminate/Routing/Router.php(800): Illuminate/Routing/Router->runRouteWithinStack(Object(Illuminate/Routing/Route), Object(Illuminate/Http/Request))
#32 D:/Website-monitoring/vendor/laravel/framework/src/Illuminate/Routing/Router.php(764): Illuminate/Routing/Router->runRoute(Object(Illuminate/Http/Request), Object(Illuminate/Routing/Route))
#33 D:/Website-monitoring/vendor/laravel/framework/src/Illuminate/Routing/Router.php(753): Illuminate/Routing/Router->dispatchToRoute(Object(Illuminate/Http/Request))
#34 D:/Website-monitoring/vendor/laravel/framework/src/Illuminate/Foundation/Http/Kernel.php(200): Illuminate/Routing/Router->dispatch(Object(Illuminate/Http/Request))
#35 D:/Website-monitoring/vendor/laravel/framework/src/Illuminate/Pipeline/Pipeline.php(180): Illuminate/Foundation/Http/Kernel->{closure:Illuminate/Foundation/Http/Kernel::dispatchToRouter():197}(Object(Illuminate/Http/Request))
#36 D:/Website-monitoring/app/Http/Middleware/SecurityHeaders.php(14): Illuminate/Pipeline/Pipeline->{closure:Illuminate/Pipeline/Pipeline::prepareDestination():178}(Object(Illuminate/Http/Request))
#37 D:/Website-monitoring/vendor/laravel/framework/src/Illuminate/Pipeline/Pipeline.php(219): App/Http/Middleware/SecurityHeaders->handle(Object(Illuminate/Http/Request), Object(Closure))
#38 D:/Website-monitoring/vendor/laravel/framework/src/Illuminate/Foundation/Http/Middleware/TransformsRequest.php(21): Illuminate/Pipeline/Pipeline->{closure:{closure:Illuminate/Pipeline/Pipeline::carry():194}:195}(Object(Illuminate/Http/Request))
#39 D:/Website-monitoring/vendor/laravel/framework/src/Illuminate/Foundation/Http/Middleware/ConvertEmptyStringsToNull.php(31): Illuminate/Foundation/Http/Middleware/TransformsRequest->handle(Object(Illuminate/Http/Request), Object(Closure))
#40 D:/Website-monitoring/vendor/laravel/framework/src/Illuminate/Pipeline/Pipeline.php(219): Illuminate/Foundation/Http/Middleware/ConvertEmptyStringsToNull->handle(Object(Illuminate/Http/Request), Object(Closure))
#41 D:/Website-monitoring/vendor/laravel/framework/src/Illuminate/Foundation/Http/Middleware/TransformsRequest.php(21): Illuminate/Pipeline/Pipeline->{closure:{closure:Illuminate/Pipeline/Pipeline::carry():194}:195}(Object(Illuminate/Http/Request))
#42 D:/Website-monitoring/vendor/laravel/framework/src/Illuminate/Foundation/Http/Middleware/TrimStrings.php(51): Illuminate/Foundation/Http/Middleware/TransformsRequest->handle(Object(Illuminate/Http/Request), Object(Closure))
#43 D:/Website-monitoring/vendor/laravel/framework/src/Illuminate/Pipeline/Pipeline.php(219): Illuminate/Foundation/Http/Middleware/TrimStrings->handle(Object(Illuminate/Http/Request), Object(Closure))
#44 D:/Website-monitoring/vendor/laravel/framework/src/Illuminate/Http/Middleware/ValidatePostSize.php(27): Illuminate/Pipeline/Pipeline->{closure:{closure:Illuminate/Pipeline/Pipeline::carry():194}:195}(Object(Illuminate/Http/Request))
#45 D:/Website-monitoring/vendor/laravel/framework/src/Illuminate/Pipeline/Pipeline.php(219): Illuminate/Http/Middleware/ValidatePostSize->handle(Object(Illuminate/Http/Request), Object(Closure))
#46 D:/Website-monitoring/vendor/laravel/framework/src/Illuminate/Foundation/Http/Middleware/PreventRequestsDuringMaintenance.php(110): Illuminate/Pipeline/Pipeline->{closure:{closure:Illuminate/Pipeline/Pipeline::carry():194}:195}(Object(Illuminate/Http/Request))
#47 D:/Website-monitoring/vendor/laravel/framework/src/Illuminate/Pipeline/Pipeline.php(219): Illuminate/Foundation/Http/Middleware/PreventRequestsDuringMaintenance->handle(Object(Illuminate/Http/Request), Object(Closure))
#48 D:/Website-monitoring/vendor/laravel/framework/src/Illuminate/Http/Middleware/HandleCors.php(61): Illuminate/Pipeline/Pipeline->{closure:{closure:Illuminate/Pipeline/Pipeline::carry():194}:195}(Object(Illuminate/Http/Request))
#49 D:/Website-monitoring/vendor/laravel/framework/src/Illuminate/Pipeline/Pipeline.php(219): Illuminate/Http/Middleware/HandleCors->handle(Object(Illuminate/Http/Request), Object(Closure))
#50 D:/Website-monitoring/vendor/laravel/framework/src/Illuminate/Http/Middleware/TrustProxies.php(58): Illuminate/Pipeline/Pipeline->{closure:{closure:Illuminate/Pipeline/Pipeline::carry():194}:195}(Object(Illuminate/Http/Request))
#51 D:/Website-monitoring/vendor/laravel/framework/src/Illuminate/Pipeline/Pipeline.php(219): Illuminate/Http/Middleware/TrustProxies->handle(Object(Illuminate/Http/Request), Object(Closure))
#52 D:/Website-monitoring/vendor/laravel/framework/src/Illuminate/Foundation/Http/Middleware/InvokeDeferredCallbacks.php(22): Illuminate/Pipeline/Pipeline->{closure:{closure:Illuminate/Pipeline/Pipeline::carry():194}:195}(Object(Illuminate/Http/Request))
#53 D:/Website-monitoring/vendor/laravel/framework/src/Illuminate/Pipeline/Pipeline.php(219): Illuminate/Foundation/Http/Middleware/InvokeDeferredCallbacks->handle(Object(Illuminate/Http/Request), Object(Closure))
#54 D:/Website-monitoring/vendor/laravel/framework/src/Illuminate/Http/Middleware/ValidatePathEncoding.php(28): Illuminate/Pipeline/Pipeline->{closure:{closure:Illuminate/Pipeline/Pipeline::carry():194}:195}(Object(Illuminate/Http/Request))
#55 D:/Website-monitoring/vendor/laravel/framework/src/Illuminate/Pipeline/Pipeline.php(219): Illuminate/Http/Middleware/ValidatePathEncoding->handle(Object(Illuminate/Http/Request), Object(Closure))
#56 D:/Website-monitoring/vendor/laravel/framework/src/Illuminate/Pipeline/Pipeline.php(137): Illuminate/Pipeline/Pipeline->{closure:{closure:Illuminate/Pipeline/Pipeline::carry():194}:195}(Object(Illuminate/Http/Request))
#57 D:/Website-monitoring/vendor/laravel/framework/src/Illuminate/Foundation/Http/Kernel.php(175): Illuminate/Pipeline/Pipeline->then(Object(Closure))
#58 D:/Website-monitoring/vendor/laravel/framework/src/Illuminate/Foundation/Http/Kernel.php(144): Illuminate/Foundation/Http/Kernel->sendRequestThroughRouter(Object(Illuminate/Http/Request))
#59 D:/Website-monitoring/vendor/laravel/framework/src/Illuminate/Foundation/Application.php(1227): Illuminate/Foundation/Http/Kernel->handle(Object(Illuminate/Http/Request))
#60 D:/Website-monitoring/public/index.php(20): Illuminate/Foundation/Application->handleRequest(Object(Illuminate/Http/Request))
#61 D:/Website-monitoring/vendor/laravel/framework/src/Illuminate/Foundation/resources/server.php(23): require_once('D://Website-moni...')
#62 {main}

[previous exception] [object] (Illuminate\\Foundation\\ViteManifestNotFoundException(code: 0): Vite manifest not found at: D:\\Website-monitoring\\public\\build/manifest.json at D:/Website-monitoring/vendor/laravel/framework/src/Illuminate/Foundation/Vite.php:974)
[stacktrace]
#0 D:/Website-monitoring/vendor/laravel/framework/src/Illuminate/Foundation/Vite.php(398): Illuminate/Foundation/Vite->manifest('build')
#1 D:/Website-monitoring/storage/framework/views/4d39298a5cf802eb051393847a2877d2.php(10): Illuminate/Foundation/Vite->__invoke(Object(Illuminate/Support/Collection))
#2 D:/Website-monitoring/vendor/laravel/framework/src/Illuminate/Filesystem/Filesystem.php(123): require('D://Website-moni...')
#3 D:/Website-monitoring/vendor/laravel/framework/src/Illuminate/Filesystem/Filesystem.php(124): Illuminate/Filesystem/Filesystem::{closure:Illuminate/Filesystem/Filesystem::getRequire():120}()
#4 D:/Website-monitoring/vendor/laravel/framework/src/Illuminate/View/Engines/PhpEngine.php(57): Illuminate/Filesystem/Filesystem->getRequire('D://Website-moni...', Array)
#5 D:/Website-monitoring/vendor/laravel/framework/src/Illuminate/View/Engines/CompilerEngine.php(76): Illuminate/View/Engines/PhpEngine->evaluatePath('D://Website-moni...', Array)
#6 D:/Website-monitoring/vendor/laravel/framework/src/Illuminate/View/View.php(208): Illuminate/View/Engines/CompilerEngine->get('D://Website-moni...', Array)
#7 D:/Website-monitoring/vendor/laravel/framework/src/Illuminate/View/View.php(191): Illuminate/View/View->getContents()
#8 D:/Website-monitoring/vendor/laravel/framework/src/Illuminate/View/View.php(160): Illuminate/View/View->renderContents()
#9 D:/Website-monitoring/vendor/laravel/framework/src/Illuminate/Http/Response.php(82): Illuminate/View/View->render()
#10 D:/Website-monitoring/vendor/laravel/framework/src/Illuminate/Http/Response.php(40): Illuminate/Http/Response->setContent(Object(Illuminate/View/View))
#11 D:/Website-monitoring/vendor/laravel/framework/src/Illuminate/Routing/ResponseFactory.php(61): Illuminate/Http/Response->__construct(Object(Illuminate/View/View), 200, Array)
#12 D:/Website-monitoring/vendor/laravel/framework/src/Illuminate/Routing/ResponseFactory.php(91): Illuminate/Routing/ResponseFactory->make(Object(Illuminate/View/View), 200, Array)
#13 D:/Website-monitoring/vendor/laravel/framework/src/Illuminate/Routing/ViewController.php(40): Illuminate/Routing/ResponseFactory->view('welcome', Array, 200, Array)
#14 D:/Website-monitoring/vendor/laravel/framework/src/Illuminate/Routing/ViewController.php(57): Illuminate/Routing/ViewController->__invoke(view: 'welcome', data: Array, status: 200, headers: Array)
#15 D:/Website-monitoring/vendor/laravel/framework/src/Illuminate/Routing/ControllerDispatcher.php(43): Illuminate/Routing/ViewController->callAction('__invoke', Array)
#16 D:/Website-monitoring/vendor/laravel/framework/src/Illuminate/Routing/Route.php(276): Illuminate/Routing/ControllerDispatcher->dispatch(Object(Illuminate/Routing/Route), Object(Illuminate/Routing/ViewController), '__invoke')
#17 D:/Website-monitoring/vendor/laravel/framework/src/Illuminate/Routing/Route.php(216): Illuminate/Routing/Route->runController()
#18 D:/Website-monitoring/vendor/laravel/framework/src/Illuminate/Routing/Router.php(822): Illuminate/Routing/Route->run()
#19 D:/Website-monitoring/vendor/laravel/framework/src/Illuminate/Pipeline/Pipeline.php(180): Illuminate/Routing/Router->{closure:Illuminate/Routing/Router::runRouteWithinStack():821}(Object(Illuminate/Http/Request))
#20 D:/Website-monitoring/vendor/laravel/framework/src/Illuminate/Routing/Middleware/SubstituteBindings.php(52): Illuminate/Pipeline/Pipeline->{closure:Illuminate/Pipeline/Pipeline::prepareDestination():178}(Object(Illuminate/Http/Request))
#21 D:/Website-monitoring/vendor/laravel/framework/src/Illuminate/Pipeline/Pipeline.php(219): Illuminate/Routing/Middleware/SubstituteBindings->handle(Object(Illuminate/Http/Request), Object(Closure))
#22 D:/Website-monitoring/vendor/laravel/framework/src/Illuminate/Foundation/Http/Middleware/PreventRequestForgery.php(104): Illuminate/Pipeline/Pipeline->{closure:{closure:Illuminate/Pipeline/Pipeline::carry():194}:195}(Object(Illuminate/Http/Request))
#23 D:/Website-monitoring/vendor/laravel/framework/src/Illuminate/Pipeline/Pipeline.php(219): Illuminate/Foundation/Http/Middleware/PreventRequestForgery->handle(Object(Illuminate/Http/Request), Object(Closure))
#24 D:/Website-monitoring/vendor/laravel/framework/src/Illuminate/View/Middleware/ShareErrorsFromSession.php(48): Illuminate/Pipeline/Pipeline->{closure:{closure:Illuminate/Pipeline/Pipeline::carry():194}:195}(Object(Illuminate/Http/Request))
#25 D:/Website-monitoring/vendor/laravel/framework/src/Illuminate/Pipeline/Pipeline.php(219): Illuminate/View/Middleware/ShareErrorsFromSession->handle(Object(Illuminate/Http/Request), Object(Closure))
#26 D:/Website-monitoring/vendor/laravel/framework/src/Illuminate/Session/Middleware/StartSession.php(120): Illuminate/Pipeline/Pipeline->{closure:{closure:Illuminate/Pipeline/Pipeline::carry():194}:195}(Object(Illuminate/Http/Request))
#27 D:/Website-monitoring/vendor/laravel/framework/src/Illuminate/Session/Middleware/StartSession.php(63): Illuminate/Session/Middleware/StartSession->handleStatefulRequest(Object(Illuminate/Http/Request), Object(Illuminate/Session/Store), Object(Closure))
#28 D:/Website-monitoring/vendor/laravel/framework/src/Illuminate/Pipeline/Pipeline.php(219): Illuminate/Session/Middleware/StartSession->handle(Object(Illuminate/Http/Request), Object(Closure))
#29 D:/Website-monitoring/vendor/laravel/framework/src/Illuminate/Cookie/Middleware/AddQueuedCookiesToResponse.php(36): Illuminate/Pipeline/Pipeline->{closure:{closure:Illuminate/Pipeline/Pipeline::carry():194}:195}(Object(Illuminate/Http/Request))
#30 D:/Website-monitoring/vendor/laravel/framework/src/Illuminate/Pipeline/Pipeline.php(219): Illuminate/Cookie/Middleware/AddQueuedCookiesToResponse->handle(Object(Illuminate/Http/Request), Object(Closure))
#31 D:/Website-monitoring/vendor/laravel/framework/src/Illuminate/Cookie/Middleware/EncryptCookies.php(74): Illuminate/Pipeline/Pipeline->{closure:{closure:Illuminate/Pipeline/Pipeline::carry():194}:195}(Object(Illuminate/Http/Request))
#32 D:/Website-monitoring/vendor/laravel/framework/src/Illuminate/Pipeline/Pipeline.php(219): Illuminate/Cookie/Middleware/EncryptCookies->handle(Object(Illuminate/Http/Request), Object(Closure))
#33 D:/Website-monitoring/vendor/laravel/framework/src/Illuminate/Pipeline/Pipeline.php(137): Illuminate/Pipeline/Pipeline->{closure:{closure:Illuminate/Pipeline/Pipeline::carry():194}:195}(Object(Illuminate/Http/Request))
#34 D:/Website-monitoring/vendor/laravel/framework/src/Illuminate/Routing/Router.php(821): Illuminate/Pipeline/Pipeline->then(Object(Closure))
#35 D:/Website-monitoring/vendor/laravel/framework/src/Illuminate/Routing/Router.php(800): Illuminate/Routing/Router->runRouteWithinStack(Object(Illuminate/Routing/Route), Object(Illuminate/Http/Request))
#36 D:/Website-monitoring/vendor/laravel/framework/src/Illuminate/Routing/Router.php(764): Illuminate/Routing/Router->runRoute(Object(Illuminate/Http/Request), Object(Illuminate/Routing/Route))
#37 D:/Website-monitoring/vendor/laravel/framework/src/Illuminate/Routing/Router.php(753): Illuminate/Routing/Router->dispatchToRoute(Object(Illuminate/Http/Request))
#38 D:/Website-monitoring/vendor/laravel/framework/src/Illuminate/Foundation/Http/Kernel.php(200): Illuminate/Routing/Router->dispatch(Object(Illuminate/Http/Request))
#39 D:/Website-monitoring/vendor/laravel/framework/src/Illuminate/Pipeline/Pipeline.php(180): Illuminate/Foundation/Http/Kernel->{closure:Illuminate/Foundation/Http/Kernel::dispatchToRouter():197}(Object(Illuminate/Http/Request))
#40 D:/Website-monitoring/app/Http/Middleware/SecurityHeaders.php(14): Illuminate/Pipeline/Pipeline->{closure:Illuminate/Pipeline/Pipeline::prepareDestination():178}(Object(Illuminate/Http/Request))
#41 D:/Website-monitoring/vendor/laravel/framework/src/Illuminate/Pipeline/Pipeline.php(219): App/Http/Middleware/SecurityHeaders->handle(Object(Illuminate/Http/Request), Object(Closure))
#42 D:/Website-monitoring/vendor/laravel/framework/src/Illuminate/Foundation/Http/Middleware/TransformsRequest.php(21): Illuminate/Pipeline/Pipeline->{closure:{closure:Illuminate/Pipeline/Pipeline::carry():194}:195}(Object(Illuminate/Http/Request))
#43 D:/Website-monitoring/vendor/laravel/framework/src/Illuminate/Foundation/Http/Middleware/ConvertEmptyStringsToNull.php(31): Illuminate/Foundation/Http/Middleware/TransformsRequest->handle(Object(Illuminate/Http/Request), Object(Closure))
#44 D:/Website-monitoring/vendor/laravel/framework/src/Illuminate/Pipeline/Pipeline.php(219): Illuminate/Foundation/Http/Middleware/ConvertEmptyStringsToNull->handle(Object(Illuminate/Http/Request), Object(Closure))
#45 D:/Website-monitoring/vendor/laravel/framework/src/Illuminate/Foundation/Http/Middleware/TransformsRequest.php(21): Illuminate/Pipeline/Pipeline->{closure:{closure:Illuminate/Pipeline/Pipeline::carry():194}:195}(Object(Illuminate/Http/Request))
#46 D:/Website-monitoring/vendor/laravel/framework/src/Illuminate/Foundation/Http/Middleware/TrimStrings.php(51): Illuminate/Foundation/Http/Middleware/TransformsRequest->handle(Object(Illuminate/Http/Request), Object(Closure))
#47 D:/Website-monitoring/vendor/laravel/framework/src/Illuminate/Pipeline/Pipeline.php(219): Illuminate/Foundation/Http/Middleware/TrimStrings->handle(Object(Illuminate/Http/Request), Object(Closure))
#48 D:/Website-monitoring/vendor/laravel/framework/src/Illuminate/Http/Middleware/ValidatePostSize.php(27): Illuminate/Pipeline/Pipeline->{closure:{closure:Illuminate/Pipeline/Pipeline::carry():194}:195}(Object(Illuminate/Http/Request))
#49 D:/Website-monitoring/vendor/laravel/framework/src/Illuminate/Pipeline/Pipeline.php(219): Illuminate/Http/Middleware/ValidatePostSize->handle(Object(Illuminate/Http/Request), Object(Closure))
#50 D:/Website-monitoring/vendor/laravel/framework/src/Illuminate/Foundation/Http/Middleware/PreventRequestsDuringMaintenance.php(110): Illuminate/Pipeline/Pipeline->{closure:{closure:Illuminate/Pipeline/Pipeline::carry():194}:195}(Object(Illuminate/Http/Request))
#51 D:/Website-monitoring/vendor/laravel/framework/src/Illuminate/Pipeline/Pipeline.php(219): Illuminate/Foundation/Http/Middleware/PreventRequestsDuringMaintenance->handle(Object(Illuminate/Http/Request), Object(Closure))
#52 D:/Website-monitoring/vendor/laravel/framework/src/Illuminate/Http/Middleware/HandleCors.php(61): Illuminate/Pipeline/Pipeline->{closure:{closure:Illuminate/Pipeline/Pipeline::carry():194}:195}(Object(Illuminate/Http/Request))
#53 D:/Website-monitoring/vendor/laravel/framework/src/Illuminate/Pipeline/Pipeline.php(219): Illuminate/Http/Middleware/HandleCors->handle(Object(Illuminate/Http/Request), Object(Closure))
#54 D:/Website-monitoring/vendor/laravel/framework/src/Illuminate/Http/Middleware/TrustProxies.php(58): Illuminate/Pipeline/Pipeline->{closure:{closure:Illuminate/Pipeline/Pipeline::carry():194}:195}(Object(Illuminate/Http/Request))
#55 D:/Website-monitoring/vendor/laravel/framework/src/Illuminate/Pipeline/Pipeline.php(219): Illuminate/Http/Middleware/TrustProxies->handle(Object(Illuminate/Http/Request), Object(Closure))
#56 D:/Website-monitoring/vendor/laravel/framework/src/Illuminate/Foundation/Http/Middleware/InvokeDeferredCallbacks.php(22): Illuminate/Pipeline/Pipeline->{closure:{closure:Illuminate/Pipeline/Pipeline::carry():194}:195}(Object(Illuminate/Http/Request))
#57 D:/Website-monitoring/vendor/laravel/framework/src/Illuminate/Pipeline/Pipeline.php(219): Illuminate/Foundation/Http/Middleware/InvokeDeferredCallbacks->handle(Object(Illuminate/Http/Request), Object(Closure))
#58 D:/Website-monitoring/vendor/laravel/framework/src/Illuminate/Http/Middleware/ValidatePathEncoding.php(28): Illuminate/Pipeline/Pipeline->{closure:{closure:Illuminate/Pipeline/Pipeline::carry():194}:195}(Object(Illuminate/Http/Request))
#59 D:/Website-monitoring/vendor/laravel/framework/src/Illuminate/Pipeline/Pipeline.php(219): Illuminate/Http/Middleware/ValidatePathEncoding->handle(Object(Illuminate/Http/Request), Object(Closure))
#60 D:/Website-monitoring/vendor/laravel/framework/src/Illuminate/Pipeline/Pipeline.php(137): Illuminate/Pipeline/Pipeline->{closure:{closure:Illuminate/Pipeline/Pipeline::carry():194}:195}(Object(Illuminate/Http/Request))
#61 D:/Website-monitoring/vendor/laravel/framework/src/Illuminate/Foundation/Http/Kernel.php(175): Illuminate/Pipeline/Pipeline->then(Object(Closure))
#62 D:/Website-monitoring/vendor/laravel/framework/src/Illuminate/Foundation/Http/Kernel.php(144): Illuminate/Foundation/Http/Kernel->sendRequestThroughRouter(Object(Illuminate/Http/Request))
#63 D:/Website-monitoring/vendor/laravel/framework/src/Illuminate/Foundation/Application.php(1227): Illuminate/Foundation/Http/Kernel->handle(Object(Illuminate/Http/Request))
#64 D:/Website-monitoring/public/index.php(20): Illuminate/Foundation/Application->handleRequest(Object(Illuminate/Http/Request))
#65 D:/Website-monitoring/vendor/laravel/framework/src/Illuminate/Foundation/resources/server.php(23): require_once('D://Website-moni...')
#66 {main}
"} 
[2026-09-14 02:27:03] local.ERROR: SplFileObject::__construct(D:\Website-monitoring\storage/app/firebase/service-account.json): Failed to open stream: No such file or directory {"exception":"[object] (Kreait\\Firebase\\Exception\\InvalidArgumentException(code: 0): SplFileObject::__construct(D:\\Website-monitoring\\storage/app/firebase/service-account.json): Failed to open stream: No such file or directory at D:/Website-monitoring/vendor/kreait/firebase-php/src/Valinor/Source.php:57)
[stacktrace]
#0 D:/Website-monitoring/vendor/kreait/firebase-php/src/Valinor/Source.php(40): Kreait/Firebase/Valinor/Source::file('D://Website-moni...')
#1 D:/Website-monitoring/vendor/kreait/firebase-php/src/Factory.php(666): Kreait/Firebase/Valinor/Source::parse('D://Website-moni...')
#2 D:/Website-monitoring/vendor/kreait/firebase-php/src/Factory.php(146): Kreait/Firebase/Factory->mapServiceAccount('D://Website-moni...')
#3 D:/Website-monitoring/vendor/kreait/laravel-firebase/src/FirebaseProjectManager.php(75): Kreait/Firebase/Factory->withServiceAccount(Object(SensitiveParameterValue))
#4 D:/Website-monitoring/vendor/kreait/laravel-firebase/src/FirebaseProjectManager.php(35): Kreait/Laravel/Firebase/FirebaseProjectManager->configure('app')
#5 D:/Website-monitoring/vendor/kreait/laravel-firebase/src/ServiceProvider.php(38): Kreait/Laravel/Firebase/FirebaseProjectManager->project()
#6 D:/Website-monitoring/vendor/laravel/framework/src/Illuminate/Container/Container.php(1140): Kreait/Laravel/Firebase/ServiceProvider::{closure:Kreait/Laravel/Firebase/ServiceProvider::registerComponents():38}(Object(Illuminate/Foundation/Application), Array)
#7 D:/Website-monitoring/vendor/laravel/framework/src/Illuminate/Container/Container.php(939): Illuminate/Container/Container->build(Object(Closure))
#8 D:/Website-monitoring/vendor/laravel/framework/src/Illuminate/Foundation/Application.php(1085): Illuminate/Container/Container->resolve('Kreait//Firebase...', Array, true)
#9 D:/Website-monitoring/vendor/laravel/framework/src/Illuminate/Container/Container.php(867): Illuminate/Foundation/Application->resolve('Kreait//Firebase...', Array)
#10 D:/Website-monitoring/vendor/laravel/framework/src/Illuminate/Foundation/Application.php(1065): Illuminate/Container/Container->make('Kreait//Firebase...', Array)
#11 D:/Website-monitoring/vendor/laravel/framework/src/Illuminate/Container/Container.php(1363): Illuminate/Foundation/Application->make('Kreait//Firebase...')
#12 D:/Website-monitoring/vendor/laravel/framework/src/Illuminate/Container/Container.php(1264): Illuminate/Container/Container->resolveClass(Object(ReflectionParameter), 'Kreait//Firebase...')
#13 D:/Website-monitoring/vendor/laravel/framework/src/Illuminate/Container/Container.php(1187): Illuminate/Container/Container->resolveDependencies(Array)
#14 D:/Website-monitoring/vendor/laravel/framework/src/Illuminate/Container/Container.php(939): Illuminate/Container/Container->build('App//Http//Middle...')
#15 D:/Website-monitoring/vendor/laravel/framework/src/Illuminate/Foundation/Application.php(1085): Illuminate/Container/Container->resolve('App//Http//Middle...', Array, true)
#16 D:/Website-monitoring/vendor/laravel/framework/src/Illuminate/Container/Container.php(867): Illuminate/Foundation/Application->resolve('App//Http//Middle...', Array)
#17 D:/Website-monitoring/vendor/laravel/framework/src/Illuminate/Foundation/Application.php(1065): Illuminate/Container/Container->make('App//Http//Middle...', Array)
#18 D:/Website-monitoring/vendor/laravel/framework/src/Illuminate/Pipeline/Pipeline.php(208): Illuminate/Foundation/Application->make('App//Http//Middle...')
#19 D:/Website-monitoring/vendor/laravel/framework/src/Illuminate/Routing/Middleware/SubstituteBindings.php(52): Illuminate/Pipeline/Pipeline->{closure:{closure:Illuminate/Pipeline/Pipeline::carry():194}:195}(Object(Illuminate/Http/Request))
#20 D:/Website-monitoring/vendor/laravel/framework/src/Illuminate/Pipeline/Pipeline.php(219): Illuminate/Routing/Middleware/SubstituteBindings->handle(Object(Illuminate/Http/Request), Object(Closure))
#21 D:/Website-monitoring/vendor/laravel/framework/src/Illuminate/Pipeline/Pipeline.php(137): Illuminate/Pipeline/Pipeline->{closure:{closure:Illuminate/Pipeline/Pipeline::carry():194}:195}(Object(Illuminate/Http/Request))
#22 D:/Website-monitoring/vendor/laravel/framework/src/Illuminate/Routing/Router.php(821): Illuminate/Pipeline/Pipeline->then(Object(Closure))
#23 D:/Website-monitoring/vendor/laravel/framework/src/Illuminate/Routing/Router.php(800): Illuminate/Routing/Router->runRouteWithinStack(Object(Illuminate/Routing/Route), Object(Illuminate/Http/Request))
#24 D:/Website-monitoring/vendor/laravel/framework/src/Illuminate/Routing/Router.php(764): Illuminate/Routing/Router->runRoute(Object(Illuminate/Http/Request), Object(Illuminate/Routing/Route))
#25 D:/Website-monitoring/vendor/laravel/framework/src/Illuminate/Routing/Router.php(753): Illuminate/Routing/Router->dispatchToRoute(Object(Illuminate/Http/Request))
#26 D:/Website-monitoring/vendor/laravel/framework/src/Illuminate/Foundation/Http/Kernel.php(200): Illuminate/Routing/Router->dispatch(Object(Illuminate/Http/Request))
#27 D:/Website-monitoring/vendor/laravel/framework/src/Illuminate/Pipeline/Pipeline.php(180): Illuminate/Foundation/Http/Kernel->{closure:Illuminate/Foundation/Http/Kernel::dispatchToRouter():197}(Object(Illuminate/Http/Request))
#28 D:/Website-monitoring/app/Http/Middleware/SecurityHeaders.php(14): Illuminate/Pipeline/Pipeline->{closure:Illuminate/Pipeline/Pipeline::prepareDestination():178}(Object(Illuminate/Http/Request))
#29 D:/Website-monitoring/vendor/laravel/framework/src/Illuminate/Pipeline/Pipeline.php(219): App/Http/Middleware/SecurityHeaders->handle(Object(Illuminate/Http/Request), Object(Closure))
#30 D:/Website-monitoring/vendor/laravel/framework/src/Illuminate/Foundation/Http/Middleware/TransformsRequest.php(21): Illuminate/Pipeline/Pipeline->{closure:{closure:Illuminate/Pipeline/Pipeline::carry():194}:195}(Object(Illuminate/Http/Request))
#31 D:/Website-monitoring/vendor/laravel/framework/src/Illuminate/Foundation/Http/Middleware/ConvertEmptyStringsToNull.php(31): Illuminate/Foundation/Http/Middleware/TransformsRequest->handle(Object(Illuminate/Http/Request), Object(Closure))
#32 D:/Website-monitoring/vendor/laravel/framework/src/Illuminate/Pipeline/Pipeline.php(219): Illuminate/Foundation/Http/Middleware/ConvertEmptyStringsToNull->handle(Object(Illuminate/Http/Request), Object(Closure))
#33 D:/Website-monitoring/vendor/laravel/framework/src/Illuminate/Foundation/Http/Middleware/TransformsRequest.php(21): Illuminate/Pipeline/Pipeline->{closure:{closure:Illuminate/Pipeline/Pipeline::carry():194}:195}(Object(Illuminate/Http/Request))
#34 D:/Website-monitoring/vendor/laravel/framework/src/Illuminate/Foundation/Http/Middleware/TrimStrings.php(51): Illuminate/Foundation/Http/Middleware/TransformsRequest->handle(Object(Illuminate/Http/Request), Object(Closure))
#35 D:/Website-monitoring/vendor/laravel/framework/src/Illuminate/Pipeline/Pipeline.php(219): Illuminate/Foundation/Http/Middleware/TrimStrings->handle(Object(Illuminate/Http/Request), Object(Closure))
#36 D:/Website-monitoring/vendor/laravel/framework/src/Illuminate/Http/Middleware/ValidatePostSize.php(27): Illuminate/Pipeline/Pipeline->{closure:{closure:Illuminate/Pipeline/Pipeline::carry():194}:195}(Object(Illuminate/Http/Request))
#37 D:/Website-monitoring/vendor/laravel/framework/src/Illuminate/Pipeline/Pipeline.php(219): Illuminate/Http/Middleware/ValidatePostSize->handle(Object(Illuminate/Http/Request), Object(Closure))
#38 D:/Website-monitoring/vendor/laravel/framework/src/Illuminate/Foundation/Http/Middleware/PreventRequestsDuringMaintenance.php(110): Illuminate/Pipeline/Pipeline->{closure:{closure:Illuminate/Pipeline/Pipeline::carry():194}:195}(Object(Illuminate/Http/Request))
#39 D:/Website-monitoring/vendor/laravel/framework/src/Illuminate/Pipeline/Pipeline.php(219): Illuminate/Foundation/Http/Middleware/PreventRequestsDuringMaintenance->handle(Object(Illuminate/Http/Request), Object(Closure))
#40 D:/Website-monitoring/vendor/laravel/framework/src/Illuminate/Http/Middleware/HandleCors.php(74): Illuminate/Pipeline/Pipeline->{closure:{closure:Illuminate/Pipeline/Pipeline::carry():194}:195}(Object(Illuminate/Http/Request))
#41 D:/Website-monitoring/vendor/laravel/framework/src/Illuminate/Pipeline/Pipeline.php(219): Illuminate/Http/Middleware/HandleCors->handle(Object(Illuminate/Http/Request), Object(Closure))
#42 D:/Website-monitoring/vendor/laravel/framework/src/Illuminate/Http/Middleware/TrustProxies.php(58): Illuminate/Pipeline/Pipeline->{closure:{closure:Illuminate/Pipeline/Pipeline::carry():194}:195}(Object(Illuminate/Http/Request))
#43 D:/Website-monitoring/vendor/laravel/framework/src/Illuminate/Pipeline/Pipeline.php(219): Illuminate/Http/Middleware/TrustProxies->handle(Object(Illuminate/Http/Request), Object(Closure))
#44 D:/Website-monitoring/vendor/laravel/framework/src/Illuminate/Foundation/Http/Middleware/InvokeDeferredCallbacks.php(22): Illuminate/Pipeline/Pipeline->{closure:{closure:Illuminate/Pipeline/Pipeline::carry():194}:195}(Object(Illuminate/Http/Request))
#45 D:/Website-monitoring/vendor/laravel/framework/src/Illuminate/Pipeline/Pipeline.php(219): Illuminate/Foundation/Http/Middleware/InvokeDeferredCallbacks->handle(Object(Illuminate/Http/Request), Object(Closure))
#46 D:/Website-monitoring/vendor/laravel/framework/src/Illuminate/Http/Middleware/ValidatePathEncoding.php(28): Illuminate/Pipeline/Pipeline->{closure:{closure:Illuminate/Pipeline/Pipeline::carry():194}:195}(Object(Illuminate/Http/Request))
#47 D:/Website-monitoring/vendor/laravel/framework/src/Illuminate/Pipeline/Pipeline.php(219): Illuminate/Http/Middleware/ValidatePathEncoding->handle(Object(Illuminate/Http/Request), Object(Closure))
#48 D:/Website-monitoring/vendor/laravel/framework/src/Illuminate/Pipeline/Pipeline.php(137): Illuminate/Pipeline/Pipeline->{closure:{closure:Illuminate/Pipeline/Pipeline::carry():194}:195}(Object(Illuminate/Http/Request))
#49 D:/Website-monitoring/vendor/laravel/framework/src/Illuminate/Foundation/Http/Kernel.php(175): Illuminate/Pipeline/Pipeline->then(Object(Closure))
#50 D:/Website-monitoring/vendor/laravel/framework/src/Illuminate/Foundation/Http/Kernel.php(144): Illuminate/Foundation/Http/Kernel->sendRequestThroughRouter(Object(Illuminate/Http/Request))
#51 D:/Website-monitoring/vendor/laravel/framework/src/Illuminate/Foundation/Application.php(1227): Illuminate/Foundation/Http/Kernel->handle(Object(Illuminate/Http/Request))
#52 D:/Website-monitoring/public/index.php(20): Illuminate/Foundation/Application->handleRequest(Object(Illuminate/Http/Request))
#53 D:/Website-monitoring/vendor/laravel/framework/src/Illuminate/Foundation/resources/server.php(23): require_once('D://Website-moni...')
#54 {main}

[previous exception] [object] (RuntimeException(code: 0): SplFileObject::__construct(D:\\Website-monitoring\\storage/app/firebase/service-account.json): Failed to open stream: No such file or directory at D:/Website-monitoring/vendor/kreait/firebase-php/src/Valinor/Source.php:55)
[stacktrace]
#0 D:/Website-monitoring/vendor/kreait/firebase-php/src/Valinor/Source.php(55): SplFileObject->__construct('D://Website-moni...')
#1 D:/Website-monitoring/vendor/kreait/firebase-php/src/Valinor/Source.php(40): Kreait/Firebase/Valinor/Source::file('D://Website-moni...')
#2 D:/Website-monitoring/vendor/kreait/firebase-php/src/Factory.php(666): Kreait/Firebase/Valinor/Source::parse('D://Website-moni...')
#3 D:/Website-monitoring/vendor/kreait/firebase-php/src/Factory.php(146): Kreait/Firebase/Factory->mapServiceAccount('D://Website-moni...')
#4 D:/Website-monitoring/vendor/kreait/laravel-firebase/src/FirebaseProjectManager.php(75): Kreait/Firebase/Factory->withServiceAccount(Object(SensitiveParameterValue))
#5 D:/Website-monitoring/vendor/kreait/laravel-firebase/src/FirebaseProjectManager.php(35): Kreait/Laravel/Firebase/FirebaseProjectManager->configure('app')
#6 D:/Website-monitoring/vendor/kreait/laravel-firebase/src/ServiceProvider.php(38): Kreait/Laravel/Firebase/FirebaseProjectManager->project()
#7 D:/Website-monitoring/vendor/laravel/framework/src/Illuminate/Container/Container.php(1140): Kreait/Laravel/Firebase/ServiceProvider::{closure:Kreait/Laravel/Firebase/ServiceProvider::registerComponents():38}(Object(Illuminate/Foundation/Application), Array)
#8 D:/Website-monitoring/vendor/laravel/framework/src/Illuminate/Container/Container.php(939): Illuminate/Container/Container->build(Object(Closure))
#9 D:/Website-monitoring/vendor/laravel/framework/src/Illuminate/Foundation/Application.php(1085): Illuminate/Container/Container->resolve('Kreait//Firebase...', Array, true)
#10 D:/Website-monitoring/vendor/laravel/framework/src/Illuminate/Container/Container.php(867): Illuminate/Foundation/Application->resolve('Kreait//Firebase...', Array)
#11 D:/Website-monitoring/vendor/laravel/framework/src/Illuminate/Foundation/Application.php(1065): Illuminate/Container/Container->make('Kreait//Firebase...', Array)
#12 D:/Website-monitoring/vendor/laravel/framework/src/Illuminate/Container/Container.php(1363): Illuminate/Foundation/Application->make('Kreait//Firebase...')
#13 D:/Website-monitoring/vendor/laravel/framework/src/Illuminate/Container/Container.php(1264): Illuminate/Container/Container->resolveClass(Object(ReflectionParameter), 'Kreait//Firebase...')
#14 D:/Website-monitoring/vendor/laravel/framework/src/Illuminate/Container/Container.php(1187): Illuminate/Container/Container->resolveDependencies(Array)
#15 D:/Website-monitoring/vendor/laravel/framework/src/Illuminate/Container/Container.php(939): Illuminate/Container/Container->build('App//Http//Middle...')
#16 D:/Website-monitoring/vendor/laravel/framework/src/Illuminate/Foundation/Application.php(1085): Illuminate/Container/Container->resolve('App//Http//Middle...', Array, true)
#17 D:/Website-monitoring/vendor/laravel/framework/src/Illuminate/Container/Container.php(867): Illuminate/Foundation/Application->resolve('App//Http//Middle...', Array)
#18 D:/Website-monitoring/vendor/laravel/framework/src/Illuminate/Foundation/Application.php(1065): Illuminate/Container/Container->make('App//Http//Middle...', Array)
#19 D:/Website-monitoring/vendor/laravel/framework/src/Illuminate/Pipeline/Pipeline.php(208): Illuminate/Foundation/Application->make('App//Http//Middle...')
#20 D:/Website-monitoring/vendor/laravel/framework/src/Illuminate/Routing/Middleware/SubstituteBindings.php(52): Illuminate/Pipeline/Pipeline->{closure:{closure:Illuminate/Pipeline/Pipeline::carry():194}:195}(Object(Illuminate/Http/Request))
#21 D:/Website-monitoring/vendor/laravel/framework/src/Illuminate/Pipeline/Pipeline.php(219): Illuminate/Routing/Middleware/SubstituteBindings->handle(Object(Illuminate/Http/Request), Object(Closure))
#22 D:/Website-monitoring/vendor/laravel/framework/src/Illuminate/Pipeline/Pipeline.php(137): Illuminate/Pipeline/Pipeline->{closure:{closure:Illuminate/Pipeline/Pipeline::carry():194}:195}(Object(Illuminate/Http/Request))
#23 D:/Website-monitoring/vendor/laravel/framework/src/Illuminate/Routing/Router.php(821): Illuminate/Pipeline/Pipeline->then(Object(Closure))
#24 D:/Website-monitoring/vendor/laravel/framework/src/Illuminate/Routing/Router.php(800): Illuminate/Routing/Router->runRouteWithinStack(Object(Illuminate/Routing/Route), Object(Illuminate/Http/Request))
#25 D:/Website-monitoring/vendor/laravel/framework/src/Illuminate/Routing/Router.php(764): Illuminate/Routing/Router->runRoute(Object(Illuminate/Http/Request), Object(Illuminate/Routing/Route))
#26 D:/Website-monitoring/vendor/laravel/framework/src/Illuminate/Routing/Router.php(753): Illuminate/Routing/Router->dispatchToRoute(Object(Illuminate/Http/Request))
#27 D:/Website-monitoring/vendor/laravel/framework/src/Illuminate/Foundation/Http/Kernel.php(200): Illuminate/Routing/Router->dispatch(Object(Illuminate/Http/Request))
#28 D:/Website-monitoring/vendor/laravel/framework/src/Illuminate/Pipeline/Pipeline.php(180): Illuminate/Foundation/Http/Kernel->{closure:Illuminate/Foundation/Http/Kernel::dispatchToRouter():197}(Object(Illuminate/Http/Request))
#29 D:/Website-monitoring/app/Http/Middleware/SecurityHeaders.php(14): Illuminate/Pipeline/Pipeline->{closure:Illuminate/Pipeline/Pipeline::prepareDestination():178}(Object(Illuminate/Http/Request))
#30 D:/Website-monitoring/vendor/laravel/framework/src/Illuminate/Pipeline/Pipeline.php(219): App/Http/Middleware/SecurityHeaders->handle(Object(Illuminate/Http/Request), Object(Closure))
#31 D:/Website-monitoring/vendor/laravel/framework/src/Illuminate/Foundation/Http/Middleware/TransformsRequest.php(21): Illuminate/Pipeline/Pipeline->{closure:{closure:Illuminate/Pipeline/Pipeline::carry():194}:195}(Object(Illuminate/Http/Request))
#32 D:/Website-monitoring/vendor/laravel/framework/src/Illuminate/Foundation/Http/Middleware/ConvertEmptyStringsToNull.php(31): Illuminate/Foundation/Http/Middleware/TransformsRequest->handle(Object(Illuminate/Http/Request), Object(Closure))
#33 D:/Website-monitoring/vendor/laravel/framework/src/Illuminate/Pipeline/Pipeline.php(219): Illuminate/Foundation/Http/Middleware/ConvertEmptyStringsToNull->handle(Object(Illuminate/Http/Request), Object(Closure))
#34 D:/Website-monitoring/vendor/laravel/framework/src/Illuminate/Foundation/Http/Middleware/TransformsRequest.php(21): Illuminate/Pipeline/Pipeline->{closure:{closure:Illuminate/Pipeline/Pipeline::carry():194}:195}(Object(Illuminate/Http/Request))
#35 D:/Website-monitoring/vendor/laravel/framework/src/Illuminate/Foundation/Http/Middleware/TrimStrings.php(51): Illuminate/Foundation/Http/Middleware/TransformsRequest->handle(Object(Illuminate/Http/Request), Object(Closure))
#36 D:/Website-monitoring/vendor/laravel/framework/src/Illuminate/Pipeline/Pipeline.php(219): Illuminate/Foundation/Http/Middleware/TrimStrings->handle(Object(Illuminate/Http/Request), Object(Closure))
#37 D:/Website-monitoring/vendor/laravel/framework/src/Illuminate/Http/Middleware/ValidatePostSize.php(27): Illuminate/Pipeline/Pipeline->{closure:{closure:Illuminate/Pipeline/Pipeline::carry():194}:195}(Object(Illuminate/Http/Request))
#38 D:/Website-monitoring/vendor/laravel/framework/src/Illuminate/Pipeline/Pipeline.php(219): Illuminate/Http/Middleware/ValidatePostSize->handle(Object(Illuminate/Http/Request), Object(Closure))
#39 D:/Website-monitoring/vendor/laravel/framework/src/Illuminate/Foundation/Http/Middleware/PreventRequestsDuringMaintenance.php(110): Illuminate/Pipeline/Pipeline->{closure:{closure:Illuminate/Pipeline/Pipeline::carry():194}:195}(Object(Illuminate/Http/Request))
#40 D:/Website-monitoring/vendor/laravel/framework/src/Illuminate/Pipeline/Pipeline.php(219): Illuminate/Foundation/Http/Middleware/PreventRequestsDuringMaintenance->handle(Object(Illuminate/Http/Request), Object(Closure))
#41 D:/Website-monitoring/vendor/laravel/framework/src/Illuminate/Http/Middleware/HandleCors.php(74): Illuminate/Pipeline/Pipeline->{closure:{closure:Illuminate/Pipeline/Pipeline::carry():194}:195}(Object(Illuminate/Http/Request))
#42 D:/Website-monitoring/vendor/laravel/framework/src/Illuminate/Pipeline/Pipeline.php(219): Illuminate/Http/Middleware/HandleCors->handle(Object(Illuminate/Http/Request), Object(Closure))
#43 D:/Website-monitoring/vendor/laravel/framework/src/Illuminate/Http/Middleware/TrustProxies.php(58): Illuminate/Pipeline/Pipeline->{closure:{closure:Illuminate/Pipeline/Pipeline::carry():194}:195}(Object(Illuminate/Http/Request))
#44 D:/Website-monitoring/vendor/laravel/framework/src/Illuminate/Pipeline/Pipeline.php(219): Illuminate/Http/Middleware/TrustProxies->handle(Object(Illuminate/Http/Request), Object(Closure))
#45 D:/Website-monitoring/vendor/laravel/framework/src/Illuminate/Foundation/Http/Middleware/InvokeDeferredCallbacks.php(22): Illuminate/Pipeline/Pipeline->{closure:{closure:Illuminate/Pipeline/Pipeline::carry():194}:195}(Object(Illuminate/Http/Request))
#46 D:/Website-monitoring/vendor/laravel/framework/src/Illuminate/Pipeline/Pipeline.php(219): Illuminate/Foundation/Http/Middleware/InvokeDeferredCallbacks->handle(Object(Illuminate/Http/Request), Object(Closure))
#47 D:/Website-monitoring/vendor/laravel/framework/src/Illuminate/Http/Middleware/ValidatePathEncoding.php(28): Illuminate/Pipeline/Pipeline->{closure:{closure:Illuminate/Pipeline/Pipeline::carry():194}:195}(Object(Illuminate/Http/Request))
#48 D:/Website-monitoring/vendor/laravel/framework/src/Illuminate/Pipeline/Pipeline.php(219): Illuminate/Http/Middleware/ValidatePathEncoding->handle(Object(Illuminate/Http/Request), Object(Closure))
#49 D:/Website-monitoring/vendor/laravel/framework/src/Illuminate/Pipeline/Pipeline.php(137): Illuminate/Pipeline/Pipeline->{closure:{closure:Illuminate/Pipeline/Pipeline::carry():194}:195}(Object(Illuminate/Http/Request))
#50 D:/Website-monitoring/vendor/laravel/framework/src/Illuminate/Foundation/Http/Kernel.php(175): Illuminate/Pipeline/Pipeline->then(Object(Closure))
#51 D:/Website-monitoring/vendor/laravel/framework/src/Illuminate/Foundation/Http/Kernel.php(144): Illuminate/Foundation/Http/Kernel->sendRequestThroughRouter(Object(Illuminate/Http/Request))
#52 D:/Website-monitoring/vendor/laravel/framework/src/Illuminate/Foundation/Application.php(1227): Illuminate/Foundation/Http/Kernel->handle(Object(Illuminate/Http/Request))
#53 D:/Website-monitoring/public/index.php(20): Illuminate/Foundation/Application->handleRequest(Object(Illuminate/Http/Request))
#54 D:/Website-monitoring/vendor/laravel/framework/src/Illuminate/Foundation/resources/server.php(23): require_once('D://Website-moni...')
#55 {main}
"} 
[2026-09-14 02:27:03] local.ERROR: SplFileObject::__construct(D:\Website-monitoring\storage/app/firebase/service-account.json): Failed to open stream: No such file or directory {"exception":"[object] (Kreait\\Firebase\\Exception\\InvalidArgumentException(code: 0): SplFileObject::__construct(D:\\Website-monitoring\\storage/app/firebase/service-account.json): Failed to open stream: No such file or directory at D:/Website-monitoring/vendor/kreait/firebase-php/src/Valinor/Source.php:57)
[stacktrace]
#0 D:/Website-monitoring/vendor/kreait/firebase-php/src/Valinor/Source.php(40): Kreait/Firebase/Valinor/Source::file('D://Website-moni...')
#1 D:/Website-monitoring/vendor/kreait/firebase-php/src/Factory.php(666): Kreait/Firebase/Valinor/Source::parse('D://Website-moni...')
#2 D:/Website-monitoring/vendor/kreait/firebase-php/src/Factory.php(146): Kreait/Firebase/Factory->mapServiceAccount('D://Website-moni...')
#3 D:/Website-monitoring/vendor/kreait/laravel-firebase/src/FirebaseProjectManager.php(75): Kreait/Firebase/Factory->withServiceAccount(Object(SensitiveParameterValue))
#4 D:/Website-monitoring/vendor/kreait/laravel-firebase/src/FirebaseProjectManager.php(35): Kreait/Laravel/Firebase/FirebaseProjectManager->configure('app')
#5 D:/Website-monitoring/vendor/kreait/laravel-firebase/src/ServiceProvider.php(38): Kreait/Laravel/Firebase/FirebaseProjectManager->project()
#6 D:/Website-monitoring/vendor/laravel/framework/src/Illuminate/Container/Container.php(1140): Kreait/Laravel/Firebase/ServiceProvider::{closure:Kreait/Laravel/Firebase/ServiceProvider::registerComponents():38}(Object(Illuminate/Foundation/Application), Array)
#7 D:/Website-monitoring/vendor/laravel/framework/src/Illuminate/Container/Container.php(939): Illuminate/Container/Container->build(Object(Closure))
#8 D:/Website-monitoring/vendor/laravel/framework/src/Illuminate/Foundation/Application.php(1085): Illuminate/Container/Container->resolve('Kreait//Firebase...', Array, true)
#9 D:/Website-monitoring/vendor/laravel/framework/src/Illuminate/Container/Container.php(867): Illuminate/Foundation/Application->resolve('Kreait//Firebase...', Array)
#10 D:/Website-monitoring/vendor/laravel/framework/src/Illuminate/Foundation/Application.php(1065): Illuminate/Container/Container->make('Kreait//Firebase...', Array)
#11 D:/Website-monitoring/vendor/laravel/framework/src/Illuminate/Container/Container.php(1363): Illuminate/Foundation/Application->make('Kreait//Firebase...')
#12 D:/Website-monitoring/vendor/laravel/framework/src/Illuminate/Container/Container.php(1264): Illuminate/Container/Container->resolveClass(Object(ReflectionParameter), 'Kreait//Firebase...')
#13 D:/Website-monitoring/vendor/laravel/framework/src/Illuminate/Container/Container.php(1187): Illuminate/Container/Container->resolveDependencies(Array)
#14 D:/Website-monitoring/vendor/laravel/framework/src/Illuminate/Container/Container.php(939): Illuminate/Container/Container->build('App//Http//Middle...')
#15 D:/Website-monitoring/vendor/laravel/framework/src/Illuminate/Foundation/Application.php(1085): Illuminate/Container/Container->resolve('App//Http//Middle...', Array, true)
#16 D:/Website-monitoring/vendor/laravel/framework/src/Illuminate/Container/Container.php(867): Illuminate/Foundation/Application->resolve('App//Http//Middle...', Array)
#17 D:/Website-monitoring/vendor/laravel/framework/src/Illuminate/Foundation/Application.php(1065): Illuminate/Container/Container->make('App//Http//Middle...', Array)
#18 D:/Website-monitoring/vendor/laravel/framework/src/Illuminate/Foundation/Http/Kernel.php(257): Illuminate/Foundation/Application->make('App//Http//Middle...')
#19 D:/Website-monitoring/vendor/laravel/framework/src/Illuminate/Foundation/Http/Kernel.php(215): Illuminate/Foundation/Http/Kernel->terminateMiddleware(Object(Illuminate/Http/Request), Object(Illuminate/Http/JsonResponse))
#20 D:/Website-monitoring/vendor/laravel/framework/src/Illuminate/Foundation/Application.php(1229): Illuminate/Foundation/Http/Kernel->terminate(Object(Illuminate/Http/Request), Object(Illuminate/Http/JsonResponse))
#21 D:/Website-monitoring/public/index.php(20): Illuminate/Foundation/Application->handleRequest(Object(Illuminate/Http/Request))
#22 D:/Website-monitoring/vendor/laravel/framework/src/Illuminate/Foundation/resources/server.php(23): require_once('D://Website-moni...')
#23 {main}

[previous exception] [object] (RuntimeException(code: 0): SplFileObject::__construct(D:\\Website-monitoring\\storage/app/firebase/service-account.json): Failed to open stream: No such file or directory at D:/Website-monitoring/vendor/kreait/firebase-php/src/Valinor/Source.php:55)
[stacktrace]
#0 D:/Website-monitoring/vendor/kreait/firebase-php/src/Valinor/Source.php(55): SplFileObject->__construct('D://Website-moni...')
#1 D:/Website-monitoring/vendor/kreait/firebase-php/src/Valinor/Source.php(40): Kreait/Firebase/Valinor/Source::file('D://Website-moni...')
#2 D:/Website-monitoring/vendor/kreait/firebase-php/src/Factory.php(666): Kreait/Firebase/Valinor/Source::parse('D://Website-moni...')
#3 D:/Website-monitoring/vendor/kreait/firebase-php/src/Factory.php(146): Kreait/Firebase/Factory->mapServiceAccount('D://Website-moni...')
#4 D:/Website-monitoring/vendor/kreait/laravel-firebase/src/FirebaseProjectManager.php(75): Kreait/Firebase/Factory->withServiceAccount(Object(SensitiveParameterValue))
#5 D:/Website-monitoring/vendor/kreait/laravel-firebase/src/FirebaseProjectManager.php(35): Kreait/Laravel/Firebase/FirebaseProjectManager->configure('app')
#6 D:/Website-monitoring/vendor/kreait/laravel-firebase/src/ServiceProvider.php(38): Kreait/Laravel/Firebase/FirebaseProjectManager->project()
#7 D:/Website-monitoring/vendor/laravel/framework/src/Illuminate/Container/Container.php(1140): Kreait/Laravel/Firebase/ServiceProvider::{closure:Kreait/Laravel/Firebase/ServiceProvider::registerComponents():38}(Object(Illuminate/Foundation/Application), Array)
#8 D:/Website-monitoring/vendor/laravel/framework/src/Illuminate/Container/Container.php(939): Illuminate/Container/Container->build(Object(Closure))
#9 D:/Website-monitoring/vendor/laravel/framework/src/Illuminate/Foundation/Application.php(1085): Illuminate/Container/Container->resolve('Kreait//Firebase...', Array, true)
#10 D:/Website-monitoring/vendor/laravel/framework/src/Illuminate/Container/Container.php(867): Illuminate/Foundation/Application->resolve('Kreait//Firebase...', Array)
#11 D:/Website-monitoring/vendor/laravel/framework/src/Illuminate/Foundation/Application.php(1065): Illuminate/Container/Container->make('Kreait//Firebase...', Array)
#12 D:/Website-monitoring/vendor/laravel/framework/src/Illuminate/Container/Container.php(1363): Illuminate/Foundation/Application->make('Kreait//Firebase...')
#13 D:/Website-monitoring/vendor/laravel/framework/src/Illuminate/Container/Container.php(1264): Illuminate/Container/Container->resolveClass(Object(ReflectionParameter), 'Kreait//Firebase...')
#14 D:/Website-monitoring/vendor/laravel/framework/src/Illuminate/Container/Container.php(1187): Illuminate/Container/Container->resolveDependencies(Array)
#15 D:/Website-monitoring/vendor/laravel/framework/src/Illuminate/Container/Container.php(939): Illuminate/Container/Container->build('App//Http//Middle...')
#16 D:/Website-monitoring/vendor/laravel/framework/src/Illuminate/Foundation/Application.php(1085): Illuminate/Container/Container->resolve('App//Http//Middle...', Array, true)
#17 D:/Website-monitoring/vendor/laravel/framework/src/Illuminate/Container/Container.php(867): Illuminate/Foundation/Application->resolve('App//Http//Middle...', Array)
#18 D:/Website-monitoring/vendor/laravel/framework/src/Illuminate/Foundation/Application.php(1065): Illuminate/Container/Container->make('App//Http//Middle...', Array)
#19 D:/Website-monitoring/vendor/laravel/framework/src/Illuminate/Foundation/Http/Kernel.php(257): Illuminate/Foundation/Application->make('App//Http//Middle...')
#20 D:/Website-monitoring/vendor/laravel/framework/src/Illuminate/Foundation/Http/Kernel.php(215): Illuminate/Foundation/Http/Kernel->terminateMiddleware(Object(Illuminate/Http/Request), Object(Illuminate/Http/JsonResponse))
#21 D:/Website-monitoring/vendor/laravel/framework/src/Illuminate/Foundation/Application.php(1229): Illuminate/Foundation/Http/Kernel->terminate(Object(Illuminate/Http/Request), Object(Illuminate/Http/JsonResponse))
#22 D:/Website-monitoring/public/index.php(20): Illuminate/Foundation/Application->handleRequest(Object(Illuminate/Http/Request))
#23 D:/Website-monitoring/vendor/laravel/framework/src/Illuminate/Foundation/resources/server.php(23): require_once('D://Website-moni...')
#24 {main}
"} 
[2026-09-14 02:27:03] local.ERROR: Uncaught ErrorException: Cannot modify header information - headers already sent by (output started at D:\Website-monitoring\vendor\symfony\http-foundation\Response.php:393) in D:\Website-monitoring\vendor\symfony\http-foundation\Response.php:328
Stack trace:
#0 D:\Website-monitoring\vendor\laravel\framework\src\Illuminate\Foundation\Bootstrap\HandleExceptions.php(265): Illuminate\Foundation\Bootstrap\HandleExceptions->handleError(2, 'Cannot modify h...', 'D:\\Website-moni...', 328)
#1 [internal function]: Illuminate\Foundation\Bootstrap\HandleExceptions->{closure:Illuminate\Foundation\Bootstrap\HandleExceptions::forwardsTo():264}(2, 'Cannot modify h...', 'D:\\Website-moni...', 328)
#2 D:\Website-monitoring\vendor\symfony\http-foundation\Response.php(328): header('HTTP/1.0 500 In...', true, 500)
#3 D:\Website-monitoring\vendor\symfony\http-foundation\Response.php(407): Symfony\Component\HttpFoundation\Response->sendHeaders()
#4 D:\Website-monitoring\vendor\laravel\framework\src\Illuminate\Foundation\Bootstrap\HandleExceptions.php(228): Symfony\Component\HttpFoundation\Response->send()
#5 D:\Website-monitoring\vendor\laravel\framework\src\Illuminate\Foundation\Bootstrap\HandleExceptions.php(205): Illuminate\Foundation\Bootstrap\HandleExceptions->renderHttpResponse(Object(Kreait\Firebase\Exception\InvalidArgumentException))
#6 D:\Website-monitoring\vendor\laravel\framework\src\Illuminate\Foundation\Bootstrap\HandleExceptions.php(265): Illuminate\Foundation\Bootstrap\HandleExceptions->handleException(Object(Kreait\Firebase\Exception\InvalidArgumentException))
#7 [internal function]: Illuminate\Foundation\Bootstrap\HandleExceptions->{closure:Illuminate\Foundation\Bootstrap\HandleExceptions::forwardsTo():264}(Object(Kreait\Firebase\Exception\InvalidArgumentException))
#8 {main}
  thrown {"exception":"[object] (Symfony\\Component\\ErrorHandler\\Error\\FatalError(code: 0): Uncaught ErrorException: Cannot modify header information - headers already sent by (output started at D:\\Website-monitoring\\vendor\\symfony\\http-foundation\\Response.php:393) in D:\\Website-monitoring\\vendor\\symfony\\http-foundation\\Response.php:328
Stack trace:
#0 D:\\Website-monitoring\\vendor\\laravel\\framework\\src\\Illuminate\\Foundation\\Bootstrap\\HandleExceptions.php(265): Illuminate\\Foundation\\Bootstrap\\HandleExceptions->handleError(2, 'Cannot modify h...', 'D:\\\\Website-moni...', 328)
#1 [internal function]: Illuminate\\Foundation\\Bootstrap\\HandleExceptions->{closure:Illuminate\\Foundation\\Bootstrap\\HandleExceptions::forwardsTo():264}(2, 'Cannot modify h...', 'D:\\\\Website-moni...', 328)
#2 D:\\Website-monitoring\\vendor\\symfony\\http-foundation\\Response.php(328): header('HTTP/1.0 500 In...', true, 500)
#3 D:\\Website-monitoring\\vendor\\symfony\\http-foundation\\Response.php(407): Symfony\\Component\\HttpFoundation\\Response->sendHeaders()
#4 D:\\Website-monitoring\\vendor\\laravel\\framework\\src\\Illuminate\\Foundation\\Bootstrap\\HandleExceptions.php(228): Symfony\\Component\\HttpFoundation\\Response->send()
#5 D:\\Website-monitoring\\vendor\\laravel\\framework\\src\\Illuminate\\Foundation\\Bootstrap\\HandleExceptions.php(205): Illuminate\\Foundation\\Bootstrap\\HandleExceptions->renderHttpResponse(Object(Kreait\\Firebase\\Exception\\InvalidArgumentException))
#6 D:\\Website-monitoring\\vendor\\laravel\\framework\\src\\Illuminate\\Foundation\\Bootstrap\\HandleExceptions.php(265): Illuminate\\Foundation\\Bootstrap\\HandleExceptions->handleException(Object(Kreait\\Firebase\\Exception\\InvalidArgumentException))
#7 [internal function]: Illuminate\\Foundation\\Bootstrap\\HandleExceptions->{closure:Illuminate\\Foundation\\Bootstrap\\HandleExceptions::forwardsTo():264}(Object(Kreait\\Firebase\\Exception\\InvalidArgumentException))
#8 {main}
  thrown at D:/Website-monitoring/vendor/symfony/http-foundation/Response.php:328)
[stacktrace]
#0 {main}
"} 
[2026-09-14 02:27:04] local.ERROR: SplFileObject::__construct(D:\Website-monitoring\storage/app/firebase/service-account.json): Failed to open stream: No such file or directory {"exception":"[object] (Kreait\\Firebase\\Exception\\InvalidArgumentException(code: 0): SplFileObject::__construct(D:\\Website-monitoring\\storage/app/firebase/service-account.json): Failed to open stream: No such file or directory at D:/Website-monitoring/vendor/kreait/firebase-php/src/Valinor/Source.php:57)
[stacktrace]
#0 D:/Website-monitoring/vendor/kreait/firebase-php/src/Valinor/Source.php(40): Kreait/Firebase/Valinor/Source::file('D://Website-moni...')
#1 D:/Website-monitoring/vendor/kreait/firebase-php/src/Factory.php(666): Kreait/Firebase/Valinor/Source::parse('D://Website-moni...')
#2 D:/Website-monitoring/vendor/kreait/firebase-php/src/Factory.php(146): Kreait/Firebase/Factory->mapServiceAccount('D://Website-moni...')
#3 D:/Website-monitoring/vendor/kreait/laravel-firebase/src/FirebaseProjectManager.php(75): Kreait/Firebase/Factory->withServiceAccount(Object(SensitiveParameterValue))
#4 D:/Website-monitoring/vendor/kreait/laravel-firebase/src/FirebaseProjectManager.php(35): Kreait/Laravel/Firebase/FirebaseProjectManager->configure('app')
#5 D:/Website-monitoring/vendor/kreait/laravel-firebase/src/ServiceProvider.php(38): Kreait/Laravel/Firebase/FirebaseProjectManager->project()
#6 D:/Website-monitoring/vendor/laravel/framework/src/Illuminate/Container/Container.php(1140): Kreait/Laravel/Firebase/ServiceProvider::{closure:Kreait/Laravel/Firebase/ServiceProvider::registerComponents():38}(Object(Illuminate/Foundation/Application), Array)
#7 D:/Website-monitoring/vendor/laravel/framework/src/Illuminate/Container/Container.php(939): Illuminate/Container/Container->build(Object(Closure))
#8 D:/Website-monitoring/vendor/laravel/framework/src/Illuminate/Foundation/Application.php(1085): Illuminate/Container/Container->resolve('Kreait//Firebase...', Array, true)
#9 D:/Website-monitoring/vendor/laravel/framework/src/Illuminate/Container/Container.php(867): Illuminate/Foundation/Application->resolve('Kreait//Firebase...', Array)
#10 D:/Website-monitoring/vendor/laravel/framework/src/Illuminate/Foundation/Application.php(1065): Illuminate/Container/Container->make('Kreait//Firebase...', Array)
#11 D:/Website-monitoring/vendor/laravel/framework/src/Illuminate/Container/Container.php(1363): Illuminate/Foundation/Application->make('Kreait//Firebase...')
#12 D:/Website-monitoring/vendor/laravel/framework/src/Illuminate/Container/Container.php(1264): Illuminate/Container/Container->resolveClass(Object(ReflectionParameter), 'Kreait//Firebase...')
#13 D:/Website-monitoring/vendor/laravel/framework/src/Illuminate/Container/Container.php(1187): Illuminate/Container/Container->resolveDependencies(Array)
#14 D:/Website-monitoring/vendor/laravel/framework/src/Illuminate/Container/Container.php(939): Illuminate/Container/Container->build('App//Http//Middle...')
#15 D:/Website-monitoring/vendor/laravel/framework/src/Illuminate/Foundation/Application.php(1085): Illuminate/Container/Container->resolve('App//Http//Middle...', Array, true)
#16 D:/Website-monitoring/vendor/laravel/framework/src/Illuminate/Container/Container.php(867): Illuminate/Foundation/Application->resolve('App//Http//Middle...', Array)
#17 D:/Website-monitoring/vendor/laravel/framework/src/Illuminate/Foundation/Application.php(1065): Illuminate/Container/Container->make('App//Http//Middle...', Array)
#18 D:/Website-monitoring/vendor/laravel/framework/src/Illuminate/Pipeline/Pipeline.php(208): Illuminate/Foundation/Application->make('App//Http//Middle...')
#19 D:/Website-monitoring/vendor/laravel/framework/src/Illuminate/Routing/Middleware/SubstituteBindings.php(52): Illuminate/Pipeline/Pipeline->{closure:{closure:Illuminate/Pipeline/Pipeline::carry():194}:195}(Object(Illuminate/Http/Request))
#20 D:/Website-monitoring/vendor/laravel/framework/src/Illuminate/Pipeline/Pipeline.php(219): Illuminate/Routing/Middleware/SubstituteBindings->handle(Object(Illuminate/Http/Request), Object(Closure))
#21 D:/Website-monitoring/vendor/laravel/framework/src/Illuminate/Pipeline/Pipeline.php(137): Illuminate/Pipeline/Pipeline->{closure:{closure:Illuminate/Pipeline/Pipeline::carry():194}:195}(Object(Illuminate/Http/Request))
#22 D:/Website-monitoring/vendor/laravel/framework/src/Illuminate/Routing/Router.php(821): Illuminate/Pipeline/Pipeline->then(Object(Closure))
#23 D:/Website-monitoring/vendor/laravel/framework/src/Illuminate/Routing/Router.php(800): Illuminate/Routing/Router->runRouteWithinStack(Object(Illuminate/Routing/Route), Object(Illuminate/Http/Request))
#24 D:/Website-monitoring/vendor/laravel/framework/src/Illuminate/Routing/Router.php(764): Illuminate/Routing/Router->runRoute(Object(Illuminate/Http/Request), Object(Illuminate/Routing/Route))
#25 D:/Website-monitoring/vendor/laravel/framework/src/Illuminate/Routing/Router.php(753): Illuminate/Routing/Router->dispatchToRoute(Object(Illuminate/Http/Request))
#26 D:/Website-monitoring/vendor/laravel/framework/src/Illuminate/Foundation/Http/Kernel.php(200): Illuminate/Routing/Router->dispatch(Object(Illuminate/Http/Request))
#27 D:/Website-monitoring/vendor/laravel/framework/src/Illuminate/Pipeline/Pipeline.php(180): Illuminate/Foundation/Http/Kernel->{closure:Illuminate/Foundation/Http/Kernel::dispatchToRouter():197}(Object(Illuminate/Http/Request))
#28 D:/Website-monitoring/app/Http/Middleware/SecurityHeaders.php(14): Illuminate/Pipeline/Pipeline->{closure:Illuminate/Pipeline/Pipeline::prepareDestination():178}(Object(Illuminate/Http/Request))
#29 D:/Website-monitoring/vendor/laravel/framework/src/Illuminate/Pipeline/Pipeline.php(219): App/Http/Middleware/SecurityHeaders->handle(Object(Illuminate/Http/Request), Object(Closure))
#30 D:/Website-monitoring/vendor/laravel/framework/src/Illuminate/Foundation/Http/Middleware/TransformsRequest.php(21): Illuminate/Pipeline/Pipeline->{closure:{closure:Illuminate/Pipeline/Pipeline::carry():194}:195}(Object(Illuminate/Http/Request))
#31 D:/Website-monitoring/vendor/laravel/framework/src/Illuminate/Foundation/Http/Middleware/ConvertEmptyStringsToNull.php(31): Illuminate/Foundation/Http/Middleware/TransformsRequest->handle(Object(Illuminate/Http/Request), Object(Closure))
#32 D:/Website-monitoring/vendor/laravel/framework/src/Illuminate/Pipeline/Pipeline.php(219): Illuminate/Foundation/Http/Middleware/ConvertEmptyStringsToNull->handle(Object(Illuminate/Http/Request), Object(Closure))
#33 D:/Website-monitoring/vendor/laravel/framework/src/Illuminate/Foundation/Http/Middleware/TransformsRequest.php(21): Illuminate/Pipeline/Pipeline->{closure:{closure:Illuminate/Pipeline/Pipeline::carry():194}:195}(Object(Illuminate/Http/Request))
#34 D:/Website-monitoring/vendor/laravel/framework/src/Illuminate/Foundation/Http/Middleware/TrimStrings.php(51): Illuminate/Foundation/Http/Middleware/TransformsRequest->handle(Object(Illuminate/Http/Request), Object(Closure))
#35 D:/Website-monitoring/vendor/laravel/framework/src/Illuminate/Pipeline/Pipeline.php(219): Illuminate/Foundation/Http/Middleware/TrimStrings->handle(Object(Illuminate/Http/Request), Object(Closure))
#36 D:/Website-monitoring/vendor/laravel/framework/src/Illuminate/Http/Middleware/ValidatePostSize.php(27): Illuminate/Pipeline/Pipeline->{closure:{closure:Illuminate/Pipeline/Pipeline::carry():194}:195}(Object(Illuminate/Http/Request))
#37 D:/Website-monitoring/vendor/laravel/framework/src/Illuminate/Pipeline/Pipeline.php(219): Illuminate/Http/Middleware/ValidatePostSize->handle(Object(Illuminate/Http/Request), Object(Closure))
#38 D:/Website-monitoring/vendor/laravel/framework/src/Illuminate/Foundation/Http/Middleware/PreventRequestsDuringMaintenance.php(110): Illuminate/Pipeline/Pipeline->{closure:{closure:Illuminate/Pipeline/Pipeline::carry():194}:195}(Object(Illuminate/Http/Request))
#39 D:/Website-monitoring/vendor/laravel/framework/src/Illuminate/Pipeline/Pipeline.php(219): Illuminate/Foundation/Http/Middleware/PreventRequestsDuringMaintenance->handle(Object(Illuminate/Http/Request), Object(Closure))
#40 D:/Website-monitoring/vendor/laravel/framework/src/Illuminate/Http/Middleware/HandleCors.php(74): Illuminate/Pipeline/Pipeline->{closure:{closure:Illuminate/Pipeline/Pipeline::carry():194}:195}(Object(Illuminate/Http/Request))
#41 D:/Website-monitoring/vendor/laravel/framework/src/Illuminate/Pipeline/Pipeline.php(219): Illuminate/Http/Middleware/HandleCors->handle(Object(Illuminate/Http/Request), Object(Closure))
#42 D:/Website-monitoring/vendor/laravel/framework/src/Illuminate/Http/Middleware/TrustProxies.php(58): Illuminate/Pipeline/Pipeline->{closure:{closure:Illuminate/Pipeline/Pipeline::carry():194}:195}(Object(Illuminate/Http/Request))
#43 D:/Website-monitoring/vendor/laravel/framework/src/Illuminate/Pipeline/Pipeline.php(219): Illuminate/Http/Middleware/TrustProxies->handle(Object(Illuminate/Http/Request), Object(Closure))
#44 D:/Website-monitoring/vendor/laravel/framework/src/Illuminate/Foundation/Http/Middleware/InvokeDeferredCallbacks.php(22): Illuminate/Pipeline/Pipeline->{closure:{closure:Illuminate/Pipeline/Pipeline::carry():194}:195}(Object(Illuminate/Http/Request))
#45 D:/Website-monitoring/vendor/laravel/framework/src/Illuminate/Pipeline/Pipeline.php(219): Illuminate/Foundation/Http/Middleware/InvokeDeferredCallbacks->handle(Object(Illuminate/Http/Request), Object(Closure))
#46 D:/Website-monitoring/vendor/laravel/framework/src/Illuminate/Http/Middleware/ValidatePathEncoding.php(28): Illuminate/Pipeline/Pipeline->{closure:{closure:Illuminate/Pipeline/Pipeline::carry():194}:195}(Object(Illuminate/Http/Request))
#47 D:/Website-monitoring/vendor/laravel/framework/src/Illuminate/Pipeline/Pipeline.php(219): Illuminate/Http/Middleware/ValidatePathEncoding->handle(Object(Illuminate/Http/Request), Object(Closure))
#48 D:/Website-monitoring/vendor/laravel/framework/src/Illuminate/Pipeline/Pipeline.php(137): Illuminate/Pipeline/Pipeline->{closure:{closure:Illuminate/Pipeline/Pipeline::carry():194}:195}(Object(Illuminate/Http/Request))
#49 D:/Website-monitoring/vendor/laravel/framework/src/Illuminate/Foundation/Http/Kernel.php(175): Illuminate/Pipeline/Pipeline->then(Object(Closure))
#50 D:/Website-monitoring/vendor/laravel/framework/src/Illuminate/Foundation/Http/Kernel.php(144): Illuminate/Foundation/Http/Kernel->sendRequestThroughRouter(Object(Illuminate/Http/Request))
#51 D:/Website-monitoring/vendor/laravel/framework/src/Illuminate/Foundation/Application.php(1227): Illuminate/Foundation/Http/Kernel->handle(Object(Illuminate/Http/Request))
#52 D:/Website-monitoring/public/index.php(20): Illuminate/Foundation/Application->handleRequest(Object(Illuminate/Http/Request))
#53 D:/Website-monitoring/vendor/laravel/framework/src/Illuminate/Foundation/resources/server.php(23): require_once('D://Website-moni...')
#54 {main}

[previous exception] [object] (RuntimeException(code: 0): SplFileObject::__construct(D:\\Website-monitoring\\storage/app/firebase/service-account.json): Failed to open stream: No such file or directory at D:/Website-monitoring/vendor/kreait/firebase-php/src/Valinor/Source.php:55)
[stacktrace]
#0 D:/Website-monitoring/vendor/kreait/firebase-php/src/Valinor/Source.php(55): SplFileObject->__construct('D://Website-moni...')
#1 D:/Website-monitoring/vendor/kreait/firebase-php/src/Valinor/Source.php(40): Kreait/Firebase/Valinor/Source::file('D://Website-moni...')
#2 D:/Website-monitoring/vendor/kreait/firebase-php/src/Factory.php(666): Kreait/Firebase/Valinor/Source::parse('D://Website-moni...')
#3 D:/Website-monitoring/vendor/kreait/firebase-php/src/Factory.php(146): Kreait/Firebase/Factory->mapServiceAccount('D://Website-moni...')
#4 D:/Website-monitoring/vendor/kreait/laravel-firebase/src/FirebaseProjectManager.php(75): Kreait/Firebase/Factory->withServiceAccount(Object(SensitiveParameterValue))
#5 D:/Website-monitoring/vendor/kreait/laravel-firebase/src/FirebaseProjectManager.php(35): Kreait/Laravel/Firebase/FirebaseProjectManager->configure('app')
#6 D:/Website-monitoring/vendor/kreait/laravel-firebase/src/ServiceProvider.php(38): Kreait/Laravel/Firebase/FirebaseProjectManager->project()
#7 D:/Website-monitoring/vendor/laravel/framework/src/Illuminate/Container/Container.php(1140): Kreait/Laravel/Firebase/ServiceProvider::{closure:Kreait/Laravel/Firebase/ServiceProvider::registerComponents():38}(Object(Illuminate/Foundation/Application), Array)
#8 D:/Website-monitoring/vendor/laravel/framework/src/Illuminate/Container/Container.php(939): Illuminate/Container/Container->build(Object(Closure))
#9 D:/Website-monitoring/vendor/laravel/framework/src/Illuminate/Foundation/Application.php(1085): Illuminate/Container/Container->resolve('Kreait//Firebase...', Array, true)
#10 D:/Website-monitoring/vendor/laravel/framework/src/Illuminate/Container/Container.php(867): Illuminate/Foundation/Application->resolve('Kreait//Firebase...', Array)
#11 D:/Website-monitoring/vendor/laravel/framework/src/Illuminate/Foundation/Application.php(1065): Illuminate/Container/Container->make('Kreait//Firebase...', Array)
#12 D:/Website-monitoring/vendor/laravel/framework/src/Illuminate/Container/Container.php(1363): Illuminate/Foundation/Application->make('Kreait//Firebase...')
#13 D:/Website-monitoring/vendor/laravel/framework/src/Illuminate/Container/Container.php(1264): Illuminate/Container/Container->resolveClass(Object(ReflectionParameter), 'Kreait//Firebase...')
#14 D:/Website-monitoring/vendor/laravel/framework/src/Illuminate/Container/Container.php(1187): Illuminate/Container/Container->resolveDependencies(Array)
#15 D:/Website-monitoring/vendor/laravel/framework/src/Illuminate/Container/Container.php(939): Illuminate/Container/Container->build('App//Http//Middle...')
#16 D:/Website-monitoring/vendor/laravel/framework/src/Illuminate/Foundation/Application.php(1085): Illuminate/Container/Container->resolve('App//Http//Middle...', Array, true)
#17 D:/Website-monitoring/vendor/laravel/framework/src/Illuminate/Container/Container.php(867): Illuminate/Foundation/Application->resolve('App//Http//Middle...', Array)
#18 D:/Website-monitoring/vendor/laravel/framework/src/Illuminate/Foundation/Application.php(1065): Illuminate/Container/Container->make('App//Http//Middle...', Array)
#19 D:/Website-monitoring/vendor/laravel/framework/src/Illuminate/Pipeline/Pipeline.php(208): Illuminate/Foundation/Application->make('App//Http//Middle...')
#20 D:/Website-monitoring/vendor/laravel/framework/src/Illuminate/Routing/Middleware/SubstituteBindings.php(52): Illuminate/Pipeline/Pipeline->{closure:{closure:Illuminate/Pipeline/Pipeline::carry():194}:195}(Object(Illuminate/Http/Request))
#21 D:/Website-monitoring/vendor/laravel/framework/src/Illuminate/Pipeline/Pipeline.php(219): Illuminate/Routing/Middleware/SubstituteBindings->handle(Object(Illuminate/Http/Request), Object(Closure))
#22 D:/Website-monitoring/vendor/laravel/framework/src/Illuminate/Pipeline/Pipeline.php(137): Illuminate/Pipeline/Pipeline->{closure:{closure:Illuminate/Pipeline/Pipeline::carry():194}:195}(Object(Illuminate/Http/Request))
#23 D:/Website-monitoring/vendor/laravel/framework/src/Illuminate/Routing/Router.php(821): Illuminate/Pipeline/Pipeline->then(Object(Closure))
#24 D:/Website-monitoring/vendor/laravel/framework/src/Illuminate/Routing/Router.php(800): Illuminate/Routing/Router->runRouteWithinStack(Object(Illuminate/Routing/Route), Object(Illuminate/Http/Request))
#25 D:/Website-monitoring/vendor/laravel/framework/src/Illuminate/Routing/Router.php(764): Illuminate/Routing/Router->runRoute(Object(Illuminate/Http/Request), Object(Illuminate/Routing/Route))
#26 D:/Website-monitoring/vendor/laravel/framework/src/Illuminate/Routing/Router.php(753): Illuminate/Routing/Router->dispatchToRoute(Object(Illuminate/Http/Request))
#27 D:/Website-monitoring/vendor/laravel/framework/src/Illuminate/Foundation/Http/Kernel.php(200): Illuminate/Routing/Router->dispatch(Object(Illuminate/Http/Request))
#28 D:/Website-monitoring/vendor/laravel/framework/src/Illuminate/Pipeline/Pipeline.php(180): Illuminate/Foundation/Http/Kernel->{closure:Illuminate/Foundation/Http/Kernel::dispatchToRouter():197}(Object(Illuminate/Http/Request))
#29 D:/Website-monitoring/app/Http/Middleware/SecurityHeaders.php(14): Illuminate/Pipeline/Pipeline->{closure:Illuminate/Pipeline/Pipeline::prepareDestination():178}(Object(Illuminate/Http/Request))
#30 D:/Website-monitoring/vendor/laravel/framework/src/Illuminate/Pipeline/Pipeline.php(219): App/Http/Middleware/SecurityHeaders->handle(Object(Illuminate/Http/Request), Object(Closure))
#31 D:/Website-monitoring/vendor/laravel/framework/src/Illuminate/Foundation/Http/Middleware/TransformsRequest.php(21): Illuminate/Pipeline/Pipeline->{closure:{closure:Illuminate/Pipeline/Pipeline::carry():194}:195}(Object(Illuminate/Http/Request))
#32 D:/Website-monitoring/vendor/laravel/framework/src/Illuminate/Foundation/Http/Middleware/ConvertEmptyStringsToNull.php(31): Illuminate/Foundation/Http/Middleware/TransformsRequest->handle(Object(Illuminate/Http/Request), Object(Closure))
#33 D:/Website-monitoring/vendor/laravel/framework/src/Illuminate/Pipeline/Pipeline.php(219): Illuminate/Foundation/Http/Middleware/ConvertEmptyStringsToNull->handle(Object(Illuminate/Http/Request), Object(Closure))
#34 D:/Website-monitoring/vendor/laravel/framework/src/Illuminate/Foundation/Http/Middleware/TransformsRequest.php(21): Illuminate/Pipeline/Pipeline->{closure:{closure:Illuminate/Pipeline/Pipeline::carry():194}:195}(Object(Illuminate/Http/Request))
#35 D:/Website-monitoring/vendor/laravel/framework/src/Illuminate/Foundation/Http/Middleware/TrimStrings.php(51): Illuminate/Foundation/Http/Middleware/TransformsRequest->handle(Object(Illuminate/Http/Request), Object(Closure))
#36 D:/Website-monitoring/vendor/laravel/framework/src/Illuminate/Pipeline/Pipeline.php(219): Illuminate/Foundation/Http/Middleware/TrimStrings->handle(Object(Illuminate/Http/Request), Object(Closure))
#37 D:/Website-monitoring/vendor/laravel/framework/src/Illuminate/Http/Middleware/ValidatePostSize.php(27): Illuminate/Pipeline/Pipeline->{closure:{closure:Illuminate/Pipeline/Pipeline::carry():194}:195}(Object(Illuminate/Http/Request))
#38 D:/Website-monitoring/vendor/laravel/framework/src/Illuminate/Pipeline/Pipeline.php(219): Illuminate/Http/Middleware/ValidatePostSize->handle(Object(Illuminate/Http/Request), Object(Closure))
#39 D:/Website-monitoring/vendor/laravel/framework/src/Illuminate/Foundation/Http/Middleware/PreventRequestsDuringMaintenance.php(110): Illuminate/Pipeline/Pipeline->{closure:{closure:Illuminate/Pipeline/Pipeline::carry():194}:195}(Object(Illuminate/Http/Request))
#40 D:/Website-monitoring/vendor/laravel/framework/src/Illuminate/Pipeline/Pipeline.php(219): Illuminate/Foundation/Http/Middleware/PreventRequestsDuringMaintenance->handle(Object(Illuminate/Http/Request), Object(Closure))
#41 D:/Website-monitoring/vendor/laravel/framework/src/Illuminate/Http/Middleware/HandleCors.php(74): Illuminate/Pipeline/Pipeline->{closure:{closure:Illuminate/Pipeline/Pipeline::carry():194}:195}(Object(Illuminate/Http/Request))
#42 D:/Website-monitoring/vendor/laravel/framework/src/Illuminate/Pipeline/Pipeline.php(219): Illuminate/Http/Middleware/HandleCors->handle(Object(Illuminate/Http/Request), Object(Closure))
#43 D:/Website-monitoring/vendor/laravel/framework/src/Illuminate/Http/Middleware/TrustProxies.php(58): Illuminate/Pipeline/Pipeline->{closure:{closure:Illuminate/Pipeline/Pipeline::carry():194}:195}(Object(Illuminate/Http/Request))
#44 D:/Website-monitoring/vendor/laravel/framework/src/Illuminate/Pipeline/Pipeline.php(219): Illuminate/Http/Middleware/TrustProxies->handle(Object(Illuminate/Http/Request), Object(Closure))
#45 D:/Website-monitoring/vendor/laravel/framework/src/Illuminate/Foundation/Http/Middleware/InvokeDeferredCallbacks.php(22): Illuminate/Pipeline/Pipeline->{closure:{closure:Illuminate/Pipeline/Pipeline::carry():194}:195}(Object(Illuminate/Http/Request))
#46 D:/Website-monitoring/vendor/laravel/framework/src/Illuminate/Pipeline/Pipeline.php(219): Illuminate/Foundation/Http/Middleware/InvokeDeferredCallbacks->handle(Object(Illuminate/Http/Request), Object(Closure))
#47 D:/Website-monitoring/vendor/laravel/framework/src/Illuminate/Http/Middleware/ValidatePathEncoding.php(28): Illuminate/Pipeline/Pipeline->{closure:{closure:Illuminate/Pipeline/Pipeline::carry():194}:195}(Object(Illuminate/Http/Request))
#48 D:/Website-monitoring/vendor/laravel/framework/src/Illuminate/Pipeline/Pipeline.php(219): Illuminate/Http/Middleware/ValidatePathEncoding->handle(Object(Illuminate/Http/Request), Object(Closure))
#49 D:/Website-monitoring/vendor/laravel/framework/src/Illuminate/Pipeline/Pipeline.php(137): Illuminate/Pipeline/Pipeline->{closure:{closure:Illuminate/Pipeline/Pipeline::carry():194}:195}(Object(Illuminate/Http/Request))
#50 D:/Website-monitoring/vendor/laravel/framework/src/Illuminate/Foundation/Http/Kernel.php(175): Illuminate/Pipeline/Pipeline->then(Object(Closure))
#51 D:/Website-monitoring/vendor/laravel/framework/src/Illuminate/Foundation/Http/Kernel.php(144): Illuminate/Foundation/Http/Kernel->sendRequestThroughRouter(Object(Illuminate/Http/Request))
#52 D:/Website-monitoring/vendor/laravel/framework/src/Illuminate/Foundation/Application.php(1227): Illuminate/Foundation/Http/Kernel->handle(Object(Illuminate/Http/Request))
#53 D:/Website-monitoring/public/index.php(20): Illuminate/Foundation/Application->handleRequest(Object(Illuminate/Http/Request))
#54 D:/Website-monitoring/vendor/laravel/framework/src/Illuminate/Foundation/resources/server.php(23): require_once('D://Website-moni...')
#55 {main}
"} 
[2026-09-14 02:27:04] local.ERROR: SplFileObject::__construct(D:\Website-monitoring\storage/app/firebase/service-account.json): Failed to open stream: No such file or directory {"exception":"[object] (Kreait\\Firebase\\Exception\\InvalidArgumentException(code: 0): SplFileObject::__construct(D:\\Website-monitoring\\storage/app/firebase/service-account.json): Failed to open stream: No such file or directory at D:/Website-monitoring/vendor/kreait/firebase-php/src/Valinor/Source.php:57)
[stacktrace]
#0 D:/Website-monitoring/vendor/kreait/firebase-php/src/Valinor/Source.php(40): Kreait/Firebase/Valinor/Source::file('D://Website-moni...')
#1 D:/Website-monitoring/vendor/kreait/firebase-php/src/Factory.php(666): Kreait/Firebase/Valinor/Source::parse('D://Website-moni...')
#2 D:/Website-monitoring/vendor/kreait/firebase-php/src/Factory.php(146): Kreait/Firebase/Factory->mapServiceAccount('D://Website-moni...')
#3 D:/Website-monitoring/vendor/kreait/laravel-firebase/src/FirebaseProjectManager.php(75): Kreait/Firebase/Factory->withServiceAccount(Object(SensitiveParameterValue))
#4 D:/Website-monitoring/vendor/kreait/laravel-firebase/src/FirebaseProjectManager.php(35): Kreait/Laravel/Firebase/FirebaseProjectManager->configure('app')
#5 D:/Website-monitoring/vendor/kreait/laravel-firebase/src/ServiceProvider.php(38): Kreait/Laravel/Firebase/FirebaseProjectManager->project()
#6 D:/Website-monitoring/vendor/laravel/framework/src/Illuminate/Container/Container.php(1140): Kreait/Laravel/Firebase/ServiceProvider::{closure:Kreait/Laravel/Firebase/ServiceProvider::registerComponents():38}(Object(Illuminate/Foundation/Application), Array)
#7 D:/Website-monitoring/vendor/laravel/framework/src/Illuminate/Container/Container.php(939): Illuminate/Container/Container->build(Object(Closure))
#8 D:/Website-monitoring/vendor/laravel/framework/src/Illuminate/Foundation/Application.php(1085): Illuminate/Container/Container->resolve('Kreait//Firebase...', Array, true)
#9 D:/Website-monitoring/vendor/laravel/framework/src/Illuminate/Container/Container.php(867): Illuminate/Foundation/Application->resolve('Kreait//Firebase...', Array)
#10 D:/Website-monitoring/vendor/laravel/framework/src/Illuminate/Foundation/Application.php(1065): Illuminate/Container/Container->make('Kreait//Firebase...', Array)
#11 D:/Website-monitoring/vendor/laravel/framework/src/Illuminate/Container/Container.php(1363): Illuminate/Foundation/Application->make('Kreait//Firebase...')
#12 D:/Website-monitoring/vendor/laravel/framework/src/Illuminate/Container/Container.php(1264): Illuminate/Container/Container->resolveClass(Object(ReflectionParameter), 'Kreait//Firebase...')
#13 D:/Website-monitoring/vendor/laravel/framework/src/Illuminate/Container/Container.php(1187): Illuminate/Container/Container->resolveDependencies(Array)
#14 D:/Website-monitoring/vendor/laravel/framework/src/Illuminate/Container/Container.php(939): Illuminate/Container/Container->build('App//Http//Middle...')
#15 D:/Website-monitoring/vendor/laravel/framework/src/Illuminate/Foundation/Application.php(1085): Illuminate/Container/Container->resolve('App//Http//Middle...', Array, true)
#16 D:/Website-monitoring/vendor/laravel/framework/src/Illuminate/Container/Container.php(867): Illuminate/Foundation/Application->resolve('App//Http//Middle...', Array)
#17 D:/Website-monitoring/vendor/laravel/framework/src/Illuminate/Foundation/Application.php(1065): Illuminate/Container/Container->make('App//Http//Middle...', Array)
#18 D:/Website-monitoring/vendor/laravel/framework/src/Illuminate/Foundation/Http/Kernel.php(257): Illuminate/Foundation/Application->make('App//Http//Middle...')
#19 D:/Website-monitoring/vendor/laravel/framework/src/Illuminate/Foundation/Http/Kernel.php(215): Illuminate/Foundation/Http/Kernel->terminateMiddleware(Object(Illuminate/Http/Request), Object(Illuminate/Http/JsonResponse))
#20 D:/Website-monitoring/vendor/laravel/framework/src/Illuminate/Foundation/Application.php(1229): Illuminate/Foundation/Http/Kernel->terminate(Object(Illuminate/Http/Request), Object(Illuminate/Http/JsonResponse))
#21 D:/Website-monitoring/public/index.php(20): Illuminate/Foundation/Application->handleRequest(Object(Illuminate/Http/Request))
#22 D:/Website-monitoring/vendor/laravel/framework/src/Illuminate/Foundation/resources/server.php(23): require_once('D://Website-moni...')
#23 {main}

[previous exception] [object] (RuntimeException(code: 0): SplFileObject::__construct(D:\\Website-monitoring\\storage/app/firebase/service-account.json): Failed to open stream: No such file or directory at D:/Website-monitoring/vendor/kreait/firebase-php/src/Valinor/Source.php:55)
[stacktrace]
#0 D:/Website-monitoring/vendor/kreait/firebase-php/src/Valinor/Source.php(55): SplFileObject->__construct('D://Website-moni...')
#1 D:/Website-monitoring/vendor/kreait/firebase-php/src/Valinor/Source.php(40): Kreait/Firebase/Valinor/Source::file('D://Website-moni...')
#2 D:/Website-monitoring/vendor/kreait/firebase-php/src/Factory.php(666): Kreait/Firebase/Valinor/Source::parse('D://Website-moni...')
#3 D:/Website-monitoring/vendor/kreait/firebase-php/src/Factory.php(146): Kreait/Firebase/Factory->mapServiceAccount('D://Website-moni...')
#4 D:/Website-monitoring/vendor/kreait/laravel-firebase/src/FirebaseProjectManager.php(75): Kreait/Firebase/Factory->withServiceAccount(Object(SensitiveParameterValue))
#5 D:/Website-monitoring/vendor/kreait/laravel-firebase/src/FirebaseProjectManager.php(35): Kreait/Laravel/Firebase/FirebaseProjectManager->configure('app')
#6 D:/Website-monitoring/vendor/kreait/laravel-firebase/src/ServiceProvider.php(38): Kreait/Laravel/Firebase/FirebaseProjectManager->project()
#7 D:/Website-monitoring/vendor/laravel/framework/src/Illuminate/Container/Container.php(1140): Kreait/Laravel/Firebase/ServiceProvider::{closure:Kreait/Laravel/Firebase/ServiceProvider::registerComponents():38}(Object(Illuminate/Foundation/Application), Array)
#8 D:/Website-monitoring/vendor/laravel/framework/src/Illuminate/Container/Container.php(939): Illuminate/Container/Container->build(Object(Closure))
#9 D:/Website-monitoring/vendor/laravel/framework/src/Illuminate/Foundation/Application.php(1085): Illuminate/Container/Container->resolve('Kreait//Firebase...', Array, true)
#10 D:/Website-monitoring/vendor/laravel/framework/src/Illuminate/Container/Container.php(867): Illuminate/Foundation/Application->resolve('Kreait//Firebase...', Array)
#11 D:/Website-monitoring/vendor/laravel/framework/src/Illuminate/Foundation/Application.php(1065): Illuminate/Container/Container->make('Kreait//Firebase...', Array)
#12 D:/Website-monitoring/vendor/laravel/framework/src/Illuminate/Container/Container.php(1363): Illuminate/Foundation/Application->make('Kreait//Firebase...')
#13 D:/Website-monitoring/vendor/laravel/framework/src/Illuminate/Container/Container.php(1264): Illuminate/Container/Container->resolveClass(Object(ReflectionParameter), 'Kreait//Firebase...')
#14 D:/Website-monitoring/vendor/laravel/framework/src/Illuminate/Container/Container.php(1187): Illuminate/Container/Container->resolveDependencies(Array)
#15 D:/Website-monitoring/vendor/laravel/framework/src/Illuminate/Container/Container.php(939): Illuminate/Container/Container->build('App//Http//Middle...')
#16 D:/Website-monitoring/vendor/laravel/framework/src/Illuminate/Foundation/Application.php(1085): Illuminate/Container/Container->resolve('App//Http//Middle...', Array, true)
#17 D:/Website-monitoring/vendor/laravel/framework/src/Illuminate/Container/Container.php(867): Illuminate/Foundation/Application->resolve('App//Http//Middle...', Array)
#18 D:/Website-monitoring/vendor/laravel/framework/src/Illuminate/Foundation/Application.php(1065): Illuminate/Container/Container->make('App//Http//Middle...', Array)
#19 D:/Website-monitoring/vendor/laravel/framework/src/Illuminate/Foundation/Http/Kernel.php(257): Illuminate/Foundation/Application->make('App//Http//Middle...')
#20 D:/Website-monitoring/vendor/laravel/framework/src/Illuminate/Foundation/Http/Kernel.php(215): Illuminate/Foundation/Http/Kernel->terminateMiddleware(Object(Illuminate/Http/Request), Object(Illuminate/Http/JsonResponse))
#21 D:/Website-monitoring/vendor/laravel/framework/src/Illuminate/Foundation/Application.php(1229): Illuminate/Foundation/Http/Kernel->terminate(Object(Illuminate/Http/Request), Object(Illuminate/Http/JsonResponse))
#22 D:/Website-monitoring/public/index.php(20): Illuminate/Foundation/Application->handleRequest(Object(Illuminate/Http/Request))
#23 D:/Website-monitoring/vendor/laravel/framework/src/Illuminate/Foundation/resources/server.php(23): require_once('D://Website-moni...')
#24 {main}
"} 
[2026-09-14 02:27:04] local.ERROR: Uncaught ErrorException: Cannot modify header information - headers already sent by (output started at D:\Website-monitoring\vendor\symfony\http-foundation\Response.php:393) in D:\Website-monitoring\vendor\symfony\http-foundation\Response.php:328
Stack trace:
#0 D:\Website-monitoring\vendor\laravel\framework\src\Illuminate\Foundation\Bootstrap\HandleExceptions.php(265): Illuminate\Foundation\Bootstrap\HandleExceptions->handleError(2, 'Cannot modify h...', 'D:\\Website-moni...', 328)
#1 [internal function]: Illuminate\Foundation\Bootstrap\HandleExceptions->{closure:Illuminate\Foundation\Bootstrap\HandleExceptions::forwardsTo():264}(2, 'Cannot modify h...', 'D:\\Website-moni...', 328)
#2 D:\Website-monitoring\vendor\symfony\http-foundation\Response.php(328): header('HTTP/1.0 500 In...', true, 500)
#3 D:\Website-monitoring\vendor\symfony\http-foundation\Response.php(407): Symfony\Component\HttpFoundation\Response->sendHeaders()
#4 D:\Website-monitoring\vendor\laravel\framework\src\Illuminate\Foundation\Bootstrap\HandleExceptions.php(228): Symfony\Component\HttpFoundation\Response->send()
#5 D:\Website-monitoring\vendor\laravel\framework\src\Illuminate\Foundation\Bootstrap\HandleExceptions.php(205): Illuminate\Foundation\Bootstrap\HandleExceptions->renderHttpResponse(Object(Kreait\Firebase\Exception\InvalidArgumentException))
#6 D:\Website-monitoring\vendor\laravel\framework\src\Illuminate\Foundation\Bootstrap\HandleExceptions.php(265): Illuminate\Foundation\Bootstrap\HandleExceptions->handleException(Object(Kreait\Firebase\Exception\InvalidArgumentException))
#7 [internal function]: Illuminate\Foundation\Bootstrap\HandleExceptions->{closure:Illuminate\Foundation\Bootstrap\HandleExceptions::forwardsTo():264}(Object(Kreait\Firebase\Exception\InvalidArgumentException))
#8 {main}
  thrown {"exception":"[object] (Symfony\\Component\\ErrorHandler\\Error\\FatalError(code: 0): Uncaught ErrorException: Cannot modify header information - headers already sent by (output started at D:\\Website-monitoring\\vendor\\symfony\\http-foundation\\Response.php:393) in D:\\Website-monitoring\\vendor\\symfony\\http-foundation\\Response.php:328
Stack trace:
#0 D:\\Website-monitoring\\vendor\\laravel\\framework\\src\\Illuminate\\Foundation\\Bootstrap\\HandleExceptions.php(265): Illuminate\\Foundation\\Bootstrap\\HandleExceptions->handleError(2, 'Cannot modify h...', 'D:\\\\Website-moni...', 328)
#1 [internal function]: Illuminate\\Foundation\\Bootstrap\\HandleExceptions->{closure:Illuminate\\Foundation\\Bootstrap\\HandleExceptions::forwardsTo():264}(2, 'Cannot modify h...', 'D:\\\\Website-moni...', 328)
#2 D:\\Website-monitoring\\vendor\\symfony\\http-foundation\\Response.php(328): header('HTTP/1.0 500 In...', true, 500)
#3 D:\\Website-monitoring\\vendor\\symfony\\http-foundation\\Response.php(407): Symfony\\Component\\HttpFoundation\\Response->sendHeaders()
#4 D:\\Website-monitoring\\vendor\\laravel\\framework\\src\\Illuminate\\Foundation\\Bootstrap\\HandleExceptions.php(228): Symfony\\Component\\HttpFoundation\\Response->send()
#5 D:\\Website-monitoring\\vendor\\laravel\\framework\\src\\Illuminate\\Foundation\\Bootstrap\\HandleExceptions.php(205): Illuminate\\Foundation\\Bootstrap\\HandleExceptions->renderHttpResponse(Object(Kreait\\Firebase\\Exception\\InvalidArgumentException))
#6 D:\\Website-monitoring\\vendor\\laravel\\framework\\src\\Illuminate\\Foundation\\Bootstrap\\HandleExceptions.php(265): Illuminate\\Foundation\\Bootstrap\\HandleExceptions->handleException(Object(Kreait\\Firebase\\Exception\\InvalidArgumentException))
#7 [internal function]: Illuminate\\Foundation\\Bootstrap\\HandleExceptions->{closure:Illuminate\\Foundation\\Bootstrap\\HandleExceptions::forwardsTo():264}(Object(Kreait\\Firebase\\Exception\\InvalidArgumentException))
#8 {main}
  thrown at D:/Website-monitoring/vendor/symfony/http-foundation/Response.php:328)
[stacktrace]
#0 {main}
"} 
[2026-09-14 02:27:12] local.ERROR: SplFileObject::__construct(D:\Website-monitoring\storage/app/firebase/service-account.json): Failed to open stream: No such file or directory {"exception":"[object] (Kreait\\Firebase\\Exception\\InvalidArgumentException(code: 0): SplFileObject::__construct(D:\\Website-monitoring\\storage/app/firebase/service-account.json): Failed to open stream: No such file or directory at D:/Website-monitoring/vendor/kreait/firebase-php/src/Valinor/Source.php:57)
[stacktrace]
#0 D:/Website-monitoring/vendor/kreait/firebase-php/src/Valinor/Source.php(40): Kreait/Firebase/Valinor/Source::file('D://Website-moni...')
#1 D:/Website-monitoring/vendor/kreait/firebase-php/src/Factory.php(666): Kreait/Firebase/Valinor/Source::parse('D://Website-moni...')
#2 D:/Website-monitoring/vendor/kreait/firebase-php/src/Factory.php(146): Kreait/Firebase/Factory->mapServiceAccount('D://Website-moni...')
#3 D:/Website-monitoring/vendor/kreait/laravel-firebase/src/FirebaseProjectManager.php(75): Kreait/Firebase/Factory->withServiceAccount(Object(SensitiveParameterValue))
#4 D:/Website-monitoring/vendor/kreait/laravel-firebase/src/FirebaseProjectManager.php(35): Kreait/Laravel/Firebase/FirebaseProjectManager->configure('app')
#5 D:/Website-monitoring/vendor/kreait/laravel-firebase/src/ServiceProvider.php(38): Kreait/Laravel/Firebase/FirebaseProjectManager->project()
#6 D:/Website-monitoring/vendor/laravel/framework/src/Illuminate/Container/Container.php(1140): Kreait/Laravel/Firebase/ServiceProvider::{closure:Kreait/Laravel/Firebase/ServiceProvider::registerComponents():38}(Object(Illuminate/Foundation/Application), Array)
#7 D:/Website-monitoring/vendor/laravel/framework/src/Illuminate/Container/Container.php(939): Illuminate/Container/Container->build(Object(Closure))
#8 D:/Website-monitoring/vendor/laravel/framework/src/Illuminate/Foundation/Application.php(1085): Illuminate/Container/Container->resolve('Kreait//Firebase...', Array, true)
#9 D:/Website-monitoring/vendor/laravel/framework/src/Illuminate/Container/Container.php(867): Illuminate/Foundation/Application->resolve('Kreait//Firebase...', Array)
#10 D:/Website-monitoring/vendor/laravel/framework/src/Illuminate/Foundation/Application.php(1065): Illuminate/Container/Container->make('Kreait//Firebase...', Array)
#11 D:/Website-monitoring/vendor/laravel/framework/src/Illuminate/Container/Container.php(1363): Illuminate/Foundation/Application->make('Kreait//Firebase...')
#12 D:/Website-monitoring/vendor/laravel/framework/src/Illuminate/Container/Container.php(1264): Illuminate/Container/Container->resolveClass(Object(ReflectionParameter), 'Kreait//Firebase...')
#13 D:/Website-monitoring/vendor/laravel/framework/src/Illuminate/Container/Container.php(1187): Illuminate/Container/Container->resolveDependencies(Array)
#14 D:/Website-monitoring/vendor/laravel/framework/src/Illuminate/Container/Container.php(939): Illuminate/Container/Container->build('App//Http//Middle...')
#15 D:/Website-monitoring/vendor/laravel/framework/src/Illuminate/Foundation/Application.php(1085): Illuminate/Container/Container->resolve('App//Http//Middle...', Array, true)
#16 D:/Website-monitoring/vendor/laravel/framework/src/Illuminate/Container/Container.php(867): Illuminate/Foundation/Application->resolve('App//Http//Middle...', Array)
#17 D:/Website-monitoring/vendor/laravel/framework/src/Illuminate/Foundation/Application.php(1065): Illuminate/Container/Container->make('App//Http//Middle...', Array)
#18 D:/Website-monitoring/vendor/laravel/framework/src/Illuminate/Pipeline/Pipeline.php(208): Illuminate/Foundation/Application->make('App//Http//Middle...')
#19 D:/Website-monitoring/vendor/laravel/framework/src/Illuminate/Routing/Middleware/SubstituteBindings.php(52): Illuminate/Pipeline/Pipeline->{closure:{closure:Illuminate/Pipeline/Pipeline::carry():194}:195}(Object(Illuminate/Http/Request))
#20 D:/Website-monitoring/vendor/laravel/framework/src/Illuminate/Pipeline/Pipeline.php(219): Illuminate/Routing/Middleware/SubstituteBindings->handle(Object(Illuminate/Http/Request), Object(Closure))
#21 D:/Website-monitoring/vendor/laravel/framework/src/Illuminate/Pipeline/Pipeline.php(137): Illuminate/Pipeline/Pipeline->{closure:{closure:Illuminate/Pipeline/Pipeline::carry():194}:195}(Object(Illuminate/Http/Request))
#22 D:/Website-monitoring/vendor/laravel/framework/src/Illuminate/Routing/Router.php(821): Illuminate/Pipeline/Pipeline->then(Object(Closure))
#23 D:/Website-monitoring/vendor/laravel/framework/src/Illuminate/Routing/Router.php(800): Illuminate/Routing/Router->runRouteWithinStack(Object(Illuminate/Routing/Route), Object(Illuminate/Http/Request))
#24 D:/Website-monitoring/vendor/laravel/framework/src/Illuminate/Routing/Router.php(764): Illuminate/Routing/Router->runRoute(Object(Illuminate/Http/Request), Object(Illuminate/Routing/Route))
#25 D:/Website-monitoring/vendor/laravel/framework/src/Illuminate/Routing/Router.php(753): Illuminate/Routing/Router->dispatchToRoute(Object(Illuminate/Http/Request))
#26 D:/Website-monitoring/vendor/laravel/framework/src/Illuminate/Foundation/Http/Kernel.php(200): Illuminate/Routing/Router->dispatch(Object(Illuminate/Http/Request))
#27 D:/Website-monitoring/vendor/laravel/framework/src/Illuminate/Pipeline/Pipeline.php(180): Illuminate/Foundation/Http/Kernel->{closure:Illuminate/Foundation/Http/Kernel::dispatchToRouter():197}(Object(Illuminate/Http/Request))
#28 D:/Website-monitoring/app/Http/Middleware/SecurityHeaders.php(14): Illuminate/Pipeline/Pipeline->{closure:Illuminate/Pipeline/Pipeline::prepareDestination():178}(Object(Illuminate/Http/Request))
#29 D:/Website-monitoring/vendor/laravel/framework/src/Illuminate/Pipeline/Pipeline.php(219): App/Http/Middleware/SecurityHeaders->handle(Object(Illuminate/Http/Request), Object(Closure))
#30 D:/Website-monitoring/vendor/laravel/framework/src/Illuminate/Foundation/Http/Middleware/TransformsRequest.php(21): Illuminate/Pipeline/Pipeline->{closure:{closure:Illuminate/Pipeline/Pipeline::carry():194}:195}(Object(Illuminate/Http/Request))
#31 D:/Website-monitoring/vendor/laravel/framework/src/Illuminate/Foundation/Http/Middleware/ConvertEmptyStringsToNull.php(31): Illuminate/Foundation/Http/Middleware/TransformsRequest->handle(Object(Illuminate/Http/Request), Object(Closure))
#32 D:/Website-monitoring/vendor/laravel/framework/src/Illuminate/Pipeline/Pipeline.php(219): Illuminate/Foundation/Http/Middleware/ConvertEmptyStringsToNull->handle(Object(Illuminate/Http/Request), Object(Closure))
#33 D:/Website-monitoring/vendor/laravel/framework/src/Illuminate/Foundation/Http/Middleware/TransformsRequest.php(21): Illuminate/Pipeline/Pipeline->{closure:{closure:Illuminate/Pipeline/Pipeline::carry():194}:195}(Object(Illuminate/Http/Request))
#34 D:/Website-monitoring/vendor/laravel/framework/src/Illuminate/Foundation/Http/Middleware/TrimStrings.php(51): Illuminate/Foundation/Http/Middleware/TransformsRequest->handle(Object(Illuminate/Http/Request), Object(Closure))
#35 D:/Website-monitoring/vendor/laravel/framework/src/Illuminate/Pipeline/Pipeline.php(219): Illuminate/Foundation/Http/Middleware/TrimStrings->handle(Object(Illuminate/Http/Request), Object(Closure))
#36 D:/Website-monitoring/vendor/laravel/framework/src/Illuminate/Http/Middleware/ValidatePostSize.php(27): Illuminate/Pipeline/Pipeline->{closure:{closure:Illuminate/Pipeline/Pipeline::carry():194}:195}(Object(Illuminate/Http/Request))
#37 D:/Website-monitoring/vendor/laravel/framework/src/Illuminate/Pipeline/Pipeline.php(219): Illuminate/Http/Middleware/ValidatePostSize->handle(Object(Illuminate/Http/Request), Object(Closure))
#38 D:/Website-monitoring/vendor/laravel/framework/src/Illuminate/Foundation/Http/Middleware/PreventRequestsDuringMaintenance.php(110): Illuminate/Pipeline/Pipeline->{closure:{closure:Illuminate/Pipeline/Pipeline::carry():194}:195}(Object(Illuminate/Http/Request))
#39 D:/Website-monitoring/vendor/laravel/framework/src/Illuminate/Pipeline/Pipeline.php(219): Illuminate/Foundation/Http/Middleware/PreventRequestsDuringMaintenance->handle(Object(Illuminate/Http/Request), Object(Closure))
#40 D:/Website-monitoring/vendor/laravel/framework/src/Illuminate/Http/Middleware/HandleCors.php(74): Illuminate/Pipeline/Pipeline->{closure:{closure:Illuminate/Pipeline/Pipeline::carry():194}:195}(Object(Illuminate/Http/Request))
#41 D:/Website-monitoring/vendor/laravel/framework/src/Illuminate/Pipeline/Pipeline.php(219): Illuminate/Http/Middleware/HandleCors->handle(Object(Illuminate/Http/Request), Object(Closure))
#42 D:/Website-monitoring/vendor/laravel/framework/src/Illuminate/Http/Middleware/TrustProxies.php(58): Illuminate/Pipeline/Pipeline->{closure:{closure:Illuminate/Pipeline/Pipeline::carry():194}:195}(Object(Illuminate/Http/Request))
#43 D:/Website-monitoring/vendor/laravel/framework/src/Illuminate/Pipeline/Pipeline.php(219): Illuminate/Http/Middleware/TrustProxies->handle(Object(Illuminate/Http/Request), Object(Closure))
#44 D:/Website-monitoring/vendor/laravel/framework/src/Illuminate/Foundation/Http/Middleware/InvokeDeferredCallbacks.php(22): Illuminate/Pipeline/Pipeline->{closure:{closure:Illuminate/Pipeline/Pipeline::carry():194}:195}(Object(Illuminate/Http/Request))
#45 D:/Website-monitoring/vendor/laravel/framework/src/Illuminate/Pipeline/Pipeline.php(219): Illuminate/Foundation/Http/Middleware/InvokeDeferredCallbacks->handle(Object(Illuminate/Http/Request), Object(Closure))
#46 D:/Website-monitoring/vendor/laravel/framework/src/Illuminate/Http/Middleware/ValidatePathEncoding.php(28): Illuminate/Pipeline/Pipeline->{closure:{closure:Illuminate/Pipeline/Pipeline::carry():194}:195}(Object(Illuminate/Http/Request))
#47 D:/Website-monitoring/vendor/laravel/framework/src/Illuminate/Pipeline/Pipeline.php(219): Illuminate/Http/Middleware/ValidatePathEncoding->handle(Object(Illuminate/Http/Request), Object(Closure))
#48 D:/Website-monitoring/vendor/laravel/framework/src/Illuminate/Pipeline/Pipeline.php(137): Illuminate/Pipeline/Pipeline->{closure:{closure:Illuminate/Pipeline/Pipeline::carry():194}:195}(Object(Illuminate/Http/Request))
#49 D:/Website-monitoring/vendor/laravel/framework/src/Illuminate/Foundation/Http/Kernel.php(175): Illuminate/Pipeline/Pipeline->then(Object(Closure))
#50 D:/Website-monitoring/vendor/laravel/framework/src/Illuminate/Foundation/Http/Kernel.php(144): Illuminate/Foundation/Http/Kernel->sendRequestThroughRouter(Object(Illuminate/Http/Request))
#51 D:/Website-monitoring/vendor/laravel/framework/src/Illuminate/Foundation/Application.php(1227): Illuminate/Foundation/Http/Kernel->handle(Object(Illuminate/Http/Request))
#52 D:/Website-monitoring/public/index.php(20): Illuminate/Foundation/Application->handleRequest(Object(Illuminate/Http/Request))
#53 D:/Website-monitoring/vendor/laravel/framework/src/Illuminate/Foundation/resources/server.php(23): require_once('D://Website-moni...')
#54 {main}

[previous exception] [object] (RuntimeException(code: 0): SplFileObject::__construct(D:\\Website-monitoring\\storage/app/firebase/service-account.json): Failed to open stream: No such file or directory at D:/Website-monitoring/vendor/kreait/firebase-php/src/Valinor/Source.php:55)
[stacktrace]
#0 D:/Website-monitoring/vendor/kreait/firebase-php/src/Valinor/Source.php(55): SplFileObject->__construct('D://Website-moni...')
#1 D:/Website-monitoring/vendor/kreait/firebase-php/src/Valinor/Source.php(40): Kreait/Firebase/Valinor/Source::file('D://Website-moni...')
#2 D:/Website-monitoring/vendor/kreait/firebase-php/src/Factory.php(666): Kreait/Firebase/Valinor/Source::parse('D://Website-moni...')
#3 D:/Website-monitoring/vendor/kreait/firebase-php/src/Factory.php(146): Kreait/Firebase/Factory->mapServiceAccount('D://Website-moni...')
#4 D:/Website-monitoring/vendor/kreait/laravel-firebase/src/FirebaseProjectManager.php(75): Kreait/Firebase/Factory->withServiceAccount(Object(SensitiveParameterValue))
#5 D:/Website-monitoring/vendor/kreait/laravel-firebase/src/FirebaseProjectManager.php(35): Kreait/Laravel/Firebase/FirebaseProjectManager->configure('app')
#6 D:/Website-monitoring/vendor/kreait/laravel-firebase/src/ServiceProvider.php(38): Kreait/Laravel/Firebase/FirebaseProjectManager->project()
#7 D:/Website-monitoring/vendor/laravel/framework/src/Illuminate/Container/Container.php(1140): Kreait/Laravel/Firebase/ServiceProvider::{closure:Kreait/Laravel/Firebase/ServiceProvider::registerComponents():38}(Object(Illuminate/Foundation/Application), Array)
#8 D:/Website-monitoring/vendor/laravel/framework/src/Illuminate/Container/Container.php(939): Illuminate/Container/Container->build(Object(Closure))
#9 D:/Website-monitoring/vendor/laravel/framework/src/Illuminate/Foundation/Application.php(1085): Illuminate/Container/Container->resolve('Kreait//Firebase...', Array, true)
#10 D:/Website-monitoring/vendor/laravel/framework/src/Illuminate/Container/Container.php(867): Illuminate/Foundation/Application->resolve('Kreait//Firebase...', Array)
#11 D:/Website-monitoring/vendor/laravel/framework/src/Illuminate/Foundation/Application.php(1065): Illuminate/Container/Container->make('Kreait//Firebase...', Array)
#12 D:/Website-monitoring/vendor/laravel/framework/src/Illuminate/Container/Container.php(1363): Illuminate/Foundation/Application->make('Kreait//Firebase...')
#13 D:/Website-monitoring/vendor/laravel/framework/src/Illuminate/Container/Container.php(1264): Illuminate/Container/Container->resolveClass(Object(ReflectionParameter), 'Kreait//Firebase...')
#14 D:/Website-monitoring/vendor/laravel/framework/src/Illuminate/Container/Container.php(1187): Illuminate/Container/Container->resolveDependencies(Array)
#15 D:/Website-monitoring/vendor/laravel/framework/src/Illuminate/Container/Container.php(939): Illuminate/Container/Container->build('App//Http//Middle...')
#16 D:/Website-monitoring/vendor/laravel/framework/src/Illuminate/Foundation/Application.php(1085): Illuminate/Container/Container->resolve('App//Http//Middle...', Array, true)
#17 D:/Website-monitoring/vendor/laravel/framework/src/Illuminate/Container/Container.php(867): Illuminate/Foundation/Application->resolve('App//Http//Middle...', Array)
#18 D:/Website-monitoring/vendor/laravel/framework/src/Illuminate/Foundation/Application.php(1065): Illuminate/Container/Container->make('App//Http//Middle...', Array)
#19 D:/Website-monitoring/vendor/laravel/framework/src/Illuminate/Pipeline/Pipeline.php(208): Illuminate/Foundation/Application->make('App//Http//Middle...')
#20 D:/Website-monitoring/vendor/laravel/framework/src/Illuminate/Routing/Middleware/SubstituteBindings.php(52): Illuminate/Pipeline/Pipeline->{closure:{closure:Illuminate/Pipeline/Pipeline::carry():194}:195}(Object(Illuminate/Http/Request))
#21 D:/Website-monitoring/vendor/laravel/framework/src/Illuminate/Pipeline/Pipeline.php(219): Illuminate/Routing/Middleware/SubstituteBindings->handle(Object(Illuminate/Http/Request), Object(Closure))
#22 D:/Website-monitoring/vendor/laravel/framework/src/Illuminate/Pipeline/Pipeline.php(137): Illuminate/Pipeline/Pipeline->{closure:{closure:Illuminate/Pipeline/Pipeline::carry():194}:195}(Object(Illuminate/Http/Request))
#23 D:/Website-monitoring/vendor/laravel/framework/src/Illuminate/Routing/Router.php(821): Illuminate/Pipeline/Pipeline->then(Object(Closure))
#24 D:/Website-monitoring/vendor/laravel/framework/src/Illuminate/Routing/Router.php(800): Illuminate/Routing/Router->runRouteWithinStack(Object(Illuminate/Routing/Route), Object(Illuminate/Http/Request))
#25 D:/Website-monitoring/vendor/laravel/framework/src/Illuminate/Routing/Router.php(764): Illuminate/Routing/Router->runRoute(Object(Illuminate/Http/Request), Object(Illuminate/Routing/Route))
#26 D:/Website-monitoring/vendor/laravel/framework/src/Illuminate/Routing/Router.php(753): Illuminate/Routing/Router->dispatchToRoute(Object(Illuminate/Http/Request))
#27 D:/Website-monitoring/vendor/laravel/framework/src/Illuminate/Foundation/Http/Kernel.php(200): Illuminate/Routing/Router->dispatch(Object(Illuminate/Http/Request))
#28 D:/Website-monitoring/vendor/laravel/framework/src/Illuminate/Pipeline/Pipeline.php(180): Illuminate/Foundation/Http/Kernel->{closure:Illuminate/Foundation/Http/Kernel::dispatchToRouter():197}(Object(Illuminate/Http/Request))
#29 D:/Website-monitoring/app/Http/Middleware/SecurityHeaders.php(14): Illuminate/Pipeline/Pipeline->{closure:Illuminate/Pipeline/Pipeline::prepareDestination():178}(Object(Illuminate/Http/Request))
#30 D:/Website-monitoring/vendor/laravel/framework/src/Illuminate/Pipeline/Pipeline.php(219): App/Http/Middleware/SecurityHeaders->handle(Object(Illuminate/Http/Request), Object(Closure))
#31 D:/Website-monitoring/vendor/laravel/framework/src/Illuminate/Foundation/Http/Middleware/TransformsRequest.php(21): Illuminate/Pipeline/Pipeline->{closure:{closure:Illuminate/Pipeline/Pipeline::carry():194}:195}(Object(Illuminate/Http/Request))
#32 D:/Website-monitoring/vendor/laravel/framework/src/Illuminate/Foundation/Http/Middleware/ConvertEmptyStringsToNull.php(31): Illuminate/Foundation/Http/Middleware/TransformsRequest->handle(Object(Illuminate/Http/Request), Object(Closure))
#33 D:/Website-monitoring/vendor/laravel/framework/src/Illuminate/Pipeline/Pipeline.php(219): Illuminate/Foundation/Http/Middleware/ConvertEmptyStringsToNull->handle(Object(Illuminate/Http/Request), Object(Closure))
#34 D:/Website-monitoring/vendor/laravel/framework/src/Illuminate/Foundation/Http/Middleware/TransformsRequest.php(21): Illuminate/Pipeline/Pipeline->{closure:{closure:Illuminate/Pipeline/Pipeline::carry():194}:195}(Object(Illuminate/Http/Request))
#35 D:/Website-monitoring/vendor/laravel/framework/src/Illuminate/Foundation/Http/Middleware/TrimStrings.php(51): Illuminate/Foundation/Http/Middleware/TransformsRequest->handle(Object(Illuminate/Http/Request), Object(Closure))
#36 D:/Website-monitoring/vendor/laravel/framework/src/Illuminate/Pipeline/Pipeline.php(219): Illuminate/Foundation/Http/Middleware/TrimStrings->handle(Object(Illuminate/Http/Request), Object(Closure))
#37 D:/Website-monitoring/vendor/laravel/framework/src/Illuminate/Http/Middleware/ValidatePostSize.php(27): Illuminate/Pipeline/Pipeline->{closure:{closure:Illuminate/Pipeline/Pipeline::carry():194}:195}(Object(Illuminate/Http/Request))
#38 D:/Website-monitoring/vendor/laravel/framework/src/Illuminate/Pipeline/Pipeline.php(219): Illuminate/Http/Middleware/ValidatePostSize->handle(Object(Illuminate/Http/Request), Object(Closure))
#39 D:/Website-monitoring/vendor/laravel/framework/src/Illuminate/Foundation/Http/Middleware/PreventRequestsDuringMaintenance.php(110): Illuminate/Pipeline/Pipeline->{closure:{closure:Illuminate/Pipeline/Pipeline::carry():194}:195}(Object(Illuminate/Http/Request))
#40 D:/Website-monitoring/vendor/laravel/framework/src/Illuminate/Pipeline/Pipeline.php(219): Illuminate/Foundation/Http/Middleware/PreventRequestsDuringMaintenance->handle(Object(Illuminate/Http/Request), Object(Closure))
#41 D:/Website-monitoring/vendor/laravel/framework/src/Illuminate/Http/Middleware/HandleCors.php(74): Illuminate/Pipeline/Pipeline->{closure:{closure:Illuminate/Pipeline/Pipeline::carry():194}:195}(Object(Illuminate/Http/Request))
#42 D:/Website-monitoring/vendor/laravel/framework/src/Illuminate/Pipeline/Pipeline.php(219): Illuminate/Http/Middleware/HandleCors->handle(Object(Illuminate/Http/Request), Object(Closure))
#43 D:/Website-monitoring/vendor/laravel/framework/src/Illuminate/Http/Middleware/TrustProxies.php(58): Illuminate/Pipeline/Pipeline->{closure:{closure:Illuminate/Pipeline/Pipeline::carry():194}:195}(Object(Illuminate/Http/Request))
#44 D:/Website-monitoring/vendor/laravel/framework/src/Illuminate/Pipeline/Pipeline.php(219): Illuminate/Http/Middleware/TrustProxies->handle(Object(Illuminate/Http/Request), Object(Closure))
#45 D:/Website-monitoring/vendor/laravel/framework/src/Illuminate/Foundation/Http/Middleware/InvokeDeferredCallbacks.php(22): Illuminate/Pipeline/Pipeline->{closure:{closure:Illuminate/Pipeline/Pipeline::carry():194}:195}(Object(Illuminate/Http/Request))
#46 D:/Website-monitoring/vendor/laravel/framework/src/Illuminate/Pipeline/Pipeline.php(219): Illuminate/Foundation/Http/Middleware/InvokeDeferredCallbacks->handle(Object(Illuminate/Http/Request), Object(Closure))
#47 D:/Website-monitoring/vendor/laravel/framework/src/Illuminate/Http/Middleware/ValidatePathEncoding.php(28): Illuminate/Pipeline/Pipeline->{closure:{closure:Illuminate/Pipeline/Pipeline::carry():194}:195}(Object(Illuminate/Http/Request))
#48 D:/Website-monitoring/vendor/laravel/framework/src/Illuminate/Pipeline/Pipeline.php(219): Illuminate/Http/Middleware/ValidatePathEncoding->handle(Object(Illuminate/Http/Request), Object(Closure))
#49 D:/Website-monitoring/vendor/laravel/framework/src/Illuminate/Pipeline/Pipeline.php(137): Illuminate/Pipeline/Pipeline->{closure:{closure:Illuminate/Pipeline/Pipeline::carry():194}:195}(Object(Illuminate/Http/Request))
#50 D:/Website-monitoring/vendor/laravel/framework/src/Illuminate/Foundation/Http/Kernel.php(175): Illuminate/Pipeline/Pipeline->then(Object(Closure))
#51 D:/Website-monitoring/vendor/laravel/framework/src/Illuminate/Foundation/Http/Kernel.php(144): Illuminate/Foundation/Http/Kernel->sendRequestThroughRouter(Object(Illuminate/Http/Request))
#52 D:/Website-monitoring/vendor/laravel/framework/src/Illuminate/Foundation/Application.php(1227): Illuminate/Foundation/Http/Kernel->handle(Object(Illuminate/Http/Request))
#53 D:/Website-monitoring/public/index.php(20): Illuminate/Foundation/Application->handleRequest(Object(Illuminate/Http/Request))
#54 D:/Website-monitoring/vendor/laravel/framework/src/Illuminate/Foundation/resources/server.php(23): require_once('D://Website-moni...')
#55 {main}
"} 
[2026-09-14 02:27:12] local.ERROR: SplFileObject::__construct(D:\Website-monitoring\storage/app/firebase/service-account.json): Failed to open stream: No such file or directory {"exception":"[object] (Kreait\\Firebase\\Exception\\InvalidArgumentException(code: 0): SplFileObject::__construct(D:\\Website-monitoring\\storage/app/firebase/service-account.json): Failed to open stream: No such file or directory at D:/Website-monitoring/vendor/kreait/firebase-php/src/Valinor/Source.php:57)
[stacktrace]
#0 D:/Website-monitoring/vendor/kreait/firebase-php/src/Valinor/Source.php(40): Kreait/Firebase/Valinor/Source::file('D://Website-moni...')
#1 D:/Website-monitoring/vendor/kreait/firebase-php/src/Factory.php(666): Kreait/Firebase/Valinor/Source::parse('D://Website-moni...')
#2 D:/Website-monitoring/vendor/kreait/firebase-php/src/Factory.php(146): Kreait/Firebase/Factory->mapServiceAccount('D://Website-moni...')
#3 D:/Website-monitoring/vendor/kreait/laravel-firebase/src/FirebaseProjectManager.php(75): Kreait/Firebase/Factory->withServiceAccount(Object(SensitiveParameterValue))
#4 D:/Website-monitoring/vendor/kreait/laravel-firebase/src/FirebaseProjectManager.php(35): Kreait/Laravel/Firebase/FirebaseProjectManager->configure('app')
#5 D:/Website-monitoring/vendor/kreait/laravel-firebase/src/ServiceProvider.php(38): Kreait/Laravel/Firebase/FirebaseProjectManager->project()
#6 D:/Website-monitoring/vendor/laravel/framework/src/Illuminate/Container/Container.php(1140): Kreait/Laravel/Firebase/ServiceProvider::{closure:Kreait/Laravel/Firebase/ServiceProvider::registerComponents():38}(Object(Illuminate/Foundation/Application), Array)
#7 D:/Website-monitoring/vendor/laravel/framework/src/Illuminate/Container/Container.php(939): Illuminate/Container/Container->build(Object(Closure))
#8 D:/Website-monitoring/vendor/laravel/framework/src/Illuminate/Foundation/Application.php(1085): Illuminate/Container/Container->resolve('Kreait//Firebase...', Array, true)
#9 D:/Website-monitoring/vendor/laravel/framework/src/Illuminate/Container/Container.php(867): Illuminate/Foundation/Application->resolve('Kreait//Firebase...', Array)
#10 D:/Website-monitoring/vendor/laravel/framework/src/Illuminate/Foundation/Application.php(1065): Illuminate/Container/Container->make('Kreait//Firebase...', Array)
#11 D:/Website-monitoring/vendor/laravel/framework/src/Illuminate/Container/Container.php(1363): Illuminate/Foundation/Application->make('Kreait//Firebase...')
#12 D:/Website-monitoring/vendor/laravel/framework/src/Illuminate/Container/Container.php(1264): Illuminate/Container/Container->resolveClass(Object(ReflectionParameter), 'Kreait//Firebase...')
#13 D:/Website-monitoring/vendor/laravel/framework/src/Illuminate/Container/Container.php(1187): Illuminate/Container/Container->resolveDependencies(Array)
#14 D:/Website-monitoring/vendor/laravel/framework/src/Illuminate/Container/Container.php(939): Illuminate/Container/Container->build('App//Http//Middle...')
#15 D:/Website-monitoring/vendor/laravel/framework/src/Illuminate/Foundation/Application.php(1085): Illuminate/Container/Container->resolve('App//Http//Middle...', Array, true)
#16 D:/Website-monitoring/vendor/laravel/framework/src/Illuminate/Container/Container.php(867): Illuminate/Foundation/Application->resolve('App//Http//Middle...', Array)
#17 D:/Website-monitoring/vendor/laravel/framework/src/Illuminate/Foundation/Application.php(1065): Illuminate/Container/Container->make('App//Http//Middle...', Array)
#18 D:/Website-monitoring/vendor/laravel/framework/src/Illuminate/Foundation/Http/Kernel.php(257): Illuminate/Foundation/Application->make('App//Http//Middle...')
#19 D:/Website-monitoring/vendor/laravel/framework/src/Illuminate/Foundation/Http/Kernel.php(215): Illuminate/Foundation/Http/Kernel->terminateMiddleware(Object(Illuminate/Http/Request), Object(Illuminate/Http/JsonResponse))
#20 D:/Website-monitoring/vendor/laravel/framework/src/Illuminate/Foundation/Application.php(1229): Illuminate/Foundation/Http/Kernel->terminate(Object(Illuminate/Http/Request), Object(Illuminate/Http/JsonResponse))
#21 D:/Website-monitoring/public/index.php(20): Illuminate/Foundation/Application->handleRequest(Object(Illuminate/Http/Request))
#22 D:/Website-monitoring/vendor/laravel/framework/src/Illuminate/Foundation/resources/server.php(23): require_once('D://Website-moni...')
#23 {main}

[previous exception] [object] (RuntimeException(code: 0): SplFileObject::__construct(D:\\Website-monitoring\\storage/app/firebase/service-account.json): Failed to open stream: No such file or directory at D:/Website-monitoring/vendor/kreait/firebase-php/src/Valinor/Source.php:55)
[stacktrace]
#0 D:/Website-monitoring/vendor/kreait/firebase-php/src/Valinor/Source.php(55): SplFileObject->__construct('D://Website-moni...')
#1 D:/Website-monitoring/vendor/kreait/firebase-php/src/Valinor/Source.php(40): Kreait/Firebase/Valinor/Source::file('D://Website-moni...')
#2 D:/Website-monitoring/vendor/kreait/firebase-php/src/Factory.php(666): Kreait/Firebase/Valinor/Source::parse('D://Website-moni...')
#3 D:/Website-monitoring/vendor/kreait/firebase-php/src/Factory.php(146): Kreait/Firebase/Factory->mapServiceAccount('D://Website-moni...')
#4 D:/Website-monitoring/vendor/kreait/laravel-firebase/src/FirebaseProjectManager.php(75): Kreait/Firebase/Factory->withServiceAccount(Object(SensitiveParameterValue))
#5 D:/Website-monitoring/vendor/kreait/laravel-firebase/src/FirebaseProjectManager.php(35): Kreait/Laravel/Firebase/FirebaseProjectManager->configure('app')
#6 D:/Website-monitoring/vendor/kreait/laravel-firebase/src/ServiceProvider.php(38): Kreait/Laravel/Firebase/FirebaseProjectManager->project()
#7 D:/Website-monitoring/vendor/laravel/framework/src/Illuminate/Container/Container.php(1140): Kreait/Laravel/Firebase/ServiceProvider::{closure:Kreait/Laravel/Firebase/ServiceProvider::registerComponents():38}(Object(Illuminate/Foundation/Application), Array)
#8 D:/Website-monitoring/vendor/laravel/framework/src/Illuminate/Container/Container.php(939): Illuminate/Container/Container->build(Object(Closure))
#9 D:/Website-monitoring/vendor/laravel/framework/src/Illuminate/Foundation/Application.php(1085): Illuminate/Container/Container->resolve('Kreait//Firebase...', Array, true)
#10 D:/Website-monitoring/vendor/laravel/framework/src/Illuminate/Container/Container.php(867): Illuminate/Foundation/Application->resolve('Kreait//Firebase...', Array)
#11 D:/Website-monitoring/vendor/laravel/framework/src/Illuminate/Foundation/Application.php(1065): Illuminate/Container/Container->make('Kreait//Firebase...', Array)
#12 D:/Website-monitoring/vendor/laravel/framework/src/Illuminate/Container/Container.php(1363): Illuminate/Foundation/Application->make('Kreait//Firebase...')
#13 D:/Website-monitoring/vendor/laravel/framework/src/Illuminate/Container/Container.php(1264): Illuminate/Container/Container->resolveClass(Object(ReflectionParameter), 'Kreait//Firebase...')
#14 D:/Website-monitoring/vendor/laravel/framework/src/Illuminate/Container/Container.php(1187): Illuminate/Container/Container->resolveDependencies(Array)
#15 D:/Website-monitoring/vendor/laravel/framework/src/Illuminate/Container/Container.php(939): Illuminate/Container/Container->build('App//Http//Middle...')
#16 D:/Website-monitoring/vendor/laravel/framework/src/Illuminate/Foundation/Application.php(1085): Illuminate/Container/Container->resolve('App//Http//Middle...', Array, true)
#17 D:/Website-monitoring/vendor/laravel/framework/src/Illuminate/Container/Container.php(867): Illuminate/Foundation/Application->resolve('App//Http//Middle...', Array)
#18 D:/Website-monitoring/vendor/laravel/framework/src/Illuminate/Foundation/Application.php(1065): Illuminate/Container/Container->make('App//Http//Middle...', Array)
#19 D:/Website-monitoring/vendor/laravel/framework/src/Illuminate/Foundation/Http/Kernel.php(257): Illuminate/Foundation/Application->make('App//Http//Middle...')
#20 D:/Website-monitoring/vendor/laravel/framework/src/Illuminate/Foundation/Http/Kernel.php(215): Illuminate/Foundation/Http/Kernel->terminateMiddleware(Object(Illuminate/Http/Request), Object(Illuminate/Http/JsonResponse))
#21 D:/Website-monitoring/vendor/laravel/framework/src/Illuminate/Foundation/Application.php(1229): Illuminate/Foundation/Http/Kernel->terminate(Object(Illuminate/Http/Request), Object(Illuminate/Http/JsonResponse))
#22 D:/Website-monitoring/public/index.php(20): Illuminate/Foundation/Application->handleRequest(Object(Illuminate/Http/Request))
#23 D:/Website-monitoring/vendor/laravel/framework/src/Illuminate/Foundation/resources/server.php(23): require_once('D://Website-moni...')
#24 {main}
"} 
[2026-09-14 02:27:12] local.ERROR: Uncaught ErrorException: Cannot modify header information - headers already sent by (output started at D:\Website-monitoring\vendor\symfony\http-foundation\Response.php:393) in D:\Website-monitoring\vendor\symfony\http-foundation\Response.php:328
Stack trace:
#0 D:\Website-monitoring\vendor\laravel\framework\src\Illuminate\Foundation\Bootstrap\HandleExceptions.php(265): Illuminate\Foundation\Bootstrap\HandleExceptions->handleError(2, 'Cannot modify h...', 'D:\\Website-moni...', 328)
#1 [internal function]: Illuminate\Foundation\Bootstrap\HandleExceptions->{closure:Illuminate\Foundation\Bootstrap\HandleExceptions::forwardsTo():264}(2, 'Cannot modify h...', 'D:\\Website-moni...', 328)
#2 D:\Website-monitoring\vendor\symfony\http-foundation\Response.php(328): header('HTTP/1.0 500 In...', true, 500)
#3 D:\Website-monitoring\vendor\symfony\http-foundation\Response.php(407): Symfony\Component\HttpFoundation\Response->sendHeaders()
#4 D:\Website-monitoring\vendor\laravel\framework\src\Illuminate\Foundation\Bootstrap\HandleExceptions.php(228): Symfony\Component\HttpFoundation\Response->send()
#5 D:\Website-monitoring\vendor\laravel\framework\src\Illuminate\Foundation\Bootstrap\HandleExceptions.php(205): Illuminate\Foundation\Bootstrap\HandleExceptions->renderHttpResponse(Object(Kreait\Firebase\Exception\InvalidArgumentException))
#6 D:\Website-monitoring\vendor\laravel\framework\src\Illuminate\Foundation\Bootstrap\HandleExceptions.php(265): Illuminate\Foundation\Bootstrap\HandleExceptions->handleException(Object(Kreait\Firebase\Exception\InvalidArgumentException))
#7 [internal function]: Illuminate\Foundation\Bootstrap\HandleExceptions->{closure:Illuminate\Foundation\Bootstrap\HandleExceptions::forwardsTo():264}(Object(Kreait\Firebase\Exception\InvalidArgumentException))
#8 {main}
  thrown {"exception":"[object] (Symfony\\Component\\ErrorHandler\\Error\\FatalError(code: 0): Uncaught ErrorException: Cannot modify header information - headers already sent by (output started at D:\\Website-monitoring\\vendor\\symfony\\http-foundation\\Response.php:393) in D:\\Website-monitoring\\vendor\\symfony\\http-foundation\\Response.php:328
Stack trace:
#0 D:\\Website-monitoring\\vendor\\laravel\\framework\\src\\Illuminate\\Foundation\\Bootstrap\\HandleExceptions.php(265): Illuminate\\Foundation\\Bootstrap\\HandleExceptions->handleError(2, 'Cannot modify h...', 'D:\\\\Website-moni...', 328)
#1 [internal function]: Illuminate\\Foundation\\Bootstrap\\HandleExceptions->{closure:Illuminate\\Foundation\\Bootstrap\\HandleExceptions::forwardsTo():264}(2, 'Cannot modify h...', 'D:\\\\Website-moni...', 328)
#2 D:\\Website-monitoring\\vendor\\symfony\\http-foundation\\Response.php(328): header('HTTP/1.0 500 In...', true, 500)
#3 D:\\Website-monitoring\\vendor\\symfony\\http-foundation\\Response.php(407): Symfony\\Component\\HttpFoundation\\Response->sendHeaders()
#4 D:\\Website-monitoring\\vendor\\laravel\\framework\\src\\Illuminate\\Foundation\\Bootstrap\\HandleExceptions.php(228): Symfony\\Component\\HttpFoundation\\Response->send()
#5 D:\\Website-monitoring\\vendor\\laravel\\framework\\src\\Illuminate\\Foundation\\Bootstrap\\HandleExceptions.php(205): Illuminate\\Foundation\\Bootstrap\\HandleExceptions->renderHttpResponse(Object(Kreait\\Firebase\\Exception\\InvalidArgumentException))
#6 D:\\Website-monitoring\\vendor\\laravel\\framework\\src\\Illuminate\\Foundation\\Bootstrap\\HandleExceptions.php(265): Illuminate\\Foundation\\Bootstrap\\HandleExceptions->handleException(Object(Kreait\\Firebase\\Exception\\InvalidArgumentException))
#7 [internal function]: Illuminate\\Foundation\\Bootstrap\\HandleExceptions->{closure:Illuminate\\Foundation\\Bootstrap\\HandleExceptions::forwardsTo():264}(Object(Kreait\\Firebase\\Exception\\InvalidArgumentException))
#8 {main}
  thrown at D:/Website-monitoring/vendor/symfony/http-foundation/Response.php:328)
[stacktrace]
#0 {main}
"} 
[2026-09-14 02:27:22] local.ERROR: SplFileObject::__construct(D:\Website-monitoring\storage/app/firebase/service-account.json): Failed to open stream: No such file or directory {"exception":"[object] (Kreait\\Firebase\\Exception\\InvalidArgumentException(code: 0): SplFileObject::__construct(D:\\Website-monitoring\\storage/app/firebase/service-account.json): Failed to open stream: No such file or directory at D:/Website-monitoring/vendor/kreait/firebase-php/src/Valinor/Source.php:57)
[stacktrace]
#0 D:/Website-monitoring/vendor/kreait/firebase-php/src/Valinor/Source.php(40): Kreait/Firebase/Valinor/Source::file('D://Website-moni...')
#1 D:/Website-monitoring/vendor/kreait/firebase-php/src/Factory.php(666): Kreait/Firebase/Valinor/Source::parse('D://Website-moni...')
#2 D:/Website-monitoring/vendor/kreait/firebase-php/src/Factory.php(146): Kreait/Firebase/Factory->mapServiceAccount('D://Website-moni...')
#3 D:/Website-monitoring/vendor/kreait/laravel-firebase/src/FirebaseProjectManager.php(75): Kreait/Firebase/Factory->withServiceAccount(Object(SensitiveParameterValue))
#4 D:/Website-monitoring/vendor/kreait/laravel-firebase/src/FirebaseProjectManager.php(35): Kreait/Laravel/Firebase/FirebaseProjectManager->configure('app')
#5 D:/Website-monitoring/vendor/kreait/laravel-firebase/src/ServiceProvider.php(38): Kreait/Laravel/Firebase/FirebaseProjectManager->project()
#6 D:/Website-monitoring/vendor/laravel/framework/src/Illuminate/Container/Container.php(1140): Kreait/Laravel/Firebase/ServiceProvider::{closure:Kreait/Laravel/Firebase/ServiceProvider::registerComponents():38}(Object(Illuminate/Foundation/Application), Array)
#7 D:/Website-monitoring/vendor/laravel/framework/src/Illuminate/Container/Container.php(939): Illuminate/Container/Container->build(Object(Closure))
#8 D:/Website-monitoring/vendor/laravel/framework/src/Illuminate/Foundation/Application.php(1085): Illuminate/Container/Container->resolve('Kreait//Firebase...', Array, true)
#9 D:/Website-monitoring/vendor/laravel/framework/src/Illuminate/Container/Container.php(867): Illuminate/Foundation/Application->resolve('Kreait//Firebase...', Array)
#10 D:/Website-monitoring/vendor/laravel/framework/src/Illuminate/Foundation/Application.php(1065): Illuminate/Container/Container->make('Kreait//Firebase...', Array)
#11 D:/Website-monitoring/vendor/laravel/framework/src/Illuminate/Container/Container.php(1363): Illuminate/Foundation/Application->make('Kreait//Firebase...')
#12 D:/Website-monitoring/vendor/laravel/framework/src/Illuminate/Container/Container.php(1264): Illuminate/Container/Container->resolveClass(Object(ReflectionParameter), 'Kreait//Firebase...')
#13 D:/Website-monitoring/vendor/laravel/framework/src/Illuminate/Container/Container.php(1187): Illuminate/Container/Container->resolveDependencies(Array)
#14 D:/Website-monitoring/vendor/laravel/framework/src/Illuminate/Container/Container.php(939): Illuminate/Container/Container->build('App//Http//Middle...')
#15 D:/Website-monitoring/vendor/laravel/framework/src/Illuminate/Foundation/Application.php(1085): Illuminate/Container/Container->resolve('App//Http//Middle...', Array, true)
#16 D:/Website-monitoring/vendor/laravel/framework/src/Illuminate/Container/Container.php(867): Illuminate/Foundation/Application->resolve('App//Http//Middle...', Array)
#17 D:/Website-monitoring/vendor/laravel/framework/src/Illuminate/Foundation/Application.php(1065): Illuminate/Container/Container->make('App//Http//Middle...', Array)
#18 D:/Website-monitoring/vendor/laravel/framework/src/Illuminate/Pipeline/Pipeline.php(208): Illuminate/Foundation/Application->make('App//Http//Middle...')
#19 D:/Website-monitoring/vendor/laravel/framework/src/Illuminate/Routing/Middleware/SubstituteBindings.php(52): Illuminate/Pipeline/Pipeline->{closure:{closure:Illuminate/Pipeline/Pipeline::carry():194}:195}(Object(Illuminate/Http/Request))
#20 D:/Website-monitoring/vendor/laravel/framework/src/Illuminate/Pipeline/Pipeline.php(219): Illuminate/Routing/Middleware/SubstituteBindings->handle(Object(Illuminate/Http/Request), Object(Closure))
#21 D:/Website-monitoring/vendor/laravel/framework/src/Illuminate/Pipeline/Pipeline.php(137): Illuminate/Pipeline/Pipeline->{closure:{closure:Illuminate/Pipeline/Pipeline::carry():194}:195}(Object(Illuminate/Http/Request))
#22 D:/Website-monitoring/vendor/laravel/framework/src/Illuminate/Routing/Router.php(821): Illuminate/Pipeline/Pipeline->then(Object(Closure))
#23 D:/Website-monitoring/vendor/laravel/framework/src/Illuminate/Routing/Router.php(800): Illuminate/Routing/Router->runRouteWithinStack(Object(Illuminate/Routing/Route), Object(Illuminate/Http/Request))
#24 D:/Website-monitoring/vendor/laravel/framework/src/Illuminate/Routing/Router.php(764): Illuminate/Routing/Router->runRoute(Object(Illuminate/Http/Request), Object(Illuminate/Routing/Route))
#25 D:/Website-monitoring/vendor/laravel/framework/src/Illuminate/Routing/Router.php(753): Illuminate/Routing/Router->dispatchToRoute(Object(Illuminate/Http/Request))
#26 D:/Website-monitoring/vendor/laravel/framework/src/Illuminate/Foundation/Http/Kernel.php(200): Illuminate/Routing/Router->dispatch(Object(Illuminate/Http/Request))
#27 D:/Website-monitoring/vendor/laravel/framework/src/Illuminate/Pipeline/Pipeline.php(180): Illuminate/Foundation/Http/Kernel->{closure:Illuminate/Foundation/Http/Kernel::dispatchToRouter():197}(Object(Illuminate/Http/Request))
#28 D:/Website-monitoring/app/Http/Middleware/SecurityHeaders.php(14): Illuminate/Pipeline/Pipeline->{closure:Illuminate/Pipeline/Pipeline::prepareDestination():178}(Object(Illuminate/Http/Request))
#29 D:/Website-monitoring/vendor/laravel/framework/src/Illuminate/Pipeline/Pipeline.php(219): App/Http/Middleware/SecurityHeaders->handle(Object(Illuminate/Http/Request), Object(Closure))
#30 D:/Website-monitoring/vendor/laravel/framework/src/Illuminate/Foundation/Http/Middleware/TransformsRequest.php(21): Illuminate/Pipeline/Pipeline->{closure:{closure:Illuminate/Pipeline/Pipeline::carry():194}:195}(Object(Illuminate/Http/Request))
#31 D:/Website-monitoring/vendor/laravel/framework/src/Illuminate/Foundation/Http/Middleware/ConvertEmptyStringsToNull.php(31): Illuminate/Foundation/Http/Middleware/TransformsRequest->handle(Object(Illuminate/Http/Request), Object(Closure))
#32 D:/Website-monitoring/vendor/laravel/framework/src/Illuminate/Pipeline/Pipeline.php(219): Illuminate/Foundation/Http/Middleware/ConvertEmptyStringsToNull->handle(Object(Illuminate/Http/Request), Object(Closure))
#33 D:/Website-monitoring/vendor/laravel/framework/src/Illuminate/Foundation/Http/Middleware/TransformsRequest.php(21): Illuminate/Pipeline/Pipeline->{closure:{closure:Illuminate/Pipeline/Pipeline::carry():194}:195}(Object(Illuminate/Http/Request))
#34 D:/Website-monitoring/vendor/laravel/framework/src/Illuminate/Foundation/Http/Middleware/TrimStrings.php(51): Illuminate/Foundation/Http/Middleware/TransformsRequest->handle(Object(Illuminate/Http/Request), Object(Closure))
#35 D:/Website-monitoring/vendor/laravel/framework/src/Illuminate/Pipeline/Pipeline.php(219): Illuminate/Foundation/Http/Middleware/TrimStrings->handle(Object(Illuminate/Http/Request), Object(Closure))
#36 D:/Website-monitoring/vendor/laravel/framework/src/Illuminate/Http/Middleware/ValidatePostSize.php(27): Illuminate/Pipeline/Pipeline->{closure:{closure:Illuminate/Pipeline/Pipeline::carry():194}:195}(Object(Illuminate/Http/Request))
#37 D:/Website-monitoring/vendor/laravel/framework/src/Illuminate/Pipeline/Pipeline.php(219): Illuminate/Http/Middleware/ValidatePostSize->handle(Object(Illuminate/Http/Request), Object(Closure))
#38 D:/Website-monitoring/vendor/laravel/framework/src/Illuminate/Foundation/Http/Middleware/PreventRequestsDuringMaintenance.php(110): Illuminate/Pipeline/Pipeline->{closure:{closure:Illuminate/Pipeline/Pipeline::carry():194}:195}(Object(Illuminate/Http/Request))
#39 D:/Website-monitoring/vendor/laravel/framework/src/Illuminate/Pipeline/Pipeline.php(219): Illuminate/Foundation/Http/Middleware/PreventRequestsDuringMaintenance->handle(Object(Illuminate/Http/Request), Object(Closure))
#40 D:/Website-monitoring/vendor/laravel/framework/src/Illuminate/Http/Middleware/HandleCors.php(74): Illuminate/Pipeline/Pipeline->{closure:{closure:Illuminate/Pipeline/Pipeline::carry():194}:195}(Object(Illuminate/Http/Request))
#41 D:/Website-monitoring/vendor/laravel/framework/src/Illuminate/Pipeline/Pipeline.php(219): Illuminate/Http/Middleware/HandleCors->handle(Object(Illuminate/Http/Request), Object(Closure))
#42 D:/Website-monitoring/vendor/laravel/framework/src/Illuminate/Http/Middleware/TrustProxies.php(58): Illuminate/Pipeline/Pipeline->{closure:{closure:Illuminate/Pipeline/Pipeline::carry():194}:195}(Object(Illuminate/Http/Request))
#43 D:/Website-monitoring/vendor/laravel/framework/src/Illuminate/Pipeline/Pipeline.php(219): Illuminate/Http/Middleware/TrustProxies->handle(Object(Illuminate/Http/Request), Object(Closure))
#44 D:/Website-monitoring/vendor/laravel/framework/src/Illuminate/Foundation/Http/Middleware/InvokeDeferredCallbacks.php(22): Illuminate/Pipeline/Pipeline->{closure:{closure:Illuminate/Pipeline/Pipeline::carry():194}:195}(Object(Illuminate/Http/Request))
#45 D:/Website-monitoring/vendor/laravel/framework/src/Illuminate/Pipeline/Pipeline.php(219): Illuminate/Foundation/Http/Middleware/InvokeDeferredCallbacks->handle(Object(Illuminate/Http/Request), Object(Closure))
#46 D:/Website-monitoring/vendor/laravel/framework/src/Illuminate/Http/Middleware/ValidatePathEncoding.php(28): Illuminate/Pipeline/Pipeline->{closure:{closure:Illuminate/Pipeline/Pipeline::carry():194}:195}(Object(Illuminate/Http/Request))
#47 D:/Website-monitoring/vendor/laravel/framework/src/Illuminate/Pipeline/Pipeline.php(219): Illuminate/Http/Middleware/ValidatePathEncoding->handle(Object(Illuminate/Http/Request), Object(Closure))
#48 D:/Website-monitoring/vendor/laravel/framework/src/Illuminate/Pipeline/Pipeline.php(137): Illuminate/Pipeline/Pipeline->{closure:{closure:Illuminate/Pipeline/Pipeline::carry():194}:195}(Object(Illuminate/Http/Request))
#49 D:/Website-monitoring/vendor/laravel/framework/src/Illuminate/Foundation/Http/Kernel.php(175): Illuminate/Pipeline/Pipeline->then(Object(Closure))
#50 D:/Website-monitoring/vendor/laravel/framework/src/Illuminate/Foundation/Http/Kernel.php(144): Illuminate/Foundation/Http/Kernel->sendRequestThroughRouter(Object(Illuminate/Http/Request))
#51 D:/Website-monitoring/vendor/laravel/framework/src/Illuminate/Foundation/Application.php(1227): Illuminate/Foundation/Http/Kernel->handle(Object(Illuminate/Http/Request))
#52 D:/Website-monitoring/public/index.php(20): Illuminate/Foundation/Application->handleRequest(Object(Illuminate/Http/Request))
#53 D:/Website-monitoring/vendor/laravel/framework/src/Illuminate/Foundation/resources/server.php(23): require_once('D://Website-moni...')
#54 {main}

[previous exception] [object] (RuntimeException(code: 0): SplFileObject::__construct(D:\\Website-monitoring\\storage/app/firebase/service-account.json): Failed to open stream: No such file or directory at D:/Website-monitoring/vendor/kreait/firebase-php/src/Valinor/Source.php:55)
[stacktrace]
#0 D:/Website-monitoring/vendor/kreait/firebase-php/src/Valinor/Source.php(55): SplFileObject->__construct('D://Website-moni...')
#1 D:/Website-monitoring/vendor/kreait/firebase-php/src/Valinor/Source.php(40): Kreait/Firebase/Valinor/Source::file('D://Website-moni...')
#2 D:/Website-monitoring/vendor/kreait/firebase-php/src/Factory.php(666): Kreait/Firebase/Valinor/Source::parse('D://Website-moni...')
#3 D:/Website-monitoring/vendor/kreait/firebase-php/src/Factory.php(146): Kreait/Firebase/Factory->mapServiceAccount('D://Website-moni...')
#4 D:/Website-monitoring/vendor/kreait/laravel-firebase/src/FirebaseProjectManager.php(75): Kreait/Firebase/Factory->withServiceAccount(Object(SensitiveParameterValue))
#5 D:/Website-monitoring/vendor/kreait/laravel-firebase/src/FirebaseProjectManager.php(35): Kreait/Laravel/Firebase/FirebaseProjectManager->configure('app')
#6 D:/Website-monitoring/vendor/kreait/laravel-firebase/src/ServiceProvider.php(38): Kreait/Laravel/Firebase/FirebaseProjectManager->project()
#7 D:/Website-monitoring/vendor/laravel/framework/src/Illuminate/Container/Container.php(1140): Kreait/Laravel/Firebase/ServiceProvider::{closure:Kreait/Laravel/Firebase/ServiceProvider::registerComponents():38}(Object(Illuminate/Foundation/Application), Array)
#8 D:/Website-monitoring/vendor/laravel/framework/src/Illuminate/Container/Container.php(939): Illuminate/Container/Container->build(Object(Closure))
#9 D:/Website-monitoring/vendor/laravel/framework/src/Illuminate/Foundation/Application.php(1085): Illuminate/Container/Container->resolve('Kreait//Firebase...', Array, true)
#10 D:/Website-monitoring/vendor/laravel/framework/src/Illuminate/Container/Container.php(867): Illuminate/Foundation/Application->resolve('Kreait//Firebase...', Array)
#11 D:/Website-monitoring/vendor/laravel/framework/src/Illuminate/Foundation/Application.php(1065): Illuminate/Container/Container->make('Kreait//Firebase...', Array)
#12 D:/Website-monitoring/vendor/laravel/framework/src/Illuminate/Container/Container.php(1363): Illuminate/Foundation/Application->make('Kreait//Firebase...')
#13 D:/Website-monitoring/vendor/laravel/framework/src/Illuminate/Container/Container.php(1264): Illuminate/Container/Container->resolveClass(Object(ReflectionParameter), 'Kreait//Firebase...')
#14 D:/Website-monitoring/vendor/laravel/framework/src/Illuminate/Container/Container.php(1187): Illuminate/Container/Container->resolveDependencies(Array)
#15 D:/Website-monitoring/vendor/laravel/framework/src/Illuminate/Container/Container.php(939): Illuminate/Container/Container->build('App//Http//Middle...')
#16 D:/Website-monitoring/vendor/laravel/framework/src/Illuminate/Foundation/Application.php(1085): Illuminate/Container/Container->resolve('App//Http//Middle...', Array, true)
#17 D:/Website-monitoring/vendor/laravel/framework/src/Illuminate/Container/Container.php(867): Illuminate/Foundation/Application->resolve('App//Http//Middle...', Array)
#18 D:/Website-monitoring/vendor/laravel/framework/src/Illuminate/Foundation/Application.php(1065): Illuminate/Container/Container->make('App//Http//Middle...', Array)
#19 D:/Website-monitoring/vendor/laravel/framework/src/Illuminate/Pipeline/Pipeline.php(208): Illuminate/Foundation/Application->make('App//Http//Middle...')
#20 D:/Website-monitoring/vendor/laravel/framework/src/Illuminate/Routing/Middleware/SubstituteBindings.php(52): Illuminate/Pipeline/Pipeline->{closure:{closure:Illuminate/Pipeline/Pipeline::carry():194}:195}(Object(Illuminate/Http/Request))
#21 D:/Website-monitoring/vendor/laravel/framework/src/Illuminate/Pipeline/Pipeline.php(219): Illuminate/Routing/Middleware/SubstituteBindings->handle(Object(Illuminate/Http/Request), Object(Closure))
#22 D:/Website-monitoring/vendor/laravel/framework/src/Illuminate/Pipeline/Pipeline.php(137): Illuminate/Pipeline/Pipeline->{closure:{closure:Illuminate/Pipeline/Pipeline::carry():194}:195}(Object(Illuminate/Http/Request))
#23 D:/Website-monitoring/vendor/laravel/framework/src/Illuminate/Routing/Router.php(821): Illuminate/Pipeline/Pipeline->then(Object(Closure))
#24 D:/Website-monitoring/vendor/laravel/framework/src/Illuminate/Routing/Router.php(800): Illuminate/Routing/Router->runRouteWithinStack(Object(Illuminate/Routing/Route), Object(Illuminate/Http/Request))
#25 D:/Website-monitoring/vendor/laravel/framework/src/Illuminate/Routing/Router.php(764): Illuminate/Routing/Router->runRoute(Object(Illuminate/Http/Request), Object(Illuminate/Routing/Route))
#26 D:/Website-monitoring/vendor/laravel/framework/src/Illuminate/Routing/Router.php(753): Illuminate/Routing/Router->dispatchToRoute(Object(Illuminate/Http/Request))
#27 D:/Website-monitoring/vendor/laravel/framework/src/Illuminate/Foundation/Http/Kernel.php(200): Illuminate/Routing/Router->dispatch(Object(Illuminate/Http/Request))
#28 D:/Website-monitoring/vendor/laravel/framework/src/Illuminate/Pipeline/Pipeline.php(180): Illuminate/Foundation/Http/Kernel->{closure:Illuminate/Foundation/Http/Kernel::dispatchToRouter():197}(Object(Illuminate/Http/Request))
#29 D:/Website-monitoring/app/Http/Middleware/SecurityHeaders.php(14): Illuminate/Pipeline/Pipeline->{closure:Illuminate/Pipeline/Pipeline::prepareDestination():178}(Object(Illuminate/Http/Request))
#30 D:/Website-monitoring/vendor/laravel/framework/src/Illuminate/Pipeline/Pipeline.php(219): App/Http/Middleware/SecurityHeaders->handle(Object(Illuminate/Http/Request), Object(Closure))
#31 D:/Website-monitoring/vendor/laravel/framework/src/Illuminate/Foundation/Http/Middleware/TransformsRequest.php(21): Illuminate/Pipeline/Pipeline->{closure:{closure:Illuminate/Pipeline/Pipeline::carry():194}:195}(Object(Illuminate/Http/Request))
#32 D:/Website-monitoring/vendor/laravel/framework/src/Illuminate/Foundation/Http/Middleware/ConvertEmptyStringsToNull.php(31): Illuminate/Foundation/Http/Middleware/TransformsRequest->handle(Object(Illuminate/Http/Request), Object(Closure))
#33 D:/Website-monitoring/vendor/laravel/framework/src/Illuminate/Pipeline/Pipeline.php(219): Illuminate/Foundation/Http/Middleware/ConvertEmptyStringsToNull->handle(Object(Illuminate/Http/Request), Object(Closure))
#34 D:/Website-monitoring/vendor/laravel/framework/src/Illuminate/Foundation/Http/Middleware/TransformsRequest.php(21): Illuminate/Pipeline/Pipeline->{closure:{closure:Illuminate/Pipeline/Pipeline::carry():194}:195}(Object(Illuminate/Http/Request))
#35 D:/Website-monitoring/vendor/laravel/framework/src/Illuminate/Foundation/Http/Middleware/TrimStrings.php(51): Illuminate/Foundation/Http/Middleware/TransformsRequest->handle(Object(Illuminate/Http/Request), Object(Closure))
#36 D:/Website-monitoring/vendor/laravel/framework/src/Illuminate/Pipeline/Pipeline.php(219): Illuminate/Foundation/Http/Middleware/TrimStrings->handle(Object(Illuminate/Http/Request), Object(Closure))
#37 D:/Website-monitoring/vendor/laravel/framework/src/Illuminate/Http/Middleware/ValidatePostSize.php(27): Illuminate/Pipeline/Pipeline->{closure:{closure:Illuminate/Pipeline/Pipeline::carry():194}:195}(Object(Illuminate/Http/Request))
#38 D:/Website-monitoring/vendor/laravel/framework/src/Illuminate/Pipeline/Pipeline.php(219): Illuminate/Http/Middleware/ValidatePostSize->handle(Object(Illuminate/Http/Request), Object(Closure))
#39 D:/Website-monitoring/vendor/laravel/framework/src/Illuminate/Foundation/Http/Middleware/PreventRequestsDuringMaintenance.php(110): Illuminate/Pipeline/Pipeline->{closure:{closure:Illuminate/Pipeline/Pipeline::carry():194}:195}(Object(Illuminate/Http/Request))
#40 D:/Website-monitoring/vendor/laravel/framework/src/Illuminate/Pipeline/Pipeline.php(219): Illuminate/Foundation/Http/Middleware/PreventRequestsDuringMaintenance->handle(Object(Illuminate/Http/Request), Object(Closure))
#41 D:/Website-monitoring/vendor/laravel/framework/src/Illuminate/Http/Middleware/HandleCors.php(74): Illuminate/Pipeline/Pipeline->{closure:{closure:Illuminate/Pipeline/Pipeline::carry():194}:195}(Object(Illuminate/Http/Request))
#42 D:/Website-monitoring/vendor/laravel/framework/src/Illuminate/Pipeline/Pipeline.php(219): Illuminate/Http/Middleware/HandleCors->handle(Object(Illuminate/Http/Request), Object(Closure))
#43 D:/Website-monitoring/vendor/laravel/framework/src/Illuminate/Http/Middleware/TrustProxies.php(58): Illuminate/Pipeline/Pipeline->{closure:{closure:Illuminate/Pipeline/Pipeline::carry():194}:195}(Object(Illuminate/Http/Request))
#44 D:/Website-monitoring/vendor/laravel/framework/src/Illuminate/Pipeline/Pipeline.php(219): Illuminate/Http/Middleware/TrustProxies->handle(Object(Illuminate/Http/Request), Object(Closure))
#45 D:/Website-monitoring/vendor/laravel/framework/src/Illuminate/Foundation/Http/Middleware/InvokeDeferredCallbacks.php(22): Illuminate/Pipeline/Pipeline->{closure:{closure:Illuminate/Pipeline/Pipeline::carry():194}:195}(Object(Illuminate/Http/Request))
#46 D:/Website-monitoring/vendor/laravel/framework/src/Illuminate/Pipeline/Pipeline.php(219): Illuminate/Foundation/Http/Middleware/InvokeDeferredCallbacks->handle(Object(Illuminate/Http/Request), Object(Closure))
#47 D:/Website-monitoring/vendor/laravel/framework/src/Illuminate/Http/Middleware/ValidatePathEncoding.php(28): Illuminate/Pipeline/Pipeline->{closure:{closure:Illuminate/Pipeline/Pipeline::carry():194}:195}(Object(Illuminate/Http/Request))
#48 D:/Website-monitoring/vendor/laravel/framework/src/Illuminate/Pipeline/Pipeline.php(219): Illuminate/Http/Middleware/ValidatePathEncoding->handle(Object(Illuminate/Http/Request), Object(Closure))
#49 D:/Website-monitoring/vendor/laravel/framework/src/Illuminate/Pipeline/Pipeline.php(137): Illuminate/Pipeline/Pipeline->{closure:{closure:Illuminate/Pipeline/Pipeline::carry():194}:195}(Object(Illuminate/Http/Request))
#50 D:/Website-monitoring/vendor/laravel/framework/src/Illuminate/Foundation/Http/Kernel.php(175): Illuminate/Pipeline/Pipeline->then(Object(Closure))
#51 D:/Website-monitoring/vendor/laravel/framework/src/Illuminate/Foundation/Http/Kernel.php(144): Illuminate/Foundation/Http/Kernel->sendRequestThroughRouter(Object(Illuminate/Http/Request))
#52 D:/Website-monitoring/vendor/laravel/framework/src/Illuminate/Foundation/Application.php(1227): Illuminate/Foundation/Http/Kernel->handle(Object(Illuminate/Http/Request))
#53 D:/Website-monitoring/public/index.php(20): Illuminate/Foundation/Application->handleRequest(Object(Illuminate/Http/Request))
#54 D:/Website-monitoring/vendor/laravel/framework/src/Illuminate/Foundation/resources/server.php(23): require_once('D://Website-moni...')
#55 {main}
"} 
[2026-09-14 02:27:22] local.ERROR: SplFileObject::__construct(D:\Website-monitoring\storage/app/firebase/service-account.json): Failed to open stream: No such file or directory {"exception":"[object] (Kreait\\Firebase\\Exception\\InvalidArgumentException(code: 0): SplFileObject::__construct(D:\\Website-monitoring\\storage/app/firebase/service-account.json): Failed to open stream: No such file or directory at D:/Website-monitoring/vendor/kreait/firebase-php/src/Valinor/Source.php:57)
[stacktrace]
#0 D:/Website-monitoring/vendor/kreait/firebase-php/src/Valinor/Source.php(40): Kreait/Firebase/Valinor/Source::file('D://Website-moni...')
#1 D:/Website-monitoring/vendor/kreait/firebase-php/src/Factory.php(666): Kreait/Firebase/Valinor/Source::parse('D://Website-moni...')
#2 D:/Website-monitoring/vendor/kreait/firebase-php/src/Factory.php(146): Kreait/Firebase/Factory->mapServiceAccount('D://Website-moni...')
#3 D:/Website-monitoring/vendor/kreait/laravel-firebase/src/FirebaseProjectManager.php(75): Kreait/Firebase/Factory->withServiceAccount(Object(SensitiveParameterValue))
#4 D:/Website-monitoring/vendor/kreait/laravel-firebase/src/FirebaseProjectManager.php(35): Kreait/Laravel/Firebase/FirebaseProjectManager->configure('app')
#5 D:/Website-monitoring/vendor/kreait/laravel-firebase/src/ServiceProvider.php(38): Kreait/Laravel/Firebase/FirebaseProjectManager->project()
#6 D:/Website-monitoring/vendor/laravel/framework/src/Illuminate/Container/Container.php(1140): Kreait/Laravel/Firebase/ServiceProvider::{closure:Kreait/Laravel/Firebase/ServiceProvider::registerComponents():38}(Object(Illuminate/Foundation/Application), Array)
#7 D:/Website-monitoring/vendor/laravel/framework/src/Illuminate/Container/Container.php(939): Illuminate/Container/Container->build(Object(Closure))
#8 D:/Website-monitoring/vendor/laravel/framework/src/Illuminate/Foundation/Application.php(1085): Illuminate/Container/Container->resolve('Kreait//Firebase...', Array, true)
#9 D:/Website-monitoring/vendor/laravel/framework/src/Illuminate/Container/Container.php(867): Illuminate/Foundation/Application->resolve('Kreait//Firebase...', Array)
#10 D:/Website-monitoring/vendor/laravel/framework/src/Illuminate/Foundation/Application.php(1065): Illuminate/Container/Container->make('Kreait//Firebase...', Array)
#11 D:/Website-monitoring/vendor/laravel/framework/src/Illuminate/Container/Container.php(1363): Illuminate/Foundation/Application->make('Kreait//Firebase...')
#12 D:/Website-monitoring/vendor/laravel/framework/src/Illuminate/Container/Container.php(1264): Illuminate/Container/Container->resolveClass(Object(ReflectionParameter), 'Kreait//Firebase...')
#13 D:/Website-monitoring/vendor/laravel/framework/src/Illuminate/Container/Container.php(1187): Illuminate/Container/Container->resolveDependencies(Array)
#14 D:/Website-monitoring/vendor/laravel/framework/src/Illuminate/Container/Container.php(939): Illuminate/Container/Container->build('App//Http//Middle...')
#15 D:/Website-monitoring/vendor/laravel/framework/src/Illuminate/Foundation/Application.php(1085): Illuminate/Container/Container->resolve('App//Http//Middle...', Array, true)
#16 D:/Website-monitoring/vendor/laravel/framework/src/Illuminate/Container/Container.php(867): Illuminate/Foundation/Application->resolve('App//Http//Middle...', Array)
#17 D:/Website-monitoring/vendor/laravel/framework/src/Illuminate/Foundation/Application.php(1065): Illuminate/Container/Container->make('App//Http//Middle...', Array)
#18 D:/Website-monitoring/vendor/laravel/framework/src/Illuminate/Foundation/Http/Kernel.php(257): Illuminate/Foundation/Application->make('App//Http//Middle...')
#19 D:/Website-monitoring/vendor/laravel/framework/src/Illuminate/Foundation/Http/Kernel.php(215): Illuminate/Foundation/Http/Kernel->terminateMiddleware(Object(Illuminate/Http/Request), Object(Illuminate/Http/JsonResponse))
#20 D:/Website-monitoring/vendor/laravel/framework/src/Illuminate/Foundation/Application.php(1229): Illuminate/Foundation/Http/Kernel->terminate(Object(Illuminate/Http/Request), Object(Illuminate/Http/JsonResponse))
#21 D:/Website-monitoring/public/index.php(20): Illuminate/Foundation/Application->handleRequest(Object(Illuminate/Http/Request))
#22 D:/Website-monitoring/vendor/laravel/framework/src/Illuminate/Foundation/resources/server.php(23): require_once('D://Website-moni...')
#23 {main}

[previous exception] [object] (RuntimeException(code: 0): SplFileObject::__construct(D:\\Website-monitoring\\storage/app/firebase/service-account.json): Failed to open stream: No such file or directory at D:/Website-monitoring/vendor/kreait/firebase-php/src/Valinor/Source.php:55)
[stacktrace]
#0 D:/Website-monitoring/vendor/kreait/firebase-php/src/Valinor/Source.php(55): SplFileObject->__construct('D://Website-moni...')
#1 D:/Website-monitoring/vendor/kreait/firebase-php/src/Valinor/Source.php(40): Kreait/Firebase/Valinor/Source::file('D://Website-moni...')
#2 D:/Website-monitoring/vendor/kreait/firebase-php/src/Factory.php(666): Kreait/Firebase/Valinor/Source::parse('D://Website-moni...')
#3 D:/Website-monitoring/vendor/kreait/firebase-php/src/Factory.php(146): Kreait/Firebase/Factory->mapServiceAccount('D://Website-moni...')
#4 D:/Website-monitoring/vendor/kreait/laravel-firebase/src/FirebaseProjectManager.php(75): Kreait/Firebase/Factory->withServiceAccount(Object(SensitiveParameterValue))
#5 D:/Website-monitoring/vendor/kreait/laravel-firebase/src/FirebaseProjectManager.php(35): Kreait/Laravel/Firebase/FirebaseProjectManager->configure('app')
#6 D:/Website-monitoring/vendor/kreait/laravel-firebase/src/ServiceProvider.php(38): Kreait/Laravel/Firebase/FirebaseProjectManager->project()
#7 D:/Website-monitoring/vendor/laravel/framework/src/Illuminate/Container/Container.php(1140): Kreait/Laravel/Firebase/ServiceProvider::{closure:Kreait/Laravel/Firebase/ServiceProvider::registerComponents():38}(Object(Illuminate/Foundation/Application), Array)
#8 D:/Website-monitoring/vendor/laravel/framework/src/Illuminate/Container/Container.php(939): Illuminate/Container/Container->build(Object(Closure))
#9 D:/Website-monitoring/vendor/laravel/framework/src/Illuminate/Foundation/Application.php(1085): Illuminate/Container/Container->resolve('Kreait//Firebase...', Array, true)
#10 D:/Website-monitoring/vendor/laravel/framework/src/Illuminate/Container/Container.php(867): Illuminate/Foundation/Application->resolve('Kreait//Firebase...', Array)
#11 D:/Website-monitoring/vendor/laravel/framework/src/Illuminate/Foundation/Application.php(1065): Illuminate/Container/Container->make('Kreait//Firebase...', Array)
#12 D:/Website-monitoring/vendor/laravel/framework/src/Illuminate/Container/Container.php(1363): Illuminate/Foundation/Application->make('Kreait//Firebase...')
#13 D:/Website-monitoring/vendor/laravel/framework/src/Illuminate/Container/Container.php(1264): Illuminate/Container/Container->resolveClass(Object(ReflectionParameter), 'Kreait//Firebase...')
#14 D:/Website-monitoring/vendor/laravel/framework/src/Illuminate/Container/Container.php(1187): Illuminate/Container/Container->resolveDependencies(Array)
#15 D:/Website-monitoring/vendor/laravel/framework/src/Illuminate/Container/Container.php(939): Illuminate/Container/Container->build('App//Http//Middle...')
#16 D:/Website-monitoring/vendor/laravel/framework/src/Illuminate/Foundation/Application.php(1085): Illuminate/Container/Container->resolve('App//Http//Middle...', Array, true)
#17 D:/Website-monitoring/vendor/laravel/framework/src/Illuminate/Container/Container.php(867): Illuminate/Foundation/Application->resolve('App//Http//Middle...', Array)
#18 D:/Website-monitoring/vendor/laravel/framework/src/Illuminate/Foundation/Application.php(1065): Illuminate/Container/Container->make('App//Http//Middle...', Array)
#19 D:/Website-monitoring/vendor/laravel/framework/src/Illuminate/Foundation/Http/Kernel.php(257): Illuminate/Foundation/Application->make('App//Http//Middle...')
#20 D:/Website-monitoring/vendor/laravel/framework/src/Illuminate/Foundation/Http/Kernel.php(215): Illuminate/Foundation/Http/Kernel->terminateMiddleware(Object(Illuminate/Http/Request), Object(Illuminate/Http/JsonResponse))
#21 D:/Website-monitoring/vendor/laravel/framework/src/Illuminate/Foundation/Application.php(1229): Illuminate/Foundation/Http/Kernel->terminate(Object(Illuminate/Http/Request), Object(Illuminate/Http/JsonResponse))
#22 D:/Website-monitoring/public/index.php(20): Illuminate/Foundation/Application->handleRequest(Object(Illuminate/Http/Request))
#23 D:/Website-monitoring/vendor/laravel/framework/src/Illuminate/Foundation/resources/server.php(23): require_once('D://Website-moni...')
#24 {main}
"} 
[2026-09-14 02:27:22] local.ERROR: Uncaught ErrorException: Cannot modify header information - headers already sent by (output started at D:\Website-monitoring\vendor\symfony\http-foundation\Response.php:393) in D:\Website-monitoring\vendor\symfony\http-foundation\Response.php:328
Stack trace:
#0 D:\Website-monitoring\vendor\laravel\framework\src\Illuminate\Foundation\Bootstrap\HandleExceptions.php(265): Illuminate\Foundation\Bootstrap\HandleExceptions->handleError(2, 'Cannot modify h...', 'D:\\Website-moni...', 328)
#1 [internal function]: Illuminate\Foundation\Bootstrap\HandleExceptions->{closure:Illuminate\Foundation\Bootstrap\HandleExceptions::forwardsTo():264}(2, 'Cannot modify h...', 'D:\\Website-moni...', 328)
#2 D:\Website-monitoring\vendor\symfony\http-foundation\Response.php(328): header('HTTP/1.0 500 In...', true, 500)
#3 D:\Website-monitoring\vendor\symfony\http-foundation\Response.php(407): Symfony\Component\HttpFoundation\Response->sendHeaders()
#4 D:\Website-monitoring\vendor\laravel\framework\src\Illuminate\Foundation\Bootstrap\HandleExceptions.php(228): Symfony\Component\HttpFoundation\Response->send()
#5 D:\Website-monitoring\vendor\laravel\framework\src\Illuminate\Foundation\Bootstrap\HandleExceptions.php(205): Illuminate\Foundation\Bootstrap\HandleExceptions->renderHttpResponse(Object(Kreait\Firebase\Exception\InvalidArgumentException))
#6 D:\Website-monitoring\vendor\laravel\framework\src\Illuminate\Foundation\Bootstrap\HandleExceptions.php(265): Illuminate\Foundation\Bootstrap\HandleExceptions->handleException(Object(Kreait\Firebase\Exception\InvalidArgumentException))
#7 [internal function]: Illuminate\Foundation\Bootstrap\HandleExceptions->{closure:Illuminate\Foundation\Bootstrap\HandleExceptions::forwardsTo():264}(Object(Kreait\Firebase\Exception\InvalidArgumentException))
#8 {main}
  thrown {"exception":"[object] (Symfony\\Component\\ErrorHandler\\Error\\FatalError(code: 0): Uncaught ErrorException: Cannot modify header information - headers already sent by (output started at D:\\Website-monitoring\\vendor\\symfony\\http-foundation\\Response.php:393) in D:\\Website-monitoring\\vendor\\symfony\\http-foundation\\Response.php:328
Stack trace:
#0 D:\\Website-monitoring\\vendor\\laravel\\framework\\src\\Illuminate\\Foundation\\Bootstrap\\HandleExceptions.php(265): Illuminate\\Foundation\\Bootstrap\\HandleExceptions->handleError(2, 'Cannot modify h...', 'D:\\\\Website-moni...', 328)
#1 [internal function]: Illuminate\\Foundation\\Bootstrap\\HandleExceptions->{closure:Illuminate\\Foundation\\Bootstrap\\HandleExceptions::forwardsTo():264}(2, 'Cannot modify h...', 'D:\\\\Website-moni...', 328)
#2 D:\\Website-monitoring\\vendor\\symfony\\http-foundation\\Response.php(328): header('HTTP/1.0 500 In...', true, 500)
#3 D:\\Website-monitoring\\vendor\\symfony\\http-foundation\\Response.php(407): Symfony\\Component\\HttpFoundation\\Response->sendHeaders()
#4 D:\\Website-monitoring\\vendor\\laravel\\framework\\src\\Illuminate\\Foundation\\Bootstrap\\HandleExceptions.php(228): Symfony\\Component\\HttpFoundation\\Response->send()
#5 D:\\Website-monitoring\\vendor\\laravel\\framework\\src\\Illuminate\\Foundation\\Bootstrap\\HandleExceptions.php(205): Illuminate\\Foundation\\Bootstrap\\HandleExceptions->renderHttpResponse(Object(Kreait\\Firebase\\Exception\\InvalidArgumentException))
#6 D:\\Website-monitoring\\vendor\\laravel\\framework\\src\\Illuminate\\Foundation\\Bootstrap\\HandleExceptions.php(265): Illuminate\\Foundation\\Bootstrap\\HandleExceptions->handleException(Object(Kreait\\Firebase\\Exception\\InvalidArgumentException))
#7 [internal function]: Illuminate\\Foundation\\Bootstrap\\HandleExceptions->{closure:Illuminate\\Foundation\\Bootstrap\\HandleExceptions::forwardsTo():264}(Object(Kreait\\Firebase\\Exception\\InvalidArgumentException))
#8 {main}
  thrown at D:/Website-monitoring/vendor/symfony/http-foundation/Response.php:328)
[stacktrace]
#0 {main}
"} 
[2026-09-14 02:27:32] local.ERROR: SplFileObject::__construct(D:\Website-monitoring\storage/app/firebase/service-account.json): Failed to open stream: No such file or directory {"exception":"[object] (Kreait\\Firebase\\Exception\\InvalidArgumentException(code: 0): SplFileObject::__construct(D:\\Website-monitoring\\storage/app/firebase/service-account.json): Failed to open stream: No such file or directory at D:/Website-monitoring/vendor/kreait/firebase-php/src/Valinor/Source.php:57)
[stacktrace]
#0 D:/Website-monitoring/vendor/kreait/firebase-php/src/Valinor/Source.php(40): Kreait/Firebase/Valinor/Source::file('D://Website-moni...')
#1 D:/Website-monitoring/vendor/kreait/firebase-php/src/Factory.php(666): Kreait/Firebase/Valinor/Source::parse('D://Website-moni...')
#2 D:/Website-monitoring/vendor/kreait/firebase-php/src/Factory.php(146): Kreait/Firebase/Factory->mapServiceAccount('D://Website-moni...')
#3 D:/Website-monitoring/vendor/kreait/laravel-firebase/src/FirebaseProjectManager.php(75): Kreait/Firebase/Factory->withServiceAccount(Object(SensitiveParameterValue))
#4 D:/Website-monitoring/vendor/kreait/laravel-firebase/src/FirebaseProjectManager.php(35): Kreait/Laravel/Firebase/FirebaseProjectManager->configure('app')
#5 D:/Website-monitoring/vendor/kreait/laravel-firebase/src/ServiceProvider.php(38): Kreait/Laravel/Firebase/FirebaseProjectManager->project()
#6 D:/Website-monitoring/vendor/laravel/framework/src/Illuminate/Container/Container.php(1140): Kreait/Laravel/Firebase/ServiceProvider::{closure:Kreait/Laravel/Firebase/ServiceProvider::registerComponents():38}(Object(Illuminate/Foundation/Application), Array)
#7 D:/Website-monitoring/vendor/laravel/framework/src/Illuminate/Container/Container.php(939): Illuminate/Container/Container->build(Object(Closure))
#8 D:/Website-monitoring/vendor/laravel/framework/src/Illuminate/Foundation/Application.php(1085): Illuminate/Container/Container->resolve('Kreait//Firebase...', Array, true)
#9 D:/Website-monitoring/vendor/laravel/framework/src/Illuminate/Container/Container.php(867): Illuminate/Foundation/Application->resolve('Kreait//Firebase...', Array)
#10 D:/Website-monitoring/vendor/laravel/framework/src/Illuminate/Foundation/Application.php(1065): Illuminate/Container/Container->make('Kreait//Firebase...', Array)
#11 D:/Website-monitoring/vendor/laravel/framework/src/Illuminate/Container/Container.php(1363): Illuminate/Foundation/Application->make('Kreait//Firebase...')
#12 D:/Website-monitoring/vendor/laravel/framework/src/Illuminate/Container/Container.php(1264): Illuminate/Container/Container->resolveClass(Object(ReflectionParameter), 'Kreait//Firebase...')
#13 D:/Website-monitoring/vendor/laravel/framework/src/Illuminate/Container/Container.php(1187): Illuminate/Container/Container->resolveDependencies(Array)
#14 D:/Website-monitoring/vendor/laravel/framework/src/Illuminate/Container/Container.php(939): Illuminate/Container/Container->build('App//Http//Middle...')
#15 D:/Website-monitoring/vendor/laravel/framework/src/Illuminate/Foundation/Application.php(1085): Illuminate/Container/Container->resolve('App//Http//Middle...', Array, true)
#16 D:/Website-monitoring/vendor/laravel/framework/src/Illuminate/Container/Container.php(867): Illuminate/Foundation/Application->resolve('App//Http//Middle...', Array)
#17 D:/Website-monitoring/vendor/laravel/framework/src/Illuminate/Foundation/Application.php(1065): Illuminate/Container/Container->make('App//Http//Middle...', Array)
#18 D:/Website-monitoring/vendor/laravel/framework/src/Illuminate/Pipeline/Pipeline.php(208): Illuminate/Foundation/Application->make('App//Http//Middle...')
#19 D:/Website-monitoring/vendor/laravel/framework/src/Illuminate/Routing/Middleware/SubstituteBindings.php(52): Illuminate/Pipeline/Pipeline->{closure:{closure:Illuminate/Pipeline/Pipeline::carry():194}:195}(Object(Illuminate/Http/Request))
#20 D:/Website-monitoring/vendor/laravel/framework/src/Illuminate/Pipeline/Pipeline.php(219): Illuminate/Routing/Middleware/SubstituteBindings->handle(Object(Illuminate/Http/Request), Object(Closure))
#21 D:/Website-monitoring/vendor/laravel/framework/src/Illuminate/Pipeline/Pipeline.php(137): Illuminate/Pipeline/Pipeline->{closure:{closure:Illuminate/Pipeline/Pipeline::carry():194}:195}(Object(Illuminate/Http/Request))
#22 D:/Website-monitoring/vendor/laravel/framework/src/Illuminate/Routing/Router.php(821): Illuminate/Pipeline/Pipeline->then(Object(Closure))
#23 D:/Website-monitoring/vendor/laravel/framework/src/Illuminate/Routing/Router.php(800): Illuminate/Routing/Router->runRouteWithinStack(Object(Illuminate/Routing/Route), Object(Illuminate/Http/Request))
#24 D:/Website-monitoring/vendor/laravel/framework/src/Illuminate/Routing/Router.php(764): Illuminate/Routing/Router->runRoute(Object(Illuminate/Http/Request), Object(Illuminate/Routing/Route))
#25 D:/Website-monitoring/vendor/laravel/framework/src/Illuminate/Routing/Router.php(753): Illuminate/Routing/Router->dispatchToRoute(Object(Illuminate/Http/Request))
#26 D:/Website-monitoring/vendor/laravel/framework/src/Illuminate/Foundation/Http/Kernel.php(200): Illuminate/Routing/Router->dispatch(Object(Illuminate/Http/Request))
#27 D:/Website-monitoring/vendor/laravel/framework/src/Illuminate/Pipeline/Pipeline.php(180): Illuminate/Foundation/Http/Kernel->{closure:Illuminate/Foundation/Http/Kernel::dispatchToRouter():197}(Object(Illuminate/Http/Request))
#28 D:/Website-monitoring/app/Http/Middleware/SecurityHeaders.php(14): Illuminate/Pipeline/Pipeline->{closure:Illuminate/Pipeline/Pipeline::prepareDestination():178}(Object(Illuminate/Http/Request))
#29 D:/Website-monitoring/vendor/laravel/framework/src/Illuminate/Pipeline/Pipeline.php(219): App/Http/Middleware/SecurityHeaders->handle(Object(Illuminate/Http/Request), Object(Closure))
#30 D:/Website-monitoring/vendor/laravel/framework/src/Illuminate/Foundation/Http/Middleware/TransformsRequest.php(21): Illuminate/Pipeline/Pipeline->{closure:{closure:Illuminate/Pipeline/Pipeline::carry():194}:195}(Object(Illuminate/Http/Request))
#31 D:/Website-monitoring/vendor/laravel/framework/src/Illuminate/Foundation/Http/Middleware/ConvertEmptyStringsToNull.php(31): Illuminate/Foundation/Http/Middleware/TransformsRequest->handle(Object(Illuminate/Http/Request), Object(Closure))
#32 D:/Website-monitoring/vendor/laravel/framework/src/Illuminate/Pipeline/Pipeline.php(219): Illuminate/Foundation/Http/Middleware/ConvertEmptyStringsToNull->handle(Object(Illuminate/Http/Request), Object(Closure))
#33 D:/Website-monitoring/vendor/laravel/framework/src/Illuminate/Foundation/Http/Middleware/TransformsRequest.php(21): Illuminate/Pipeline/Pipeline->{closure:{closure:Illuminate/Pipeline/Pipeline::carry():194}:195}(Object(Illuminate/Http/Request))
#34 D:/Website-monitoring/vendor/laravel/framework/src/Illuminate/Foundation/Http/Middleware/TrimStrings.php(51): Illuminate/Foundation/Http/Middleware/TransformsRequest->handle(Object(Illuminate/Http/Request), Object(Closure))
#35 D:/Website-monitoring/vendor/laravel/framework/src/Illuminate/Pipeline/Pipeline.php(219): Illuminate/Foundation/Http/Middleware/TrimStrings->handle(Object(Illuminate/Http/Request), Object(Closure))
#36 D:/Website-monitoring/vendor/laravel/framework/src/Illuminate/Http/Middleware/ValidatePostSize.php(27): Illuminate/Pipeline/Pipeline->{closure:{closure:Illuminate/Pipeline/Pipeline::carry():194}:195}(Object(Illuminate/Http/Request))
#37 D:/Website-monitoring/vendor/laravel/framework/src/Illuminate/Pipeline/Pipeline.php(219): Illuminate/Http/Middleware/ValidatePostSize->handle(Object(Illuminate/Http/Request), Object(Closure))
#38 D:/Website-monitoring/vendor/laravel/framework/src/Illuminate/Foundation/Http/Middleware/PreventRequestsDuringMaintenance.php(110): Illuminate/Pipeline/Pipeline->{closure:{closure:Illuminate/Pipeline/Pipeline::carry():194}:195}(Object(Illuminate/Http/Request))
#39 D:/Website-monitoring/vendor/laravel/framework/src/Illuminate/Pipeline/Pipeline.php(219): Illuminate/Foundation/Http/Middleware/PreventRequestsDuringMaintenance->handle(Object(Illuminate/Http/Request), Object(Closure))
#40 D:/Website-monitoring/vendor/laravel/framework/src/Illuminate/Http/Middleware/HandleCors.php(74): Illuminate/Pipeline/Pipeline->{closure:{closure:Illuminate/Pipeline/Pipeline::carry():194}:195}(Object(Illuminate/Http/Request))
#41 D:/Website-monitoring/vendor/laravel/framework/src/Illuminate/Pipeline/Pipeline.php(219): Illuminate/Http/Middleware/HandleCors->handle(Object(Illuminate/Http/Request), Object(Closure))
#42 D:/Website-monitoring/vendor/laravel/framework/src/Illuminate/Http/Middleware/TrustProxies.php(58): Illuminate/Pipeline/Pipeline->{closure:{closure:Illuminate/Pipeline/Pipeline::carry():194}:195}(Object(Illuminate/Http/Request))
#43 D:/Website-monitoring/vendor/laravel/framework/src/Illuminate/Pipeline/Pipeline.php(219): Illuminate/Http/Middleware/TrustProxies->handle(Object(Illuminate/Http/Request), Object(Closure))
#44 D:/Website-monitoring/vendor/laravel/framework/src/Illuminate/Foundation/Http/Middleware/InvokeDeferredCallbacks.php(22): Illuminate/Pipeline/Pipeline->{closure:{closure:Illuminate/Pipeline/Pipeline::carry():194}:195}(Object(Illuminate/Http/Request))
#45 D:/Website-monitoring/vendor/laravel/framework/src/Illuminate/Pipeline/Pipeline.php(219): Illuminate/Foundation/Http/Middleware/InvokeDeferredCallbacks->handle(Object(Illuminate/Http/Request), Object(Closure))
#46 D:/Website-monitoring/vendor/laravel/framework/src/Illuminate/Http/Middleware/ValidatePathEncoding.php(28): Illuminate/Pipeline/Pipeline->{closure:{closure:Illuminate/Pipeline/Pipeline::carry():194}:195}(Object(Illuminate/Http/Request))
#47 D:/Website-monitoring/vendor/laravel/framework/src/Illuminate/Pipeline/Pipeline.php(219): Illuminate/Http/Middleware/ValidatePathEncoding->handle(Object(Illuminate/Http/Request), Object(Closure))
#48 D:/Website-monitoring/vendor/laravel/framework/src/Illuminate/Pipeline/Pipeline.php(137): Illuminate/Pipeline/Pipeline->{closure:{closure:Illuminate/Pipeline/Pipeline::carry():194}:195}(Object(Illuminate/Http/Request))
#49 D:/Website-monitoring/vendor/laravel/framework/src/Illuminate/Foundation/Http/Kernel.php(175): Illuminate/Pipeline/Pipeline->then(Object(Closure))
#50 D:/Website-monitoring/vendor/laravel/framework/src/Illuminate/Foundation/Http/Kernel.php(144): Illuminate/Foundation/Http/Kernel->sendRequestThroughRouter(Object(Illuminate/Http/Request))
#51 D:/Website-monitoring/vendor/laravel/framework/src/Illuminate/Foundation/Application.php(1227): Illuminate/Foundation/Http/Kernel->handle(Object(Illuminate/Http/Request))
#52 D:/Website-monitoring/public/index.php(20): Illuminate/Foundation/Application->handleRequest(Object(Illuminate/Http/Request))
#53 D:/Website-monitoring/vendor/laravel/framework/src/Illuminate/Foundation/resources/server.php(23): require_once('D://Website-moni...')
#54 {main}

[previous exception] [object] (RuntimeException(code: 0): SplFileObject::__construct(D:\\Website-monitoring\\storage/app/firebase/service-account.json): Failed to open stream: No such file or directory at D:/Website-monitoring/vendor/kreait/firebase-php/src/Valinor/Source.php:55)
[stacktrace]
#0 D:/Website-monitoring/vendor/kreait/firebase-php/src/Valinor/Source.php(55): SplFileObject->__construct('D://Website-moni...')
#1 D:/Website-monitoring/vendor/kreait/firebase-php/src/Valinor/Source.php(40): Kreait/Firebase/Valinor/Source::file('D://Website-moni...')
#2 D:/Website-monitoring/vendor/kreait/firebase-php/src/Factory.php(666): Kreait/Firebase/Valinor/Source::parse('D://Website-moni...')
#3 D:/Website-monitoring/vendor/kreait/firebase-php/src/Factory.php(146): Kreait/Firebase/Factory->mapServiceAccount('D://Website-moni...')
#4 D:/Website-monitoring/vendor/kreait/laravel-firebase/src/FirebaseProjectManager.php(75): Kreait/Firebase/Factory->withServiceAccount(Object(SensitiveParameterValue))
#5 D:/Website-monitoring/vendor/kreait/laravel-firebase/src/FirebaseProjectManager.php(35): Kreait/Laravel/Firebase/FirebaseProjectManager->configure('app')
#6 D:/Website-monitoring/vendor/kreait/laravel-firebase/src/ServiceProvider.php(38): Kreait/Laravel/Firebase/FirebaseProjectManager->project()
#7 D:/Website-monitoring/vendor/laravel/framework/src/Illuminate/Container/Container.php(1140): Kreait/Laravel/Firebase/ServiceProvider::{closure:Kreait/Laravel/Firebase/ServiceProvider::registerComponents():38}(Object(Illuminate/Foundation/Application), Array)
#8 D:/Website-monitoring/vendor/laravel/framework/src/Illuminate/Container/Container.php(939): Illuminate/Container/Container->build(Object(Closure))
#9 D:/Website-monitoring/vendor/laravel/framework/src/Illuminate/Foundation/Application.php(1085): Illuminate/Container/Container->resolve('Kreait//Firebase...', Array, true)
#10 D:/Website-monitoring/vendor/laravel/framework/src/Illuminate/Container/Container.php(867): Illuminate/Foundation/Application->resolve('Kreait//Firebase...', Array)
#11 D:/Website-monitoring/vendor/laravel/framework/src/Illuminate/Foundation/Application.php(1065): Illuminate/Container/Container->make('Kreait//Firebase...', Array)
#12 D:/Website-monitoring/vendor/laravel/framework/src/Illuminate/Container/Container.php(1363): Illuminate/Foundation/Application->make('Kreait//Firebase...')
#13 D:/Website-monitoring/vendor/laravel/framework/src/Illuminate/Container/Container.php(1264): Illuminate/Container/Container->resolveClass(Object(ReflectionParameter), 'Kreait//Firebase...')
#14 D:/Website-monitoring/vendor/laravel/framework/src/Illuminate/Container/Container.php(1187): Illuminate/Container/Container->resolveDependencies(Array)
#15 D:/Website-monitoring/vendor/laravel/framework/src/Illuminate/Container/Container.php(939): Illuminate/Container/Container->build('App//Http//Middle...')
#16 D:/Website-monitoring/vendor/laravel/framework/src/Illuminate/Foundation/Application.php(1085): Illuminate/Container/Container->resolve('App//Http//Middle...', Array, true)
#17 D:/Website-monitoring/vendor/laravel/framework/src/Illuminate/Container/Container.php(867): Illuminate/Foundation/Application->resolve('App//Http//Middle...', Array)
#18 D:/Website-monitoring/vendor/laravel/framework/src/Illuminate/Foundation/Application.php(1065): Illuminate/Container/Container->make('App//Http//Middle...', Array)
#19 D:/Website-monitoring/vendor/laravel/framework/src/Illuminate/Pipeline/Pipeline.php(208): Illuminate/Foundation/Application->make('App//Http//Middle...')
#20 D:/Website-monitoring/vendor/laravel/framework/src/Illuminate/Routing/Middleware/SubstituteBindings.php(52): Illuminate/Pipeline/Pipeline->{closure:{closure:Illuminate/Pipeline/Pipeline::carry():194}:195}(Object(Illuminate/Http/Request))
#21 D:/Website-monitoring/vendor/laravel/framework/src/Illuminate/Pipeline/Pipeline.php(219): Illuminate/Routing/Middleware/SubstituteBindings->handle(Object(Illuminate/Http/Request), Object(Closure))
#22 D:/Website-monitoring/vendor/laravel/framework/src/Illuminate/Pipeline/Pipeline.php(137): Illuminate/Pipeline/Pipeline->{closure:{closure:Illuminate/Pipeline/Pipeline::carry():194}:195}(Object(Illuminate/Http/Request))
#23 D:/Website-monitoring/vendor/laravel/framework/src/Illuminate/Routing/Router.php(821): Illuminate/Pipeline/Pipeline->then(Object(Closure))
#24 D:/Website-monitoring/vendor/laravel/framework/src/Illuminate/Routing/Router.php(800): Illuminate/Routing/Router->runRouteWithinStack(Object(Illuminate/Routing/Route), Object(Illuminate/Http/Request))
#25 D:/Website-monitoring/vendor/laravel/framework/src/Illuminate/Routing/Router.php(764): Illuminate/Routing/Router->runRoute(Object(Illuminate/Http/Request), Object(Illuminate/Routing/Route))
#26 D:/Website-monitoring/vendor/laravel/framework/src/Illuminate/Routing/Router.php(753): Illuminate/Routing/Router->dispatchToRoute(Object(Illuminate/Http/Request))
#27 D:/Website-monitoring/vendor/laravel/framework/src/Illuminate/Foundation/Http/Kernel.php(200): Illuminate/Routing/Router->dispatch(Object(Illuminate/Http/Request))
#28 D:/Website-monitoring/vendor/laravel/framework/src/Illuminate/Pipeline/Pipeline.php(180): Illuminate/Foundation/Http/Kernel->{closure:Illuminate/Foundation/Http/Kernel::dispatchToRouter():197}(Object(Illuminate/Http/Request))
#29 D:/Website-monitoring/app/Http/Middleware/SecurityHeaders.php(14): Illuminate/Pipeline/Pipeline->{closure:Illuminate/Pipeline/Pipeline::prepareDestination():178}(Object(Illuminate/Http/Request))
#30 D:/Website-monitoring/vendor/laravel/framework/src/Illuminate/Pipeline/Pipeline.php(219): App/Http/Middleware/SecurityHeaders->handle(Object(Illuminate/Http/Request), Object(Closure))
#31 D:/Website-monitoring/vendor/laravel/framework/src/Illuminate/Foundation/Http/Middleware/TransformsRequest.php(21): Illuminate/Pipeline/Pipeline->{closure:{closure:Illuminate/Pipeline/Pipeline::carry():194}:195}(Object(Illuminate/Http/Request))
#32 D:/Website-monitoring/vendor/laravel/framework/src/Illuminate/Foundation/Http/Middleware/ConvertEmptyStringsToNull.php(31): Illuminate/Foundation/Http/Middleware/TransformsRequest->handle(Object(Illuminate/Http/Request), Object(Closure))
#33 D:/Website-monitoring/vendor/laravel/framework/src/Illuminate/Pipeline/Pipeline.php(219): Illuminate/Foundation/Http/Middleware/ConvertEmptyStringsToNull->handle(Object(Illuminate/Http/Request), Object(Closure))
#34 D:/Website-monitoring/vendor/laravel/framework/src/Illuminate/Foundation/Http/Middleware/TransformsRequest.php(21): Illuminate/Pipeline/Pipeline->{closure:{closure:Illuminate/Pipeline/Pipeline::carry():194}:195}(Object(Illuminate/Http/Request))
#35 D:/Website-monitoring/vendor/laravel/framework/src/Illuminate/Foundation/Http/Middleware/TrimStrings.php(51): Illuminate/Foundation/Http/Middleware/TransformsRequest->handle(Object(Illuminate/Http/Request), Object(Closure))
#36 D:/Website-monitoring/vendor/laravel/framework/src/Illuminate/Pipeline/Pipeline.php(219): Illuminate/Foundation/Http/Middleware/TrimStrings->handle(Object(Illuminate/Http/Request), Object(Closure))
#37 D:/Website-monitoring/vendor/laravel/framework/src/Illuminate/Http/Middleware/ValidatePostSize.php(27): Illuminate/Pipeline/Pipeline->{closure:{closure:Illuminate/Pipeline/Pipeline::carry():194}:195}(Object(Illuminate/Http/Request))
#38 D:/Website-monitoring/vendor/laravel/framework/src/Illuminate/Pipeline/Pipeline.php(219): Illuminate/Http/Middleware/ValidatePostSize->handle(Object(Illuminate/Http/Request), Object(Closure))
#39 D:/Website-monitoring/vendor/laravel/framework/src/Illuminate/Foundation/Http/Middleware/PreventRequestsDuringMaintenance.php(110): Illuminate/Pipeline/Pipeline->{closure:{closure:Illuminate/Pipeline/Pipeline::carry():194}:195}(Object(Illuminate/Http/Request))
#40 D:/Website-monitoring/vendor/laravel/framework/src/Illuminate/Pipeline/Pipeline.php(219): Illuminate/Foundation/Http/Middleware/PreventRequestsDuringMaintenance->handle(Object(Illuminate/Http/Request), Object(Closure))
#41 D:/Website-monitoring/vendor/laravel/framework/src/Illuminate/Http/Middleware/HandleCors.php(74): Illuminate/Pipeline/Pipeline->{closure:{closure:Illuminate/Pipeline/Pipeline::carry():194}:195}(Object(Illuminate/Http/Request))
#42 D:/Website-monitoring/vendor/laravel/framework/src/Illuminate/Pipeline/Pipeline.php(219): Illuminate/Http/Middleware/HandleCors->handle(Object(Illuminate/Http/Request), Object(Closure))
#43 D:/Website-monitoring/vendor/laravel/framework/src/Illuminate/Http/Middleware/TrustProxies.php(58): Illuminate/Pipeline/Pipeline->{closure:{closure:Illuminate/Pipeline/Pipeline::carry():194}:195}(Object(Illuminate/Http/Request))
#44 D:/Website-monitoring/vendor/laravel/framework/src/Illuminate/Pipeline/Pipeline.php(219): Illuminate/Http/Middleware/TrustProxies->handle(Object(Illuminate/Http/Request), Object(Closure))
#45 D:/Website-monitoring/vendor/laravel/framework/src/Illuminate/Foundation/Http/Middleware/InvokeDeferredCallbacks.php(22): Illuminate/Pipeline/Pipeline->{closure:{closure:Illuminate/Pipeline/Pipeline::carry():194}:195}(Object(Illuminate/Http/Request))
#46 D:/Website-monitoring/vendor/laravel/framework/src/Illuminate/Pipeline/Pipeline.php(219): Illuminate/Foundation/Http/Middleware/InvokeDeferredCallbacks->handle(Object(Illuminate/Http/Request), Object(Closure))
#47 D:/Website-monitoring/vendor/laravel/framework/src/Illuminate/Http/Middleware/ValidatePathEncoding.php(28): Illuminate/Pipeline/Pipeline->{closure:{closure:Illuminate/Pipeline/Pipeline::carry():194}:195}(Object(Illuminate/Http/Request))
#48 D:/Website-monitoring/vendor/laravel/framework/src/Illuminate/Pipeline/Pipeline.php(219): Illuminate/Http/Middleware/ValidatePathEncoding->handle(Object(Illuminate/Http/Request), Object(Closure))
#49 D:/Website-monitoring/vendor/laravel/framework/src/Illuminate/Pipeline/Pipeline.php(137): Illuminate/Pipeline/Pipeline->{closure:{closure:Illuminate/Pipeline/Pipeline::carry():194}:195}(Object(Illuminate/Http/Request))
#50 D:/Website-monitoring/vendor/laravel/framework/src/Illuminate/Foundation/Http/Kernel.php(175): Illuminate/Pipeline/Pipeline->then(Object(Closure))
#51 D:/Website-monitoring/vendor/laravel/framework/src/Illuminate/Foundation/Http/Kernel.php(144): Illuminate/Foundation/Http/Kernel->sendRequestThroughRouter(Object(Illuminate/Http/Request))
#52 D:/Website-monitoring/vendor/laravel/framework/src/Illuminate/Foundation/Application.php(1227): Illuminate/Foundation/Http/Kernel->handle(Object(Illuminate/Http/Request))
#53 D:/Website-monitoring/public/index.php(20): Illuminate/Foundation/Application->handleRequest(Object(Illuminate/Http/Request))
#54 D:/Website-monitoring/vendor/laravel/framework/src/Illuminate/Foundation/resources/server.php(23): require_once('D://Website-moni...')
#55 {main}
"} 
[2026-09-14 02:27:32] local.ERROR: SplFileObject::__construct(D:\Website-monitoring\storage/app/firebase/service-account.json): Failed to open stream: No such file or directory {"exception":"[object] (Kreait\\Firebase\\Exception\\InvalidArgumentException(code: 0): SplFileObject::__construct(D:\\Website-monitoring\\storage/app/firebase/service-account.json): Failed to open stream: No such file or directory at D:/Website-monitoring/vendor/kreait/firebase-php/src/Valinor/Source.php:57)
[stacktrace]
#0 D:/Website-monitoring/vendor/kreait/firebase-php/src/Valinor/Source.php(40): Kreait/Firebase/Valinor/Source::file('D://Website-moni...')
#1 D:/Website-monitoring/vendor/kreait/firebase-php/src/Factory.php(666): Kreait/Firebase/Valinor/Source::parse('D://Website-moni...')
#2 D:/Website-monitoring/vendor/kreait/firebase-php/src/Factory.php(146): Kreait/Firebase/Factory->mapServiceAccount('D://Website-moni...')
#3 D:/Website-monitoring/vendor/kreait/laravel-firebase/src/FirebaseProjectManager.php(75): Kreait/Firebase/Factory->withServiceAccount(Object(SensitiveParameterValue))
#4 D:/Website-monitoring/vendor/kreait/laravel-firebase/src/FirebaseProjectManager.php(35): Kreait/Laravel/Firebase/FirebaseProjectManager->configure('app')
#5 D:/Website-monitoring/vendor/kreait/laravel-firebase/src/ServiceProvider.php(38): Kreait/Laravel/Firebase/FirebaseProjectManager->project()
#6 D:/Website-monitoring/vendor/laravel/framework/src/Illuminate/Container/Container.php(1140): Kreait/Laravel/Firebase/ServiceProvider::{closure:Kreait/Laravel/Firebase/ServiceProvider::registerComponents():38}(Object(Illuminate/Foundation/Application), Array)
#7 D:/Website-monitoring/vendor/laravel/framework/src/Illuminate/Container/Container.php(939): Illuminate/Container/Container->build(Object(Closure))
#8 D:/Website-monitoring/vendor/laravel/framework/src/Illuminate/Foundation/Application.php(1085): Illuminate/Container/Container->resolve('Kreait//Firebase...', Array, true)
#9 D:/Website-monitoring/vendor/laravel/framework/src/Illuminate/Container/Container.php(867): Illuminate/Foundation/Application->resolve('Kreait//Firebase...', Array)
#10 D:/Website-monitoring/vendor/laravel/framework/src/Illuminate/Foundation/Application.php(1065): Illuminate/Container/Container->make('Kreait//Firebase...', Array)
#11 D:/Website-monitoring/vendor/laravel/framework/src/Illuminate/Container/Container.php(1363): Illuminate/Foundation/Application->make('Kreait//Firebase...')
#12 D:/Website-monitoring/vendor/laravel/framework/src/Illuminate/Container/Container.php(1264): Illuminate/Container/Container->resolveClass(Object(ReflectionParameter), 'Kreait//Firebase...')
#13 D:/Website-monitoring/vendor/laravel/framework/src/Illuminate/Container/Container.php(1187): Illuminate/Container/Container->resolveDependencies(Array)
#14 D:/Website-monitoring/vendor/laravel/framework/src/Illuminate/Container/Container.php(939): Illuminate/Container/Container->build('App//Http//Middle...')
#15 D:/Website-monitoring/vendor/laravel/framework/src/Illuminate/Foundation/Application.php(1085): Illuminate/Container/Container->resolve('App//Http//Middle...', Array, true)
#16 D:/Website-monitoring/vendor/laravel/framework/src/Illuminate/Container/Container.php(867): Illuminate/Foundation/Application->resolve('App//Http//Middle...', Array)
#17 D:/Website-monitoring/vendor/laravel/framework/src/Illuminate/Foundation/Application.php(1065): Illuminate/Container/Container->make('App//Http//Middle...', Array)
#18 D:/Website-monitoring/vendor/laravel/framework/src/Illuminate/Foundation/Http/Kernel.php(257): Illuminate/Foundation/Application->make('App//Http//Middle...')
#19 D:/Website-monitoring/vendor/laravel/framework/src/Illuminate/Foundation/Http/Kernel.php(215): Illuminate/Foundation/Http/Kernel->terminateMiddleware(Object(Illuminate/Http/Request), Object(Illuminate/Http/JsonResponse))
#20 D:/Website-monitoring/vendor/laravel/framework/src/Illuminate/Foundation/Application.php(1229): Illuminate/Foundation/Http/Kernel->terminate(Object(Illuminate/Http/Request), Object(Illuminate/Http/JsonResponse))
#21 D:/Website-monitoring/public/index.php(20): Illuminate/Foundation/Application->handleRequest(Object(Illuminate/Http/Request))
#22 D:/Website-monitoring/vendor/laravel/framework/src/Illuminate/Foundation/resources/server.php(23): require_once('D://Website-moni...')
#23 {main}

[previous exception] [object] (RuntimeException(code: 0): SplFileObject::__construct(D:\\Website-monitoring\\storage/app/firebase/service-account.json): Failed to open stream: No such file or directory at D:/Website-monitoring/vendor/kreait/firebase-php/src/Valinor/Source.php:55)
[stacktrace]
#0 D:/Website-monitoring/vendor/kreait/firebase-php/src/Valinor/Source.php(55): SplFileObject->__construct('D://Website-moni...')
#1 D:/Website-monitoring/vendor/kreait/firebase-php/src/Valinor/Source.php(40): Kreait/Firebase/Valinor/Source::file('D://Website-moni...')
#2 D:/Website-monitoring/vendor/kreait/firebase-php/src/Factory.php(666): Kreait/Firebase/Valinor/Source::parse('D://Website-moni...')
#3 D:/Website-monitoring/vendor/kreait/firebase-php/src/Factory.php(146): Kreait/Firebase/Factory->mapServiceAccount('D://Website-moni...')
#4 D:/Website-monitoring/vendor/kreait/laravel-firebase/src/FirebaseProjectManager.php(75): Kreait/Firebase/Factory->withServiceAccount(Object(SensitiveParameterValue))
#5 D:/Website-monitoring/vendor/kreait/laravel-firebase/src/FirebaseProjectManager.php(35): Kreait/Laravel/Firebase/FirebaseProjectManager->configure('app')
#6 D:/Website-monitoring/vendor/kreait/laravel-firebase/src/ServiceProvider.php(38): Kreait/Laravel/Firebase/FirebaseProjectManager->project()
#7 D:/Website-monitoring/vendor/laravel/framework/src/Illuminate/Container/Container.php(1140): Kreait/Laravel/Firebase/ServiceProvider::{closure:Kreait/Laravel/Firebase/ServiceProvider::registerComponents():38}(Object(Illuminate/Foundation/Application), Array)
#8 D:/Website-monitoring/vendor/laravel/framework/src/Illuminate/Container/Container.php(939): Illuminate/Container/Container->build(Object(Closure))
#9 D:/Website-monitoring/vendor/laravel/framework/src/Illuminate/Foundation/Application.php(1085): Illuminate/Container/Container->resolve('Kreait//Firebase...', Array, true)
#10 D:/Website-monitoring/vendor/laravel/framework/src/Illuminate/Container/Container.php(867): Illuminate/Foundation/Application->resolve('Kreait//Firebase...', Array)
#11 D:/Website-monitoring/vendor/laravel/framework/src/Illuminate/Foundation/Application.php(1065): Illuminate/Container/Container->make('Kreait//Firebase...', Array)
#12 D:/Website-monitoring/vendor/laravel/framework/src/Illuminate/Container/Container.php(1363): Illuminate/Foundation/Application->make('Kreait//Firebase...')
#13 D:/Website-monitoring/vendor/laravel/framework/src/Illuminate/Container/Container.php(1264): Illuminate/Container/Container->resolveClass(Object(ReflectionParameter), 'Kreait//Firebase...')
#14 D:/Website-monitoring/vendor/laravel/framework/src/Illuminate/Container/Container.php(1187): Illuminate/Container/Container->resolveDependencies(Array)
#15 D:/Website-monitoring/vendor/laravel/framework/src/Illuminate/Container/Container.php(939): Illuminate/Container/Container->build('App//Http//Middle...')
#16 D:/Website-monitoring/vendor/laravel/framework/src/Illuminate/Foundation/Application.php(1085): Illuminate/Container/Container->resolve('App//Http//Middle...', Array, true)
#17 D:/Website-monitoring/vendor/laravel/framework/src/Illuminate/Container/Container.php(867): Illuminate/Foundation/Application->resolve('App//Http//Middle...', Array)
#18 D:/Website-monitoring/vendor/laravel/framework/src/Illuminate/Foundation/Application.php(1065): Illuminate/Container/Container->make('App//Http//Middle...', Array)
#19 D:/Website-monitoring/vendor/laravel/framework/src/Illuminate/Foundation/Http/Kernel.php(257): Illuminate/Foundation/Application->make('App//Http//Middle...')
#20 D:/Website-monitoring/vendor/laravel/framework/src/Illuminate/Foundation/Http/Kernel.php(215): Illuminate/Foundation/Http/Kernel->terminateMiddleware(Object(Illuminate/Http/Request), Object(Illuminate/Http/JsonResponse))
#21 D:/Website-monitoring/vendor/laravel/framework/src/Illuminate/Foundation/Application.php(1229): Illuminate/Foundation/Http/Kernel->terminate(Object(Illuminate/Http/Request), Object(Illuminate/Http/JsonResponse))
#22 D:/Website-monitoring/public/index.php(20): Illuminate/Foundation/Application->handleRequest(Object(Illuminate/Http/Request))
#23 D:/Website-monitoring/vendor/laravel/framework/src/Illuminate/Foundation/resources/server.php(23): require_once('D://Website-moni...')
#24 {main}
"} 
[2026-09-14 02:27:32] local.ERROR: Uncaught ErrorException: Cannot modify header information - headers already sent by (output started at D:\Website-monitoring\vendor\symfony\http-foundation\Response.php:393) in D:\Website-monitoring\vendor\symfony\http-foundation\Response.php:328
Stack trace:
#0 D:\Website-monitoring\vendor\laravel\framework\src\Illuminate\Foundation\Bootstrap\HandleExceptions.php(265): Illuminate\Foundation\Bootstrap\HandleExceptions->handleError(2, 'Cannot modify h...', 'D:\\Website-moni...', 328)
#1 [internal function]: Illuminate\Foundation\Bootstrap\HandleExceptions->{closure:Illuminate\Foundation\Bootstrap\HandleExceptions::forwardsTo():264}(2, 'Cannot modify h...', 'D:\\Website-moni...', 328)
#2 D:\Website-monitoring\vendor\symfony\http-foundation\Response.php(328): header('HTTP/1.0 500 In...', true, 500)
#3 D:\Website-monitoring\vendor\symfony\http-foundation\Response.php(407): Symfony\Component\HttpFoundation\Response->sendHeaders()
#4 D:\Website-monitoring\vendor\laravel\framework\src\Illuminate\Foundation\Bootstrap\HandleExceptions.php(228): Symfony\Component\HttpFoundation\Response->send()
#5 D:\Website-monitoring\vendor\laravel\framework\src\Illuminate\Foundation\Bootstrap\HandleExceptions.php(205): Illuminate\Foundation\Bootstrap\HandleExceptions->renderHttpResponse(Object(Kreait\Firebase\Exception\InvalidArgumentException))
#6 D:\Website-monitoring\vendor\laravel\framework\src\Illuminate\Foundation\Bootstrap\HandleExceptions.php(265): Illuminate\Foundation\Bootstrap\HandleExceptions->handleException(Object(Kreait\Firebase\Exception\InvalidArgumentException))
#7 [internal function]: Illuminate\Foundation\Bootstrap\HandleExceptions->{closure:Illuminate\Foundation\Bootstrap\HandleExceptions::forwardsTo():264}(Object(Kreait\Firebase\Exception\InvalidArgumentException))
#8 {main}
  thrown {"exception":"[object] (Symfony\\Component\\ErrorHandler\\Error\\FatalError(code: 0): Uncaught ErrorException: Cannot modify header information - headers already sent by (output started at D:\\Website-monitoring\\vendor\\symfony\\http-foundation\\Response.php:393) in D:\\Website-monitoring\\vendor\\symfony\\http-foundation\\Response.php:328
Stack trace:
#0 D:\\Website-monitoring\\vendor\\laravel\\framework\\src\\Illuminate\\Foundation\\Bootstrap\\HandleExceptions.php(265): Illuminate\\Foundation\\Bootstrap\\HandleExceptions->handleError(2, 'Cannot modify h...', 'D:\\\\Website-moni...', 328)
#1 [internal function]: Illuminate\\Foundation\\Bootstrap\\HandleExceptions->{closure:Illuminate\\Foundation\\Bootstrap\\HandleExceptions::forwardsTo():264}(2, 'Cannot modify h...', 'D:\\\\Website-moni...', 328)
#2 D:\\Website-monitoring\\vendor\\symfony\\http-foundation\\Response.php(328): header('HTTP/1.0 500 In...', true, 500)
#3 D:\\Website-monitoring\\vendor\\symfony\\http-foundation\\Response.php(407): Symfony\\Component\\HttpFoundation\\Response->sendHeaders()
#4 D:\\Website-monitoring\\vendor\\laravel\\framework\\src\\Illuminate\\Foundation\\Bootstrap\\HandleExceptions.php(228): Symfony\\Component\\HttpFoundation\\Response->send()
#5 D:\\Website-monitoring\\vendor\\laravel\\framework\\src\\Illuminate\\Foundation\\Bootstrap\\HandleExceptions.php(205): Illuminate\\Foundation\\Bootstrap\\HandleExceptions->renderHttpResponse(Object(Kreait\\Firebase\\Exception\\InvalidArgumentException))
#6 D:\\Website-monitoring\\vendor\\laravel\\framework\\src\\Illuminate\\Foundation\\Bootstrap\\HandleExceptions.php(265): Illuminate\\Foundation\\Bootstrap\\HandleExceptions->handleException(Object(Kreait\\Firebase\\Exception\\InvalidArgumentException))
#7 [internal function]: Illuminate\\Foundation\\Bootstrap\\HandleExceptions->{closure:Illuminate\\Foundation\\Bootstrap\\HandleExceptions::forwardsTo():264}(Object(Kreait\\Firebase\\Exception\\InvalidArgumentException))
#8 {main}
  thrown at D:/Website-monitoring/vendor/symfony/http-foundation/Response.php:328)
[stacktrace]
#0 {main}
"} 
[2026-09-14 02:27:43] local.ERROR: SplFileObject::__construct(D:\Website-monitoring\storage/app/firebase/service-account.json): Failed to open stream: No such file or directory {"exception":"[object] (Kreait\\Firebase\\Exception\\InvalidArgumentException(code: 0): SplFileObject::__construct(D:\\Website-monitoring\\storage/app/firebase/service-account.json): Failed to open stream: No such file or directory at D:/Website-monitoring/vendor/kreait/firebase-php/src/Valinor/Source.php:57)
[stacktrace]
#0 D:/Website-monitoring/vendor/kreait/firebase-php/src/Valinor/Source.php(40): Kreait/Firebase/Valinor/Source::file('D://Website-moni...')
#1 D:/Website-monitoring/vendor/kreait/firebase-php/src/Factory.php(666): Kreait/Firebase/Valinor/Source::parse('D://Website-moni...')
#2 D:/Website-monitoring/vendor/kreait/firebase-php/src/Factory.php(146): Kreait/Firebase/Factory->mapServiceAccount('D://Website-moni...')
#3 D:/Website-monitoring/vendor/kreait/laravel-firebase/src/FirebaseProjectManager.php(75): Kreait/Firebase/Factory->withServiceAccount(Object(SensitiveParameterValue))
#4 D:/Website-monitoring/vendor/kreait/laravel-firebase/src/FirebaseProjectManager.php(35): Kreait/Laravel/Firebase/FirebaseProjectManager->configure('app')
#5 D:/Website-monitoring/vendor/kreait/laravel-firebase/src/ServiceProvider.php(38): Kreait/Laravel/Firebase/FirebaseProjectManager->project()
#6 D:/Website-monitoring/vendor/laravel/framework/src/Illuminate/Container/Container.php(1140): Kreait/Laravel/Firebase/ServiceProvider::{closure:Kreait/Laravel/Firebase/ServiceProvider::registerComponents():38}(Object(Illuminate/Foundation/Application), Array)
#7 D:/Website-monitoring/vendor/laravel/framework/src/Illuminate/Container/Container.php(939): Illuminate/Container/Container->build(Object(Closure))
#8 D:/Website-monitoring/vendor/laravel/framework/src/Illuminate/Foundation/Application.php(1085): Illuminate/Container/Container->resolve('Kreait//Firebase...', Array, true)
#9 D:/Website-monitoring/vendor/laravel/framework/src/Illuminate/Container/Container.php(867): Illuminate/Foundation/Application->resolve('Kreait//Firebase...', Array)
#10 D:/Website-monitoring/vendor/laravel/framework/src/Illuminate/Foundation/Application.php(1065): Illuminate/Container/Container->make('Kreait//Firebase...', Array)
#11 D:/Website-monitoring/vendor/laravel/framework/src/Illuminate/Container/Container.php(1363): Illuminate/Foundation/Application->make('Kreait//Firebase...')
#12 D:/Website-monitoring/vendor/laravel/framework/src/Illuminate/Container/Container.php(1264): Illuminate/Container/Container->resolveClass(Object(ReflectionParameter), 'Kreait//Firebase...')
#13 D:/Website-monitoring/vendor/laravel/framework/src/Illuminate/Container/Container.php(1187): Illuminate/Container/Container->resolveDependencies(Array)
#14 D:/Website-monitoring/vendor/laravel/framework/src/Illuminate/Container/Container.php(939): Illuminate/Container/Container->build('App//Http//Middle...')
#15 D:/Website-monitoring/vendor/laravel/framework/src/Illuminate/Foundation/Application.php(1085): Illuminate/Container/Container->resolve('App//Http//Middle...', Array, true)
#16 D:/Website-monitoring/vendor/laravel/framework/src/Illuminate/Container/Container.php(867): Illuminate/Foundation/Application->resolve('App//Http//Middle...', Array)
#17 D:/Website-monitoring/vendor/laravel/framework/src/Illuminate/Foundation/Application.php(1065): Illuminate/Container/Container->make('App//Http//Middle...', Array)
#18 D:/Website-monitoring/vendor/laravel/framework/src/Illuminate/Pipeline/Pipeline.php(208): Illuminate/Foundation/Application->make('App//Http//Middle...')
#19 D:/Website-monitoring/vendor/laravel/framework/src/Illuminate/Routing/Middleware/SubstituteBindings.php(52): Illuminate/Pipeline/Pipeline->{closure:{closure:Illuminate/Pipeline/Pipeline::carry():194}:195}(Object(Illuminate/Http/Request))
#20 D:/Website-monitoring/vendor/laravel/framework/src/Illuminate/Pipeline/Pipeline.php(219): Illuminate/Routing/Middleware/SubstituteBindings->handle(Object(Illuminate/Http/Request), Object(Closure))
#21 D:/Website-monitoring/vendor/laravel/framework/src/Illuminate/Pipeline/Pipeline.php(137): Illuminate/Pipeline/Pipeline->{closure:{closure:Illuminate/Pipeline/Pipeline::carry():194}:195}(Object(Illuminate/Http/Request))
#22 D:/Website-monitoring/vendor/laravel/framework/src/Illuminate/Routing/Router.php(821): Illuminate/Pipeline/Pipeline->then(Object(Closure))
#23 D:/Website-monitoring/vendor/laravel/framework/src/Illuminate/Routing/Router.php(800): Illuminate/Routing/Router->runRouteWithinStack(Object(Illuminate/Routing/Route), Object(Illuminate/Http/Request))
#24 D:/Website-monitoring/vendor/laravel/framework/src/Illuminate/Routing/Router.php(764): Illuminate/Routing/Router->runRoute(Object(Illuminate/Http/Request), Object(Illuminate/Routing/Route))
#25 D:/Website-monitoring/vendor/laravel/framework/src/Illuminate/Routing/Router.php(753): Illuminate/Routing/Router->dispatchToRoute(Object(Illuminate/Http/Request))
#26 D:/Website-monitoring/vendor/laravel/framework/src/Illuminate/Foundation/Http/Kernel.php(200): Illuminate/Routing/Router->dispatch(Object(Illuminate/Http/Request))
#27 D:/Website-monitoring/vendor/laravel/framework/src/Illuminate/Pipeline/Pipeline.php(180): Illuminate/Foundation/Http/Kernel->{closure:Illuminate/Foundation/Http/Kernel::dispatchToRouter():197}(Object(Illuminate/Http/Request))
#28 D:/Website-monitoring/app/Http/Middleware/SecurityHeaders.php(14): Illuminate/Pipeline/Pipeline->{closure:Illuminate/Pipeline/Pipeline::prepareDestination():178}(Object(Illuminate/Http/Request))
#29 D:/Website-monitoring/vendor/laravel/framework/src/Illuminate/Pipeline/Pipeline.php(219): App/Http/Middleware/SecurityHeaders->handle(Object(Illuminate/Http/Request), Object(Closure))
#30 D:/Website-monitoring/vendor/laravel/framework/src/Illuminate/Foundation/Http/Middleware/TransformsRequest.php(21): Illuminate/Pipeline/Pipeline->{closure:{closure:Illuminate/Pipeline/Pipeline::carry():194}:195}(Object(Illuminate/Http/Request))
#31 D:/Website-monitoring/vendor/laravel/framework/src/Illuminate/Foundation/Http/Middleware/ConvertEmptyStringsToNull.php(31): Illuminate/Foundation/Http/Middleware/TransformsRequest->handle(Object(Illuminate/Http/Request), Object(Closure))
#32 D:/Website-monitoring/vendor/laravel/framework/src/Illuminate/Pipeline/Pipeline.php(219): Illuminate/Foundation/Http/Middleware/ConvertEmptyStringsToNull->handle(Object(Illuminate/Http/Request), Object(Closure))
#33 D:/Website-monitoring/vendor/laravel/framework/src/Illuminate/Foundation/Http/Middleware/TransformsRequest.php(21): Illuminate/Pipeline/Pipeline->{closure:{closure:Illuminate/Pipeline/Pipeline::carry():194}:195}(Object(Illuminate/Http/Request))
#34 D:/Website-monitoring/vendor/laravel/framework/src/Illuminate/Foundation/Http/Middleware/TrimStrings.php(51): Illuminate/Foundation/Http/Middleware/TransformsRequest->handle(Object(Illuminate/Http/Request), Object(Closure))
#35 D:/Website-monitoring/vendor/laravel/framework/src/Illuminate/Pipeline/Pipeline.php(219): Illuminate/Foundation/Http/Middleware/TrimStrings->handle(Object(Illuminate/Http/Request), Object(Closure))
#36 D:/Website-monitoring/vendor/laravel/framework/src/Illuminate/Http/Middleware/ValidatePostSize.php(27): Illuminate/Pipeline/Pipeline->{closure:{closure:Illuminate/Pipeline/Pipeline::carry():194}:195}(Object(Illuminate/Http/Request))
#37 D:/Website-monitoring/vendor/laravel/framework/src/Illuminate/Pipeline/Pipeline.php(219): Illuminate/Http/Middleware/ValidatePostSize->handle(Object(Illuminate/Http/Request), Object(Closure))
#38 D:/Website-monitoring/vendor/laravel/framework/src/Illuminate/Foundation/Http/Middleware/PreventRequestsDuringMaintenance.php(110): Illuminate/Pipeline/Pipeline->{closure:{closure:Illuminate/Pipeline/Pipeline::carry():194}:195}(Object(Illuminate/Http/Request))
#39 D:/Website-monitoring/vendor/laravel/framework/src/Illuminate/Pipeline/Pipeline.php(219): Illuminate/Foundation/Http/Middleware/PreventRequestsDuringMaintenance->handle(Object(Illuminate/Http/Request), Object(Closure))
#40 D:/Website-monitoring/vendor/laravel/framework/src/Illuminate/Http/Middleware/HandleCors.php(74): Illuminate/Pipeline/Pipeline->{closure:{closure:Illuminate/Pipeline/Pipeline::carry():194}:195}(Object(Illuminate/Http/Request))
#41 D:/Website-monitoring/vendor/laravel/framework/src/Illuminate/Pipeline/Pipeline.php(219): Illuminate/Http/Middleware/HandleCors->handle(Object(Illuminate/Http/Request), Object(Closure))
#42 D:/Website-monitoring/vendor/laravel/framework/src/Illuminate/Http/Middleware/TrustProxies.php(58): Illuminate/Pipeline/Pipeline->{closure:{closure:Illuminate/Pipeline/Pipeline::carry():194}:195}(Object(Illuminate/Http/Request))
#43 D:/Website-monitoring/vendor/laravel/framework/src/Illuminate/Pipeline/Pipeline.php(219): Illuminate/Http/Middleware/TrustProxies->handle(Object(Illuminate/Http/Request), Object(Closure))
#44 D:/Website-monitoring/vendor/laravel/framework/src/Illuminate/Foundation/Http/Middleware/InvokeDeferredCallbacks.php(22): Illuminate/Pipeline/Pipeline->{closure:{closure:Illuminate/Pipeline/Pipeline::carry():194}:195}(Object(Illuminate/Http/Request))
#45 D:/Website-monitoring/vendor/laravel/framework/src/Illuminate/Pipeline/Pipeline.php(219): Illuminate/Foundation/Http/Middleware/InvokeDeferredCallbacks->handle(Object(Illuminate/Http/Request), Object(Closure))
#46 D:/Website-monitoring/vendor/laravel/framework/src/Illuminate/Http/Middleware/ValidatePathEncoding.php(28): Illuminate/Pipeline/Pipeline->{closure:{closure:Illuminate/Pipeline/Pipeline::carry():194}:195}(Object(Illuminate/Http/Request))
#47 D:/Website-monitoring/vendor/laravel/framework/src/Illuminate/Pipeline/Pipeline.php(219): Illuminate/Http/Middleware/ValidatePathEncoding->handle(Object(Illuminate/Http/Request), Object(Closure))
#48 D:/Website-monitoring/vendor/laravel/framework/src/Illuminate/Pipeline/Pipeline.php(137): Illuminate/Pipeline/Pipeline->{closure:{closure:Illuminate/Pipeline/Pipeline::carry():194}:195}(Object(Illuminate/Http/Request))
#49 D:/Website-monitoring/vendor/laravel/framework/src/Illuminate/Foundation/Http/Kernel.php(175): Illuminate/Pipeline/Pipeline->then(Object(Closure))
#50 D:/Website-monitoring/vendor/laravel/framework/src/Illuminate/Foundation/Http/Kernel.php(144): Illuminate/Foundation/Http/Kernel->sendRequestThroughRouter(Object(Illuminate/Http/Request))
#51 D:/Website-monitoring/vendor/laravel/framework/src/Illuminate/Foundation/Application.php(1227): Illuminate/Foundation/Http/Kernel->handle(Object(Illuminate/Http/Request))
#52 D:/Website-monitoring/public/index.php(20): Illuminate/Foundation/Application->handleRequest(Object(Illuminate/Http/Request))
#53 D:/Website-monitoring/vendor/laravel/framework/src/Illuminate/Foundation/resources/server.php(23): require_once('D://Website-moni...')
#54 {main}

[previous exception] [object] (RuntimeException(code: 0): SplFileObject::__construct(D:\\Website-monitoring\\storage/app/firebase/service-account.json): Failed to open stream: No such file or directory at D:/Website-monitoring/vendor/kreait/firebase-php/src/Valinor/Source.php:55)
[stacktrace]
#0 D:/Website-monitoring/vendor/kreait/firebase-php/src/Valinor/Source.php(55): SplFileObject->__construct('D://Website-moni...')
#1 D:/Website-monitoring/vendor/kreait/firebase-php/src/Valinor/Source.php(40): Kreait/Firebase/Valinor/Source::file('D://Website-moni...')
#2 D:/Website-monitoring/vendor/kreait/firebase-php/src/Factory.php(666): Kreait/Firebase/Valinor/Source::parse('D://Website-moni...')
#3 D:/Website-monitoring/vendor/kreait/firebase-php/src/Factory.php(146): Kreait/Firebase/Factory->mapServiceAccount('D://Website-moni...')
#4 D:/Website-monitoring/vendor/kreait/laravel-firebase/src/FirebaseProjectManager.php(75): Kreait/Firebase/Factory->withServiceAccount(Object(SensitiveParameterValue))
#5 D:/Website-monitoring/vendor/kreait/laravel-firebase/src/FirebaseProjectManager.php(35): Kreait/Laravel/Firebase/FirebaseProjectManager->configure('app')
#6 D:/Website-monitoring/vendor/kreait/laravel-firebase/src/ServiceProvider.php(38): Kreait/Laravel/Firebase/FirebaseProjectManager->project()
#7 D:/Website-monitoring/vendor/laravel/framework/src/Illuminate/Container/Container.php(1140): Kreait/Laravel/Firebase/ServiceProvider::{closure:Kreait/Laravel/Firebase/ServiceProvider::registerComponents():38}(Object(Illuminate/Foundation/Application), Array)
#8 D:/Website-monitoring/vendor/laravel/framework/src/Illuminate/Container/Container.php(939): Illuminate/Container/Container->build(Object(Closure))
#9 D:/Website-monitoring/vendor/laravel/framework/src/Illuminate/Foundation/Application.php(1085): Illuminate/Container/Container->resolve('Kreait//Firebase...', Array, true)
#10 D:/Website-monitoring/vendor/laravel/framework/src/Illuminate/Container/Container.php(867): Illuminate/Foundation/Application->resolve('Kreait//Firebase...', Array)
#11 D:/Website-monitoring/vendor/laravel/framework/src/Illuminate/Foundation/Application.php(1065): Illuminate/Container/Container->make('Kreait//Firebase...', Array)
#12 D:/Website-monitoring/vendor/laravel/framework/src/Illuminate/Container/Container.php(1363): Illuminate/Foundation/Application->make('Kreait//Firebase...')
#13 D:/Website-monitoring/vendor/laravel/framework/src/Illuminate/Container/Container.php(1264): Illuminate/Container/Container->resolveClass(Object(ReflectionParameter), 'Kreait//Firebase...')
#14 D:/Website-monitoring/vendor/laravel/framework/src/Illuminate/Container/Container.php(1187): Illuminate/Container/Container->resolveDependencies(Array)
#15 D:/Website-monitoring/vendor/laravel/framework/src/Illuminate/Container/Container.php(939): Illuminate/Container/Container->build('App//Http//Middle...')
#16 D:/Website-monitoring/vendor/laravel/framework/src/Illuminate/Foundation/Application.php(1085): Illuminate/Container/Container->resolve('App//Http//Middle...', Array, true)
#17 D:/Website-monitoring/vendor/laravel/framework/src/Illuminate/Container/Container.php(867): Illuminate/Foundation/Application->resolve('App//Http//Middle...', Array)
#18 D:/Website-monitoring/vendor/laravel/framework/src/Illuminate/Foundation/Application.php(1065): Illuminate/Container/Container->make('App//Http//Middle...', Array)
#19 D:/Website-monitoring/vendor/laravel/framework/src/Illuminate/Pipeline/Pipeline.php(208): Illuminate/Foundation/Application->make('App//Http//Middle...')
#20 D:/Website-monitoring/vendor/laravel/framework/src/Illuminate/Routing/Middleware/SubstituteBindings.php(52): Illuminate/Pipeline/Pipeline->{closure:{closure:Illuminate/Pipeline/Pipeline::carry():194}:195}(Object(Illuminate/Http/Request))
#21 D:/Website-monitoring/vendor/laravel/framework/src/Illuminate/Pipeline/Pipeline.php(219): Illuminate/Routing/Middleware/SubstituteBindings->handle(Object(Illuminate/Http/Request), Object(Closure))
#22 D:/Website-monitoring/vendor/laravel/framework/src/Illuminate/Pipeline/Pipeline.php(137): Illuminate/Pipeline/Pipeline->{closure:{closure:Illuminate/Pipeline/Pipeline::carry():194}:195}(Object(Illuminate/Http/Request))
#23 D:/Website-monitoring/vendor/laravel/framework/src/Illuminate/Routing/Router.php(821): Illuminate/Pipeline/Pipeline->then(Object(Closure))
#24 D:/Website-monitoring/vendor/laravel/framework/src/Illuminate/Routing/Router.php(800): Illuminate/Routing/Router->runRouteWithinStack(Object(Illuminate/Routing/Route), Object(Illuminate/Http/Request))
#25 D:/Website-monitoring/vendor/laravel/framework/src/Illuminate/Routing/Router.php(764): Illuminate/Routing/Router->runRoute(Object(Illuminate/Http/Request), Object(Illuminate/Routing/Route))
#26 D:/Website-monitoring/vendor/laravel/framework/src/Illuminate/Routing/Router.php(753): Illuminate/Routing/Router->dispatchToRoute(Object(Illuminate/Http/Request))
#27 D:/Website-monitoring/vendor/laravel/framework/src/Illuminate/Foundation/Http/Kernel.php(200): Illuminate/Routing/Router->dispatch(Object(Illuminate/Http/Request))
#28 D:/Website-monitoring/vendor/laravel/framework/src/Illuminate/Pipeline/Pipeline.php(180): Illuminate/Foundation/Http/Kernel->{closure:Illuminate/Foundation/Http/Kernel::dispatchToRouter():197}(Object(Illuminate/Http/Request))
#29 D:/Website-monitoring/app/Http/Middleware/SecurityHeaders.php(14): Illuminate/Pipeline/Pipeline->{closure:Illuminate/Pipeline/Pipeline::prepareDestination():178}(Object(Illuminate/Http/Request))
#30 D:/Website-monitoring/vendor/laravel/framework/src/Illuminate/Pipeline/Pipeline.php(219): App/Http/Middleware/SecurityHeaders->handle(Object(Illuminate/Http/Request), Object(Closure))
#31 D:/Website-monitoring/vendor/laravel/framework/src/Illuminate/Foundation/Http/Middleware/TransformsRequest.php(21): Illuminate/Pipeline/Pipeline->{closure:{closure:Illuminate/Pipeline/Pipeline::carry():194}:195}(Object(Illuminate/Http/Request))
#32 D:/Website-monitoring/vendor/laravel/framework/src/Illuminate/Foundation/Http/Middleware/ConvertEmptyStringsToNull.php(31): Illuminate/Foundation/Http/Middleware/TransformsRequest->handle(Object(Illuminate/Http/Request), Object(Closure))
#33 D:/Website-monitoring/vendor/laravel/framework/src/Illuminate/Pipeline/Pipeline.php(219): Illuminate/Foundation/Http/Middleware/ConvertEmptyStringsToNull->handle(Object(Illuminate/Http/Request), Object(Closure))
#34 D:/Website-monitoring/vendor/laravel/framework/src/Illuminate/Foundation/Http/Middleware/TransformsRequest.php(21): Illuminate/Pipeline/Pipeline->{closure:{closure:Illuminate/Pipeline/Pipeline::carry():194}:195}(Object(Illuminate/Http/Request))
#35 D:/Website-monitoring/vendor/laravel/framework/src/Illuminate/Foundation/Http/Middleware/TrimStrings.php(51): Illuminate/Foundation/Http/Middleware/TransformsRequest->handle(Object(Illuminate/Http/Request), Object(Closure))
#36 D:/Website-monitoring/vendor/laravel/framework/src/Illuminate/Pipeline/Pipeline.php(219): Illuminate/Foundation/Http/Middleware/TrimStrings->handle(Object(Illuminate/Http/Request), Object(Closure))
#37 D:/Website-monitoring/vendor/laravel/framework/src/Illuminate/Http/Middleware/ValidatePostSize.php(27): Illuminate/Pipeline/Pipeline->{closure:{closure:Illuminate/Pipeline/Pipeline::carry():194}:195}(Object(Illuminate/Http/Request))
#38 D:/Website-monitoring/vendor/laravel/framework/src/Illuminate/Pipeline/Pipeline.php(219): Illuminate/Http/Middleware/ValidatePostSize->handle(Object(Illuminate/Http/Request), Object(Closure))
#39 D:/Website-monitoring/vendor/laravel/framework/src/Illuminate/Foundation/Http/Middleware/PreventRequestsDuringMaintenance.php(110): Illuminate/Pipeline/Pipeline->{closure:{closure:Illuminate/Pipeline/Pipeline::carry():194}:195}(Object(Illuminate/Http/Request))
#40 D:/Website-monitoring/vendor/laravel/framework/src/Illuminate/Pipeline/Pipeline.php(219): Illuminate/Foundation/Http/Middleware/PreventRequestsDuringMaintenance->handle(Object(Illuminate/Http/Request), Object(Closure))
#41 D:/Website-monitoring/vendor/laravel/framework/src/Illuminate/Http/Middleware/HandleCors.php(74): Illuminate/Pipeline/Pipeline->{closure:{closure:Illuminate/Pipeline/Pipeline::carry():194}:195}(Object(Illuminate/Http/Request))
#42 D:/Website-monitoring/vendor/laravel/framework/src/Illuminate/Pipeline/Pipeline.php(219): Illuminate/Http/Middleware/HandleCors->handle(Object(Illuminate/Http/Request), Object(Closure))
#43 D:/Website-monitoring/vendor/laravel/framework/src/Illuminate/Http/Middleware/TrustProxies.php(58): Illuminate/Pipeline/Pipeline->{closure:{closure:Illuminate/Pipeline/Pipeline::carry():194}:195}(Object(Illuminate/Http/Request))
#44 D:/Website-monitoring/vendor/laravel/framework/src/Illuminate/Pipeline/Pipeline.php(219): Illuminate/Http/Middleware/TrustProxies->handle(Object(Illuminate/Http/Request), Object(Closure))
#45 D:/Website-monitoring/vendor/laravel/framework/src/Illuminate/Foundation/Http/Middleware/InvokeDeferredCallbacks.php(22): Illuminate/Pipeline/Pipeline->{closure:{closure:Illuminate/Pipeline/Pipeline::carry():194}:195}(Object(Illuminate/Http/Request))
#46 D:/Website-monitoring/vendor/laravel/framework/src/Illuminate/Pipeline/Pipeline.php(219): Illuminate/Foundation/Http/Middleware/InvokeDeferredCallbacks->handle(Object(Illuminate/Http/Request), Object(Closure))
#47 D:/Website-monitoring/vendor/laravel/framework/src/Illuminate/Http/Middleware/ValidatePathEncoding.php(28): Illuminate/Pipeline/Pipeline->{closure:{closure:Illuminate/Pipeline/Pipeline::carry():194}:195}(Object(Illuminate/Http/Request))
#48 D:/Website-monitoring/vendor/laravel/framework/src/Illuminate/Pipeline/Pipeline.php(219): Illuminate/Http/Middleware/ValidatePathEncoding->handle(Object(Illuminate/Http/Request), Object(Closure))
#49 D:/Website-monitoring/vendor/laravel/framework/src/Illuminate/Pipeline/Pipeline.php(137): Illuminate/Pipeline/Pipeline->{closure:{closure:Illuminate/Pipeline/Pipeline::carry():194}:195}(Object(Illuminate/Http/Request))
#50 D:/Website-monitoring/vendor/laravel/framework/src/Illuminate/Foundation/Http/Kernel.php(175): Illuminate/Pipeline/Pipeline->then(Object(Closure))
#51 D:/Website-monitoring/vendor/laravel/framework/src/Illuminate/Foundation/Http/Kernel.php(144): Illuminate/Foundation/Http/Kernel->sendRequestThroughRouter(Object(Illuminate/Http/Request))
#52 D:/Website-monitoring/vendor/laravel/framework/src/Illuminate/Foundation/Application.php(1227): Illuminate/Foundation/Http/Kernel->handle(Object(Illuminate/Http/Request))
#53 D:/Website-monitoring/public/index.php(20): Illuminate/Foundation/Application->handleRequest(Object(Illuminate/Http/Request))
#54 D:/Website-monitoring/vendor/laravel/framework/src/Illuminate/Foundation/resources/server.php(23): require_once('D://Website-moni...')
#55 {main}
"} 
[2026-09-14 02:27:43] local.ERROR: SplFileObject::__construct(D:\Website-monitoring\storage/app/firebase/service-account.json): Failed to open stream: No such file or directory {"exception":"[object] (Kreait\\Firebase\\Exception\\InvalidArgumentException(code: 0): SplFileObject::__construct(D:\\Website-monitoring\\storage/app/firebase/service-account.json): Failed to open stream: No such file or directory at D:/Website-monitoring/vendor/kreait/firebase-php/src/Valinor/Source.php:57)
[stacktrace]
#0 D:/Website-monitoring/vendor/kreait/firebase-php/src/Valinor/Source.php(40): Kreait/Firebase/Valinor/Source::file('D://Website-moni...')
#1 D:/Website-monitoring/vendor/kreait/firebase-php/src/Factory.php(666): Kreait/Firebase/Valinor/Source::parse('D://Website-moni...')
#2 D:/Website-monitoring/vendor/kreait/firebase-php/src/Factory.php(146): Kreait/Firebase/Factory->mapServiceAccount('D://Website-moni...')
#3 D:/Website-monitoring/vendor/kreait/laravel-firebase/src/FirebaseProjectManager.php(75): Kreait/Firebase/Factory->withServiceAccount(Object(SensitiveParameterValue))
#4 D:/Website-monitoring/vendor/kreait/laravel-firebase/src/FirebaseProjectManager.php(35): Kreait/Laravel/Firebase/FirebaseProjectManager->configure('app')
#5 D:/Website-monitoring/vendor/kreait/laravel-firebase/src/ServiceProvider.php(38): Kreait/Laravel/Firebase/FirebaseProjectManager->project()
#6 D:/Website-monitoring/vendor/laravel/framework/src/Illuminate/Container/Container.php(1140): Kreait/Laravel/Firebase/ServiceProvider::{closure:Kreait/Laravel/Firebase/ServiceProvider::registerComponents():38}(Object(Illuminate/Foundation/Application), Array)
#7 D:/Website-monitoring/vendor/laravel/framework/src/Illuminate/Container/Container.php(939): Illuminate/Container/Container->build(Object(Closure))
#8 D:/Website-monitoring/vendor/laravel/framework/src/Illuminate/Foundation/Application.php(1085): Illuminate/Container/Container->resolve('Kreait//Firebase...', Array, true)
#9 D:/Website-monitoring/vendor/laravel/framework/src/Illuminate/Container/Container.php(867): Illuminate/Foundation/Application->resolve('Kreait//Firebase...', Array)
#10 D:/Website-monitoring/vendor/laravel/framework/src/Illuminate/Foundation/Application.php(1065): Illuminate/Container/Container->make('Kreait//Firebase...', Array)
#11 D:/Website-monitoring/vendor/laravel/framework/src/Illuminate/Container/Container.php(1363): Illuminate/Foundation/Application->make('Kreait//Firebase...')
#12 D:/Website-monitoring/vendor/laravel/framework/src/Illuminate/Container/Container.php(1264): Illuminate/Container/Container->resolveClass(Object(ReflectionParameter), 'Kreait//Firebase...')
#13 D:/Website-monitoring/vendor/laravel/framework/src/Illuminate/Container/Container.php(1187): Illuminate/Container/Container->resolveDependencies(Array)
#14 D:/Website-monitoring/vendor/laravel/framework/src/Illuminate/Container/Container.php(939): Illuminate/Container/Container->build('App//Http//Middle...')
#15 D:/Website-monitoring/vendor/laravel/framework/src/Illuminate/Foundation/Application.php(1085): Illuminate/Container/Container->resolve('App//Http//Middle...', Array, true)
#16 D:/Website-monitoring/vendor/laravel/framework/src/Illuminate/Container/Container.php(867): Illuminate/Foundation/Application->resolve('App//Http//Middle...', Array)
#17 D:/Website-monitoring/vendor/laravel/framework/src/Illuminate/Foundation/Application.php(1065): Illuminate/Container/Container->make('App//Http//Middle...', Array)
#18 D:/Website-monitoring/vendor/laravel/framework/src/Illuminate/Foundation/Http/Kernel.php(257): Illuminate/Foundation/Application->make('App//Http//Middle...')
#19 D:/Website-monitoring/vendor/laravel/framework/src/Illuminate/Foundation/Http/Kernel.php(215): Illuminate/Foundation/Http/Kernel->terminateMiddleware(Object(Illuminate/Http/Request), Object(Illuminate/Http/JsonResponse))
#20 D:/Website-monitoring/vendor/laravel/framework/src/Illuminate/Foundation/Application.php(1229): Illuminate/Foundation/Http/Kernel->terminate(Object(Illuminate/Http/Request), Object(Illuminate/Http/JsonResponse))
#21 D:/Website-monitoring/public/index.php(20): Illuminate/Foundation/Application->handleRequest(Object(Illuminate/Http/Request))
#22 D:/Website-monitoring/vendor/laravel/framework/src/Illuminate/Foundation/resources/server.php(23): require_once('D://Website-moni...')
#23 {main}

[previous exception] [object] (RuntimeException(code: 0): SplFileObject::__construct(D:\\Website-monitoring\\storage/app/firebase/service-account.json): Failed to open stream: No such file or directory at D:/Website-monitoring/vendor/kreait/firebase-php/src/Valinor/Source.php:55)
[stacktrace]
#0 D:/Website-monitoring/vendor/kreait/firebase-php/src/Valinor/Source.php(55): SplFileObject->__construct('D://Website-moni...')
#1 D:/Website-monitoring/vendor/kreait/firebase-php/src/Valinor/Source.php(40): Kreait/Firebase/Valinor/Source::file('D://Website-moni...')
#2 D:/Website-monitoring/vendor/kreait/firebase-php/src/Factory.php(666): Kreait/Firebase/Valinor/Source::parse('D://Website-moni...')
#3 D:/Website-monitoring/vendor/kreait/firebase-php/src/Factory.php(146): Kreait/Firebase/Factory->mapServiceAccount('D://Website-moni...')
#4 D:/Website-monitoring/vendor/kreait/laravel-firebase/src/FirebaseProjectManager.php(75): Kreait/Firebase/Factory->withServiceAccount(Object(SensitiveParameterValue))
#5 D:/Website-monitoring/vendor/kreait/laravel-firebase/src/FirebaseProjectManager.php(35): Kreait/Laravel/Firebase/FirebaseProjectManager->configure('app')
#6 D:/Website-monitoring/vendor/kreait/laravel-firebase/src/ServiceProvider.php(38): Kreait/Laravel/Firebase/FirebaseProjectManager->project()
#7 D:/Website-monitoring/vendor/laravel/framework/src/Illuminate/Container/Container.php(1140): Kreait/Laravel/Firebase/ServiceProvider::{closure:Kreait/Laravel/Firebase/ServiceProvider::registerComponents():38}(Object(Illuminate/Foundation/Application), Array)
#8 D:/Website-monitoring/vendor/laravel/framework/src/Illuminate/Container/Container.php(939): Illuminate/Container/Container->build(Object(Closure))
#9 D:/Website-monitoring/vendor/laravel/framework/src/Illuminate/Foundation/Application.php(1085): Illuminate/Container/Container->resolve('Kreait//Firebase...', Array, true)
#10 D:/Website-monitoring/vendor/laravel/framework/src/Illuminate/Container/Container.php(867): Illuminate/Foundation/Application->resolve('Kreait//Firebase...', Array)
#11 D:/Website-monitoring/vendor/laravel/framework/src/Illuminate/Foundation/Application.php(1065): Illuminate/Container/Container->make('Kreait//Firebase...', Array)
#12 D:/Website-monitoring/vendor/laravel/framework/src/Illuminate/Container/Container.php(1363): Illuminate/Foundation/Application->make('Kreait//Firebase...')
#13 D:/Website-monitoring/vendor/laravel/framework/src/Illuminate/Container/Container.php(1264): Illuminate/Container/Container->resolveClass(Object(ReflectionParameter), 'Kreait//Firebase...')
#14 D:/Website-monitoring/vendor/laravel/framework/src/Illuminate/Container/Container.php(1187): Illuminate/Container/Container->resolveDependencies(Array)
#15 D:/Website-monitoring/vendor/laravel/framework/src/Illuminate/Container/Container.php(939): Illuminate/Container/Container->build('App//Http//Middle...')
#16 D:/Website-monitoring/vendor/laravel/framework/src/Illuminate/Foundation/Application.php(1085): Illuminate/Container/Container->resolve('App//Http//Middle...', Array, true)
#17 D:/Website-monitoring/vendor/laravel/framework/src/Illuminate/Container/Container.php(867): Illuminate/Foundation/Application->resolve('App//Http//Middle...', Array)
#18 D:/Website-monitoring/vendor/laravel/framework/src/Illuminate/Foundation/Application.php(1065): Illuminate/Container/Container->make('App//Http//Middle...', Array)
#19 D:/Website-monitoring/vendor/laravel/framework/src/Illuminate/Foundation/Http/Kernel.php(257): Illuminate/Foundation/Application->make('App//Http//Middle...')
#20 D:/Website-monitoring/vendor/laravel/framework/src/Illuminate/Foundation/Http/Kernel.php(215): Illuminate/Foundation/Http/Kernel->terminateMiddleware(Object(Illuminate/Http/Request), Object(Illuminate/Http/JsonResponse))
#21 D:/Website-monitoring/vendor/laravel/framework/src/Illuminate/Foundation/Application.php(1229): Illuminate/Foundation/Http/Kernel->terminate(Object(Illuminate/Http/Request), Object(Illuminate/Http/JsonResponse))
#22 D:/Website-monitoring/public/index.php(20): Illuminate/Foundation/Application->handleRequest(Object(Illuminate/Http/Request))
#23 D:/Website-monitoring/vendor/laravel/framework/src/Illuminate/Foundation/resources/server.php(23): require_once('D://Website-moni...')
#24 {main}
"} 
[2026-09-14 02:27:43] local.ERROR: Uncaught ErrorException: Cannot modify header information - headers already sent by (output started at D:\Website-monitoring\vendor\symfony\http-foundation\Response.php:393) in D:\Website-monitoring\vendor\symfony\http-foundation\Response.php:328
Stack trace:
#0 D:\Website-monitoring\vendor\laravel\framework\src\Illuminate\Foundation\Bootstrap\HandleExceptions.php(265): Illuminate\Foundation\Bootstrap\HandleExceptions->handleError(2, 'Cannot modify h...', 'D:\\Website-moni...', 328)
#1 [internal function]: Illuminate\Foundation\Bootstrap\HandleExceptions->{closure:Illuminate\Foundation\Bootstrap\HandleExceptions::forwardsTo():264}(2, 'Cannot modify h...', 'D:\\Website-moni...', 328)
#2 D:\Website-monitoring\vendor\symfony\http-foundation\Response.php(328): header('HTTP/1.0 500 In...', true, 500)
#3 D:\Website-monitoring\vendor\symfony\http-foundation\Response.php(407): Symfony\Component\HttpFoundation\Response->sendHeaders()
#4 D:\Website-monitoring\vendor\laravel\framework\src\Illuminate\Foundation\Bootstrap\HandleExceptions.php(228): Symfony\Component\HttpFoundation\Response->send()
#5 D:\Website-monitoring\vendor\laravel\framework\src\Illuminate\Foundation\Bootstrap\HandleExceptions.php(205): Illuminate\Foundation\Bootstrap\HandleExceptions->renderHttpResponse(Object(Kreait\Firebase\Exception\InvalidArgumentException))
#6 D:\Website-monitoring\vendor\laravel\framework\src\Illuminate\Foundation\Bootstrap\HandleExceptions.php(265): Illuminate\Foundation\Bootstrap\HandleExceptions->handleException(Object(Kreait\Firebase\Exception\InvalidArgumentException))
#7 [internal function]: Illuminate\Foundation\Bootstrap\HandleExceptions->{closure:Illuminate\Foundation\Bootstrap\HandleExceptions::forwardsTo():264}(Object(Kreait\Firebase\Exception\InvalidArgumentException))
#8 {main}
  thrown {"exception":"[object] (Symfony\\Component\\ErrorHandler\\Error\\FatalError(code: 0): Uncaught ErrorException: Cannot modify header information - headers already sent by (output started at D:\\Website-monitoring\\vendor\\symfony\\http-foundation\\Response.php:393) in D:\\Website-monitoring\\vendor\\symfony\\http-foundation\\Response.php:328
Stack trace:
#0 D:\\Website-monitoring\\vendor\\laravel\\framework\\src\\Illuminate\\Foundation\\Bootstrap\\HandleExceptions.php(265): Illuminate\\Foundation\\Bootstrap\\HandleExceptions->handleError(2, 'Cannot modify h...', 'D:\\\\Website-moni...', 328)
#1 [internal function]: Illuminate\\Foundation\\Bootstrap\\HandleExceptions->{closure:Illuminate\\Foundation\\Bootstrap\\HandleExceptions::forwardsTo():264}(2, 'Cannot modify h...', 'D:\\\\Website-moni...', 328)
#2 D:\\Website-monitoring\\vendor\\symfony\\http-foundation\\Response.php(328): header('HTTP/1.0 500 In...', true, 500)
#3 D:\\Website-monitoring\\vendor\\symfony\\http-foundation\\Response.php(407): Symfony\\Component\\HttpFoundation\\Response->sendHeaders()
#4 D:\\Website-monitoring\\vendor\\laravel\\framework\\src\\Illuminate\\Foundation\\Bootstrap\\HandleExceptions.php(228): Symfony\\Component\\HttpFoundation\\Response->send()
#5 D:\\Website-monitoring\\vendor\\laravel\\framework\\src\\Illuminate\\Foundation\\Bootstrap\\HandleExceptions.php(205): Illuminate\\Foundation\\Bootstrap\\HandleExceptions->renderHttpResponse(Object(Kreait\\Firebase\\Exception\\InvalidArgumentException))
#6 D:\\Website-monitoring\\vendor\\laravel\\framework\\src\\Illuminate\\Foundation\\Bootstrap\\HandleExceptions.php(265): Illuminate\\Foundation\\Bootstrap\\HandleExceptions->handleException(Object(Kreait\\Firebase\\Exception\\InvalidArgumentException))
#7 [internal function]: Illuminate\\Foundation\\Bootstrap\\HandleExceptions->{closure:Illuminate\\Foundation\\Bootstrap\\HandleExceptions::forwardsTo():264}(Object(Kreait\\Firebase\\Exception\\InvalidArgumentException))
#8 {main}
  thrown at D:/Website-monitoring/vendor/symfony/http-foundation/Response.php:328)
[stacktrace]
#0 {main}
"} 
[2026-09-14 02:27:53] local.ERROR: SplFileObject::__construct(D:\Website-monitoring\storage/app/firebase/service-account.json): Failed to open stream: No such file or directory {"exception":"[object] (Kreait\\Firebase\\Exception\\InvalidArgumentException(code: 0): SplFileObject::__construct(D:\\Website-monitoring\\storage/app/firebase/service-account.json): Failed to open stream: No such file or directory at D:/Website-monitoring/vendor/kreait/firebase-php/src/Valinor/Source.php:57)
[stacktrace]
#0 D:/Website-monitoring/vendor/kreait/firebase-php/src/Valinor/Source.php(40): Kreait/Firebase/Valinor/Source::file('D://Website-moni...')
#1 D:/Website-monitoring/vendor/kreait/firebase-php/src/Factory.php(666): Kreait/Firebase/Valinor/Source::parse('D://Website-moni...')
#2 D:/Website-monitoring/vendor/kreait/firebase-php/src/Factory.php(146): Kreait/Firebase/Factory->mapServiceAccount('D://Website-moni...')
#3 D:/Website-monitoring/vendor/kreait/laravel-firebase/src/FirebaseProjectManager.php(75): Kreait/Firebase/Factory->withServiceAccount(Object(SensitiveParameterValue))
#4 D:/Website-monitoring/vendor/kreait/laravel-firebase/src/FirebaseProjectManager.php(35): Kreait/Laravel/Firebase/FirebaseProjectManager->configure('app')
#5 D:/Website-monitoring/vendor/kreait/laravel-firebase/src/ServiceProvider.php(38): Kreait/Laravel/Firebase/FirebaseProjectManager->project()
#6 D:/Website-monitoring/vendor/laravel/framework/src/Illuminate/Container/Container.php(1140): Kreait/Laravel/Firebase/ServiceProvider::{closure:Kreait/Laravel/Firebase/ServiceProvider::registerComponents():38}(Object(Illuminate/Foundation/Application), Array)
#7 D:/Website-monitoring/vendor/laravel/framework/src/Illuminate/Container/Container.php(939): Illuminate/Container/Container->build(Object(Closure))
#8 D:/Website-monitoring/vendor/laravel/framework/src/Illuminate/Foundation/Application.php(1085): Illuminate/Container/Container->resolve('Kreait//Firebase...', Array, true)
#9 D:/Website-monitoring/vendor/laravel/framework/src/Illuminate/Container/Container.php(867): Illuminate/Foundation/Application->resolve('Kreait//Firebase...', Array)
#10 D:/Website-monitoring/vendor/laravel/framework/src/Illuminate/Foundation/Application.php(1065): Illuminate/Container/Container->make('Kreait//Firebase...', Array)
#11 D:/Website-monitoring/vendor/laravel/framework/src/Illuminate/Container/Container.php(1363): Illuminate/Foundation/Application->make('Kreait//Firebase...')
#12 D:/Website-monitoring/vendor/laravel/framework/src/Illuminate/Container/Container.php(1264): Illuminate/Container/Container->resolveClass(Object(ReflectionParameter), 'Kreait//Firebase...')
#13 D:/Website-monitoring/vendor/laravel/framework/src/Illuminate/Container/Container.php(1187): Illuminate/Container/Container->resolveDependencies(Array)
#14 D:/Website-monitoring/vendor/laravel/framework/src/Illuminate/Container/Container.php(939): Illuminate/Container/Container->build('App//Http//Middle...')
#15 D:/Website-monitoring/vendor/laravel/framework/src/Illuminate/Foundation/Application.php(1085): Illuminate/Container/Container->resolve('App//Http//Middle...', Array, true)
#16 D:/Website-monitoring/vendor/laravel/framework/src/Illuminate/Container/Container.php(867): Illuminate/Foundation/Application->resolve('App//Http//Middle...', Array)
#17 D:/Website-monitoring/vendor/laravel/framework/src/Illuminate/Foundation/Application.php(1065): Illuminate/Container/Container->make('App//Http//Middle...', Array)
#18 D:/Website-monitoring/vendor/laravel/framework/src/Illuminate/Pipeline/Pipeline.php(208): Illuminate/Foundation/Application->make('App//Http//Middle...')
#19 D:/Website-monitoring/vendor/laravel/framework/src/Illuminate/Routing/Middleware/SubstituteBindings.php(52): Illuminate/Pipeline/Pipeline->{closure:{closure:Illuminate/Pipeline/Pipeline::carry():194}:195}(Object(Illuminate/Http/Request))
#20 D:/Website-monitoring/vendor/laravel/framework/src/Illuminate/Pipeline/Pipeline.php(219): Illuminate/Routing/Middleware/SubstituteBindings->handle(Object(Illuminate/Http/Request), Object(Closure))
#21 D:/Website-monitoring/vendor/laravel/framework/src/Illuminate/Pipeline/Pipeline.php(137): Illuminate/Pipeline/Pipeline->{closure:{closure:Illuminate/Pipeline/Pipeline::carry():194}:195}(Object(Illuminate/Http/Request))
#22 D:/Website-monitoring/vendor/laravel/framework/src/Illuminate/Routing/Router.php(821): Illuminate/Pipeline/Pipeline->then(Object(Closure))
#23 D:/Website-monitoring/vendor/laravel/framework/src/Illuminate/Routing/Router.php(800): Illuminate/Routing/Router->runRouteWithinStack(Object(Illuminate/Routing/Route), Object(Illuminate/Http/Request))
#24 D:/Website-monitoring/vendor/laravel/framework/src/Illuminate/Routing/Router.php(764): Illuminate/Routing/Router->runRoute(Object(Illuminate/Http/Request), Object(Illuminate/Routing/Route))
#25 D:/Website-monitoring/vendor/laravel/framework/src/Illuminate/Routing/Router.php(753): Illuminate/Routing/Router->dispatchToRoute(Object(Illuminate/Http/Request))
#26 D:/Website-monitoring/vendor/laravel/framework/src/Illuminate/Foundation/Http/Kernel.php(200): Illuminate/Routing/Router->dispatch(Object(Illuminate/Http/Request))
#27 D:/Website-monitoring/vendor/laravel/framework/src/Illuminate/Pipeline/Pipeline.php(180): Illuminate/Foundation/Http/Kernel->{closure:Illuminate/Foundation/Http/Kernel::dispatchToRouter():197}(Object(Illuminate/Http/Request))
#28 D:/Website-monitoring/app/Http/Middleware/SecurityHeaders.php(14): Illuminate/Pipeline/Pipeline->{closure:Illuminate/Pipeline/Pipeline::prepareDestination():178}(Object(Illuminate/Http/Request))
#29 D:/Website-monitoring/vendor/laravel/framework/src/Illuminate/Pipeline/Pipeline.php(219): App/Http/Middleware/SecurityHeaders->handle(Object(Illuminate/Http/Request), Object(Closure))
#30 D:/Website-monitoring/vendor/laravel/framework/src/Illuminate/Foundation/Http/Middleware/TransformsRequest.php(21): Illuminate/Pipeline/Pipeline->{closure:{closure:Illuminate/Pipeline/Pipeline::carry():194}:195}(Object(Illuminate/Http/Request))
#31 D:/Website-monitoring/vendor/laravel/framework/src/Illuminate/Foundation/Http/Middleware/ConvertEmptyStringsToNull.php(31): Illuminate/Foundation/Http/Middleware/TransformsRequest->handle(Object(Illuminate/Http/Request), Object(Closure))
#32 D:/Website-monitoring/vendor/laravel/framework/src/Illuminate/Pipeline/Pipeline.php(219): Illuminate/Foundation/Http/Middleware/ConvertEmptyStringsToNull->handle(Object(Illuminate/Http/Request), Object(Closure))
#33 D:/Website-monitoring/vendor/laravel/framework/src/Illuminate/Foundation/Http/Middleware/TransformsRequest.php(21): Illuminate/Pipeline/Pipeline->{closure:{closure:Illuminate/Pipeline/Pipeline::carry():194}:195}(Object(Illuminate/Http/Request))
#34 D:/Website-monitoring/vendor/laravel/framework/src/Illuminate/Foundation/Http/Middleware/TrimStrings.php(51): Illuminate/Foundation/Http/Middleware/TransformsRequest->handle(Object(Illuminate/Http/Request), Object(Closure))
#35 D:/Website-monitoring/vendor/laravel/framework/src/Illuminate/Pipeline/Pipeline.php(219): Illuminate/Foundation/Http/Middleware/TrimStrings->handle(Object(Illuminate/Http/Request), Object(Closure))
#36 D:/Website-monitoring/vendor/laravel/framework/src/Illuminate/Http/Middleware/ValidatePostSize.php(27): Illuminate/Pipeline/Pipeline->{closure:{closure:Illuminate/Pipeline/Pipeline::carry():194}:195}(Object(Illuminate/Http/Request))
#37 D:/Website-monitoring/vendor/laravel/framework/src/Illuminate/Pipeline/Pipeline.php(219): Illuminate/Http/Middleware/ValidatePostSize->handle(Object(Illuminate/Http/Request), Object(Closure))
#38 D:/Website-monitoring/vendor/laravel/framework/src/Illuminate/Foundation/Http/Middleware/PreventRequestsDuringMaintenance.php(110): Illuminate/Pipeline/Pipeline->{closure:{closure:Illuminate/Pipeline/Pipeline::carry():194}:195}(Object(Illuminate/Http/Request))
#39 D:/Website-monitoring/vendor/laravel/framework/src/Illuminate/Pipeline/Pipeline.php(219): Illuminate/Foundation/Http/Middleware/PreventRequestsDuringMaintenance->handle(Object(Illuminate/Http/Request), Object(Closure))
#40 D:/Website-monitoring/vendor/laravel/framework/src/Illuminate/Http/Middleware/HandleCors.php(74): Illuminate/Pipeline/Pipeline->{closure:{closure:Illuminate/Pipeline/Pipeline::carry():194}:195}(Object(Illuminate/Http/Request))
#41 D:/Website-monitoring/vendor/laravel/framework/src/Illuminate/Pipeline/Pipeline.php(219): Illuminate/Http/Middleware/HandleCors->handle(Object(Illuminate/Http/Request), Object(Closure))
#42 D:/Website-monitoring/vendor/laravel/framework/src/Illuminate/Http/Middleware/TrustProxies.php(58): Illuminate/Pipeline/Pipeline->{closure:{closure:Illuminate/Pipeline/Pipeline::carry():194}:195}(Object(Illuminate/Http/Request))
#43 D:/Website-monitoring/vendor/laravel/framework/src/Illuminate/Pipeline/Pipeline.php(219): Illuminate/Http/Middleware/TrustProxies->handle(Object(Illuminate/Http/Request), Object(Closure))
#44 D:/Website-monitoring/vendor/laravel/framework/src/Illuminate/Foundation/Http/Middleware/InvokeDeferredCallbacks.php(22): Illuminate/Pipeline/Pipeline->{closure:{closure:Illuminate/Pipeline/Pipeline::carry():194}:195}(Object(Illuminate/Http/Request))
#45 D:/Website-monitoring/vendor/laravel/framework/src/Illuminate/Pipeline/Pipeline.php(219): Illuminate/Foundation/Http/Middleware/InvokeDeferredCallbacks->handle(Object(Illuminate/Http/Request), Object(Closure))
#46 D:/Website-monitoring/vendor/laravel/framework/src/Illuminate/Http/Middleware/ValidatePathEncoding.php(28): Illuminate/Pipeline/Pipeline->{closure:{closure:Illuminate/Pipeline/Pipeline::carry():194}:195}(Object(Illuminate/Http/Request))
#47 D:/Website-monitoring/vendor/laravel/framework/src/Illuminate/Pipeline/Pipeline.php(219): Illuminate/Http/Middleware/ValidatePathEncoding->handle(Object(Illuminate/Http/Request), Object(Closure))
#48 D:/Website-monitoring/vendor/laravel/framework/src/Illuminate/Pipeline/Pipeline.php(137): Illuminate/Pipeline/Pipeline->{closure:{closure:Illuminate/Pipeline/Pipeline::carry():194}:195}(Object(Illuminate/Http/Request))
#49 D:/Website-monitoring/vendor/laravel/framework/src/Illuminate/Foundation/Http/Kernel.php(175): Illuminate/Pipeline/Pipeline->then(Object(Closure))
#50 D:/Website-monitoring/vendor/laravel/framework/src/Illuminate/Foundation/Http/Kernel.php(144): Illuminate/Foundation/Http/Kernel->sendRequestThroughRouter(Object(Illuminate/Http/Request))
#51 D:/Website-monitoring/vendor/laravel/framework/src/Illuminate/Foundation/Application.php(1227): Illuminate/Foundation/Http/Kernel->handle(Object(Illuminate/Http/Request))
#52 D:/Website-monitoring/public/index.php(20): Illuminate/Foundation/Application->handleRequest(Object(Illuminate/Http/Request))
#53 D:/Website-monitoring/vendor/laravel/framework/src/Illuminate/Foundation/resources/server.php(23): require_once('D://Website-moni...')
#54 {main}

[previous exception] [object] (RuntimeException(code: 0): SplFileObject::__construct(D:\\Website-monitoring\\storage/app/firebase/service-account.json): Failed to open stream: No such file or directory at D:/Website-monitoring/vendor/kreait/firebase-php/src/Valinor/Source.php:55)
[stacktrace]
#0 D:/Website-monitoring/vendor/kreait/firebase-php/src/Valinor/Source.php(55): SplFileObject->__construct('D://Website-moni...')
#1 D:/Website-monitoring/vendor/kreait/firebase-php/src/Valinor/Source.php(40): Kreait/Firebase/Valinor/Source::file('D://Website-moni...')
#2 D:/Website-monitoring/vendor/kreait/firebase-php/src/Factory.php(666): Kreait/Firebase/Valinor/Source::parse('D://Website-moni...')
#3 D:/Website-monitoring/vendor/kreait/firebase-php/src/Factory.php(146): Kreait/Firebase/Factory->mapServiceAccount('D://Website-moni...')
#4 D:/Website-monitoring/vendor/kreait/laravel-firebase/src/FirebaseProjectManager.php(75): Kreait/Firebase/Factory->withServiceAccount(Object(SensitiveParameterValue))
#5 D:/Website-monitoring/vendor/kreait/laravel-firebase/src/FirebaseProjectManager.php(35): Kreait/Laravel/Firebase/FirebaseProjectManager->configure('app')
#6 D:/Website-monitoring/vendor/kreait/laravel-firebase/src/ServiceProvider.php(38): Kreait/Laravel/Firebase/FirebaseProjectManager->project()
#7 D:/Website-monitoring/vendor/laravel/framework/src/Illuminate/Container/Container.php(1140): Kreait/Laravel/Firebase/ServiceProvider::{closure:Kreait/Laravel/Firebase/ServiceProvider::registerComponents():38}(Object(Illuminate/Foundation/Application), Array)
#8 D:/Website-monitoring/vendor/laravel/framework/src/Illuminate/Container/Container.php(939): Illuminate/Container/Container->build(Object(Closure))
#9 D:/Website-monitoring/vendor/laravel/framework/src/Illuminate/Foundation/Application.php(1085): Illuminate/Container/Container->resolve('Kreait//Firebase...', Array, true)
#10 D:/Website-monitoring/vendor/laravel/framework/src/Illuminate/Container/Container.php(867): Illuminate/Foundation/Application->resolve('Kreait//Firebase...', Array)
#11 D:/Website-monitoring/vendor/laravel/framework/src/Illuminate/Foundation/Application.php(1065): Illuminate/Container/Container->make('Kreait//Firebase...', Array)
#12 D:/Website-monitoring/vendor/laravel/framework/src/Illuminate/Container/Container.php(1363): Illuminate/Foundation/Application->make('Kreait//Firebase...')
#13 D:/Website-monitoring/vendor/laravel/framework/src/Illuminate/Container/Container.php(1264): Illuminate/Container/Container->resolveClass(Object(ReflectionParameter), 'Kreait//Firebase...')
#14 D:/Website-monitoring/vendor/laravel/framework/src/Illuminate/Container/Container.php(1187): Illuminate/Container/Container->resolveDependencies(Array)
#15 D:/Website-monitoring/vendor/laravel/framework/src/Illuminate/Container/Container.php(939): Illuminate/Container/Container->build('App//Http//Middle...')
#16 D:/Website-monitoring/vendor/laravel/framework/src/Illuminate/Foundation/Application.php(1085): Illuminate/Container/Container->resolve('App//Http//Middle...', Array, true)
#17 D:/Website-monitoring/vendor/laravel/framework/src/Illuminate/Container/Container.php(867): Illuminate/Foundation/Application->resolve('App//Http//Middle...', Array)
#18 D:/Website-monitoring/vendor/laravel/framework/src/Illuminate/Foundation/Application.php(1065): Illuminate/Container/Container->make('App//Http//Middle...', Array)
#19 D:/Website-monitoring/vendor/laravel/framework/src/Illuminate/Pipeline/Pipeline.php(208): Illuminate/Foundation/Application->make('App//Http//Middle...')
#20 D:/Website-monitoring/vendor/laravel/framework/src/Illuminate/Routing/Middleware/SubstituteBindings.php(52): Illuminate/Pipeline/Pipeline->{closure:{closure:Illuminate/Pipeline/Pipeline::carry():194}:195}(Object(Illuminate/Http/Request))
#21 D:/Website-monitoring/vendor/laravel/framework/src/Illuminate/Pipeline/Pipeline.php(219): Illuminate/Routing/Middleware/SubstituteBindings->handle(Object(Illuminate/Http/Request), Object(Closure))
#22 D:/Website-monitoring/vendor/laravel/framework/src/Illuminate/Pipeline/Pipeline.php(137): Illuminate/Pipeline/Pipeline->{closure:{closure:Illuminate/Pipeline/Pipeline::carry():194}:195}(Object(Illuminate/Http/Request))
#23 D:/Website-monitoring/vendor/laravel/framework/src/Illuminate/Routing/Router.php(821): Illuminate/Pipeline/Pipeline->then(Object(Closure))
#24 D:/Website-monitoring/vendor/laravel/framework/src/Illuminate/Routing/Router.php(800): Illuminate/Routing/Router->runRouteWithinStack(Object(Illuminate/Routing/Route), Object(Illuminate/Http/Request))
#25 D:/Website-monitoring/vendor/laravel/framework/src/Illuminate/Routing/Router.php(764): Illuminate/Routing/Router->runRoute(Object(Illuminate/Http/Request), Object(Illuminate/Routing/Route))
#26 D:/Website-monitoring/vendor/laravel/framework/src/Illuminate/Routing/Router.php(753): Illuminate/Routing/Router->dispatchToRoute(Object(Illuminate/Http/Request))
#27 D:/Website-monitoring/vendor/laravel/framework/src/Illuminate/Foundation/Http/Kernel.php(200): Illuminate/Routing/Router->dispatch(Object(Illuminate/Http/Request))
#28 D:/Website-monitoring/vendor/laravel/framework/src/Illuminate/Pipeline/Pipeline.php(180): Illuminate/Foundation/Http/Kernel->{closure:Illuminate/Foundation/Http/Kernel::dispatchToRouter():197}(Object(Illuminate/Http/Request))
#29 D:/Website-monitoring/app/Http/Middleware/SecurityHeaders.php(14): Illuminate/Pipeline/Pipeline->{closure:Illuminate/Pipeline/Pipeline::prepareDestination():178}(Object(Illuminate/Http/Request))
#30 D:/Website-monitoring/vendor/laravel/framework/src/Illuminate/Pipeline/Pipeline.php(219): App/Http/Middleware/SecurityHeaders->handle(Object(Illuminate/Http/Request), Object(Closure))
#31 D:/Website-monitoring/vendor/laravel/framework/src/Illuminate/Foundation/Http/Middleware/TransformsRequest.php(21): Illuminate/Pipeline/Pipeline->{closure:{closure:Illuminate/Pipeline/Pipeline::carry():194}:195}(Object(Illuminate/Http/Request))
#32 D:/Website-monitoring/vendor/laravel/framework/src/Illuminate/Foundation/Http/Middleware/ConvertEmptyStringsToNull.php(31): Illuminate/Foundation/Http/Middleware/TransformsRequest->handle(Object(Illuminate/Http/Request), Object(Closure))
#33 D:/Website-monitoring/vendor/laravel/framework/src/Illuminate/Pipeline/Pipeline.php(219): Illuminate/Foundation/Http/Middleware/ConvertEmptyStringsToNull->handle(Object(Illuminate/Http/Request), Object(Closure))
#34 D:/Website-monitoring/vendor/laravel/framework/src/Illuminate/Foundation/Http/Middleware/TransformsRequest.php(21): Illuminate/Pipeline/Pipeline->{closure:{closure:Illuminate/Pipeline/Pipeline::carry():194}:195}(Object(Illuminate/Http/Request))
#35 D:/Website-monitoring/vendor/laravel/framework/src/Illuminate/Foundation/Http/Middleware/TrimStrings.php(51): Illuminate/Foundation/Http/Middleware/TransformsRequest->handle(Object(Illuminate/Http/Request), Object(Closure))
#36 D:/Website-monitoring/vendor/laravel/framework/src/Illuminate/Pipeline/Pipeline.php(219): Illuminate/Foundation/Http/Middleware/TrimStrings->handle(Object(Illuminate/Http/Request), Object(Closure))
#37 D:/Website-monitoring/vendor/laravel/framework/src/Illuminate/Http/Middleware/ValidatePostSize.php(27): Illuminate/Pipeline/Pipeline->{closure:{closure:Illuminate/Pipeline/Pipeline::carry():194}:195}(Object(Illuminate/Http/Request))
#38 D:/Website-monitoring/vendor/laravel/framework/src/Illuminate/Pipeline/Pipeline.php(219): Illuminate/Http/Middleware/ValidatePostSize->handle(Object(Illuminate/Http/Request), Object(Closure))
#39 D:/Website-monitoring/vendor/laravel/framework/src/Illuminate/Foundation/Http/Middleware/PreventRequestsDuringMaintenance.php(110): Illuminate/Pipeline/Pipeline->{closure:{closure:Illuminate/Pipeline/Pipeline::carry():194}:195}(Object(Illuminate/Http/Request))
#40 D:/Website-monitoring/vendor/laravel/framework/src/Illuminate/Pipeline/Pipeline.php(219): Illuminate/Foundation/Http/Middleware/PreventRequestsDuringMaintenance->handle(Object(Illuminate/Http/Request), Object(Closure))
#41 D:/Website-monitoring/vendor/laravel/framework/src/Illuminate/Http/Middleware/HandleCors.php(74): Illuminate/Pipeline/Pipeline->{closure:{closure:Illuminate/Pipeline/Pipeline::carry():194}:195}(Object(Illuminate/Http/Request))
#42 D:/Website-monitoring/vendor/laravel/framework/src/Illuminate/Pipeline/Pipeline.php(219): Illuminate/Http/Middleware/HandleCors->handle(Object(Illuminate/Http/Request), Object(Closure))
#43 D:/Website-monitoring/vendor/laravel/framework/src/Illuminate/Http/Middleware/TrustProxies.php(58): Illuminate/Pipeline/Pipeline->{closure:{closure:Illuminate/Pipeline/Pipeline::carry():194}:195}(Object(Illuminate/Http/Request))
#44 D:/Website-monitoring/vendor/laravel/framework/src/Illuminate/Pipeline/Pipeline.php(219): Illuminate/Http/Middleware/TrustProxies->handle(Object(Illuminate/Http/Request), Object(Closure))
#45 D:/Website-monitoring/vendor/laravel/framework/src/Illuminate/Foundation/Http/Middleware/InvokeDeferredCallbacks.php(22): Illuminate/Pipeline/Pipeline->{closure:{closure:Illuminate/Pipeline/Pipeline::carry():194}:195}(Object(Illuminate/Http/Request))
#46 D:/Website-monitoring/vendor/laravel/framework/src/Illuminate/Pipeline/Pipeline.php(219): Illuminate/Foundation/Http/Middleware/InvokeDeferredCallbacks->handle(Object(Illuminate/Http/Request), Object(Closure))
#47 D:/Website-monitoring/vendor/laravel/framework/src/Illuminate/Http/Middleware/ValidatePathEncoding.php(28): Illuminate/Pipeline/Pipeline->{closure:{closure:Illuminate/Pipeline/Pipeline::carry():194}:195}(Object(Illuminate/Http/Request))
#48 D:/Website-monitoring/vendor/laravel/framework/src/Illuminate/Pipeline/Pipeline.php(219): Illuminate/Http/Middleware/ValidatePathEncoding->handle(Object(Illuminate/Http/Request), Object(Closure))
#49 D:/Website-monitoring/vendor/laravel/framework/src/Illuminate/Pipeline/Pipeline.php(137): Illuminate/Pipeline/Pipeline->{closure:{closure:Illuminate/Pipeline/Pipeline::carry():194}:195}(Object(Illuminate/Http/Request))
#50 D:/Website-monitoring/vendor/laravel/framework/src/Illuminate/Foundation/Http/Kernel.php(175): Illuminate/Pipeline/Pipeline->then(Object(Closure))
#51 D:/Website-monitoring/vendor/laravel/framework/src/Illuminate/Foundation/Http/Kernel.php(144): Illuminate/Foundation/Http/Kernel->sendRequestThroughRouter(Object(Illuminate/Http/Request))
#52 D:/Website-monitoring/vendor/laravel/framework/src/Illuminate/Foundation/Application.php(1227): Illuminate/Foundation/Http/Kernel->handle(Object(Illuminate/Http/Request))
#53 D:/Website-monitoring/public/index.php(20): Illuminate/Foundation/Application->handleRequest(Object(Illuminate/Http/Request))
#54 D:/Website-monitoring/vendor/laravel/framework/src/Illuminate/Foundation/resources/server.php(23): require_once('D://Website-moni...')
#55 {main}
"} 
[2026-09-14 02:27:53] local.ERROR: SplFileObject::__construct(D:\Website-monitoring\storage/app/firebase/service-account.json): Failed to open stream: No such file or directory {"exception":"[object] (Kreait\\Firebase\\Exception\\InvalidArgumentException(code: 0): SplFileObject::__construct(D:\\Website-monitoring\\storage/app/firebase/service-account.json): Failed to open stream: No such file or directory at D:/Website-monitoring/vendor/kreait/firebase-php/src/Valinor/Source.php:57)
[stacktrace]
#0 D:/Website-monitoring/vendor/kreait/firebase-php/src/Valinor/Source.php(40): Kreait/Firebase/Valinor/Source::file('D://Website-moni...')
#1 D:/Website-monitoring/vendor/kreait/firebase-php/src/Factory.php(666): Kreait/Firebase/Valinor/Source::parse('D://Website-moni...')
#2 D:/Website-monitoring/vendor/kreait/firebase-php/src/Factory.php(146): Kreait/Firebase/Factory->mapServiceAccount('D://Website-moni...')
#3 D:/Website-monitoring/vendor/kreait/laravel-firebase/src/FirebaseProjectManager.php(75): Kreait/Firebase/Factory->withServiceAccount(Object(SensitiveParameterValue))
#4 D:/Website-monitoring/vendor/kreait/laravel-firebase/src/FirebaseProjectManager.php(35): Kreait/Laravel/Firebase/FirebaseProjectManager->configure('app')
#5 D:/Website-monitoring/vendor/kreait/laravel-firebase/src/ServiceProvider.php(38): Kreait/Laravel/Firebase/FirebaseProjectManager->project()
#6 D:/Website-monitoring/vendor/laravel/framework/src/Illuminate/Container/Container.php(1140): Kreait/Laravel/Firebase/ServiceProvider::{closure:Kreait/Laravel/Firebase/ServiceProvider::registerComponents():38}(Object(Illuminate/Foundation/Application), Array)
#7 D:/Website-monitoring/vendor/laravel/framework/src/Illuminate/Container/Container.php(939): Illuminate/Container/Container->build(Object(Closure))
#8 D:/Website-monitoring/vendor/laravel/framework/src/Illuminate/Foundation/Application.php(1085): Illuminate/Container/Container->resolve('Kreait//Firebase...', Array, true)
#9 D:/Website-monitoring/vendor/laravel/framework/src/Illuminate/Container/Container.php(867): Illuminate/Foundation/Application->resolve('Kreait//Firebase...', Array)
#10 D:/Website-monitoring/vendor/laravel/framework/src/Illuminate/Foundation/Application.php(1065): Illuminate/Container/Container->make('Kreait//Firebase...', Array)
#11 D:/Website-monitoring/vendor/laravel/framework/src/Illuminate/Container/Container.php(1363): Illuminate/Foundation/Application->make('Kreait//Firebase...')
#12 D:/Website-monitoring/vendor/laravel/framework/src/Illuminate/Container/Container.php(1264): Illuminate/Container/Container->resolveClass(Object(ReflectionParameter), 'Kreait//Firebase...')
#13 D:/Website-monitoring/vendor/laravel/framework/src/Illuminate/Container/Container.php(1187): Illuminate/Container/Container->resolveDependencies(Array)
#14 D:/Website-monitoring/vendor/laravel/framework/src/Illuminate/Container/Container.php(939): Illuminate/Container/Container->build('App//Http//Middle...')
#15 D:/Website-monitoring/vendor/laravel/framework/src/Illuminate/Foundation/Application.php(1085): Illuminate/Container/Container->resolve('App//Http//Middle...', Array, true)
#16 D:/Website-monitoring/vendor/laravel/framework/src/Illuminate/Container/Container.php(867): Illuminate/Foundation/Application->resolve('App//Http//Middle...', Array)
#17 D:/Website-monitoring/vendor/laravel/framework/src/Illuminate/Foundation/Application.php(1065): Illuminate/Container/Container->make('App//Http//Middle...', Array)
#18 D:/Website-monitoring/vendor/laravel/framework/src/Illuminate/Foundation/Http/Kernel.php(257): Illuminate/Foundation/Application->make('App//Http//Middle...')
#19 D:/Website-monitoring/vendor/laravel/framework/src/Illuminate/Foundation/Http/Kernel.php(215): Illuminate/Foundation/Http/Kernel->terminateMiddleware(Object(Illuminate/Http/Request), Object(Illuminate/Http/JsonResponse))
#20 D:/Website-monitoring/vendor/laravel/framework/src/Illuminate/Foundation/Application.php(1229): Illuminate/Foundation/Http/Kernel->terminate(Object(Illuminate/Http/Request), Object(Illuminate/Http/JsonResponse))
#21 D:/Website-monitoring/public/index.php(20): Illuminate/Foundation/Application->handleRequest(Object(Illuminate/Http/Request))
#22 D:/Website-monitoring/vendor/laravel/framework/src/Illuminate/Foundation/resources/server.php(23): require_once('D://Website-moni...')
#23 {main}

[previous exception] [object] (RuntimeException(code: 0): SplFileObject::__construct(D:\\Website-monitoring\\storage/app/firebase/service-account.json): Failed to open stream: No such file or directory at D:/Website-monitoring/vendor/kreait/firebase-php/src/Valinor/Source.php:55)
[stacktrace]
#0 D:/Website-monitoring/vendor/kreait/firebase-php/src/Valinor/Source.php(55): SplFileObject->__construct('D://Website-moni...')
#1 D:/Website-monitoring/vendor/kreait/firebase-php/src/Valinor/Source.php(40): Kreait/Firebase/Valinor/Source::file('D://Website-moni...')
#2 D:/Website-monitoring/vendor/kreait/firebase-php/src/Factory.php(666): Kreait/Firebase/Valinor/Source::parse('D://Website-moni...')
#3 D:/Website-monitoring/vendor/kreait/firebase-php/src/Factory.php(146): Kreait/Firebase/Factory->mapServiceAccount('D://Website-moni...')
#4 D:/Website-monitoring/vendor/kreait/laravel-firebase/src/FirebaseProjectManager.php(75): Kreait/Firebase/Factory->withServiceAccount(Object(SensitiveParameterValue))
#5 D:/Website-monitoring/vendor/kreait/laravel-firebase/src/FirebaseProjectManager.php(35): Kreait/Laravel/Firebase/FirebaseProjectManager->configure('app')
#6 D:/Website-monitoring/vendor/kreait/laravel-firebase/src/ServiceProvider.php(38): Kreait/Laravel/Firebase/FirebaseProjectManager->project()
#7 D:/Website-monitoring/vendor/laravel/framework/src/Illuminate/Container/Container.php(1140): Kreait/Laravel/Firebase/ServiceProvider::{closure:Kreait/Laravel/Firebase/ServiceProvider::registerComponents():38}(Object(Illuminate/Foundation/Application), Array)
#8 D:/Website-monitoring/vendor/laravel/framework/src/Illuminate/Container/Container.php(939): Illuminate/Container/Container->build(Object(Closure))
#9 D:/Website-monitoring/vendor/laravel/framework/src/Illuminate/Foundation/Application.php(1085): Illuminate/Container/Container->resolve('Kreait//Firebase...', Array, true)
#10 D:/Website-monitoring/vendor/laravel/framework/src/Illuminate/Container/Container.php(867): Illuminate/Foundation/Application->resolve('Kreait//Firebase...', Array)
#11 D:/Website-monitoring/vendor/laravel/framework/src/Illuminate/Foundation/Application.php(1065): Illuminate/Container/Container->make('Kreait//Firebase...', Array)
#12 D:/Website-monitoring/vendor/laravel/framework/src/Illuminate/Container/Container.php(1363): Illuminate/Foundation/Application->make('Kreait//Firebase...')
#13 D:/Website-monitoring/vendor/laravel/framework/src/Illuminate/Container/Container.php(1264): Illuminate/Container/Container->resolveClass(Object(ReflectionParameter), 'Kreait//Firebase...')
#14 D:/Website-monitoring/vendor/laravel/framework/src/Illuminate/Container/Container.php(1187): Illuminate/Container/Container->resolveDependencies(Array)
#15 D:/Website-monitoring/vendor/laravel/framework/src/Illuminate/Container/Container.php(939): Illuminate/Container/Container->build('App//Http//Middle...')
#16 D:/Website-monitoring/vendor/laravel/framework/src/Illuminate/Foundation/Application.php(1085): Illuminate/Container/Container->resolve('App//Http//Middle...', Array, true)
#17 D:/Website-monitoring/vendor/laravel/framework/src/Illuminate/Container/Container.php(867): Illuminate/Foundation/Application->resolve('App//Http//Middle...', Array)
#18 D:/Website-monitoring/vendor/laravel/framework/src/Illuminate/Foundation/Application.php(1065): Illuminate/Container/Container->make('App//Http//Middle...', Array)
#19 D:/Website-monitoring/vendor/laravel/framework/src/Illuminate/Foundation/Http/Kernel.php(257): Illuminate/Foundation/Application->make('App//Http//Middle...')
#20 D:/Website-monitoring/vendor/laravel/framework/src/Illuminate/Foundation/Http/Kernel.php(215): Illuminate/Foundation/Http/Kernel->terminateMiddleware(Object(Illuminate/Http/Request), Object(Illuminate/Http/JsonResponse))
#21 D:/Website-monitoring/vendor/laravel/framework/src/Illuminate/Foundation/Application.php(1229): Illuminate/Foundation/Http/Kernel->terminate(Object(Illuminate/Http/Request), Object(Illuminate/Http/JsonResponse))
#22 D:/Website-monitoring/public/index.php(20): Illuminate/Foundation/Application->handleRequest(Object(Illuminate/Http/Request))
#23 D:/Website-monitoring/vendor/laravel/framework/src/Illuminate/Foundation/resources/server.php(23): require_once('D://Website-moni...')
#24 {main}
"} 
[2026-09-14 02:27:53] local.ERROR: Uncaught ErrorException: Cannot modify header information - headers already sent by (output started at D:\Website-monitoring\vendor\symfony\http-foundation\Response.php:393) in D:\Website-monitoring\vendor\symfony\http-foundation\Response.php:328
Stack trace:
#0 D:\Website-monitoring\vendor\laravel\framework\src\Illuminate\Foundation\Bootstrap\HandleExceptions.php(265): Illuminate\Foundation\Bootstrap\HandleExceptions->handleError(2, 'Cannot modify h...', 'D:\\Website-moni...', 328)
#1 [internal function]: Illuminate\Foundation\Bootstrap\HandleExceptions->{closure:Illuminate\Foundation\Bootstrap\HandleExceptions::forwardsTo():264}(2, 'Cannot modify h...', 'D:\\Website-moni...', 328)
#2 D:\Website-monitoring\vendor\symfony\http-foundation\Response.php(328): header('HTTP/1.0 500 In...', true, 500)
#3 D:\Website-monitoring\vendor\symfony\http-foundation\Response.php(407): Symfony\Component\HttpFoundation\Response->sendHeaders()
#4 D:\Website-monitoring\vendor\laravel\framework\src\Illuminate\Foundation\Bootstrap\HandleExceptions.php(228): Symfony\Component\HttpFoundation\Response->send()
#5 D:\Website-monitoring\vendor\laravel\framework\src\Illuminate\Foundation\Bootstrap\HandleExceptions.php(205): Illuminate\Foundation\Bootstrap\HandleExceptions->renderHttpResponse(Object(Kreait\Firebase\Exception\InvalidArgumentException))
#6 D:\Website-monitoring\vendor\laravel\framework\src\Illuminate\Foundation\Bootstrap\HandleExceptions.php(265): Illuminate\Foundation\Bootstrap\HandleExceptions->handleException(Object(Kreait\Firebase\Exception\InvalidArgumentException))
#7 [internal function]: Illuminate\Foundation\Bootstrap\HandleExceptions->{closure:Illuminate\Foundation\Bootstrap\HandleExceptions::forwardsTo():264}(Object(Kreait\Firebase\Exception\InvalidArgumentException))
#8 {main}
  thrown {"exception":"[object] (Symfony\\Component\\ErrorHandler\\Error\\FatalError(code: 0): Uncaught ErrorException: Cannot modify header information - headers already sent by (output started at D:\\Website-monitoring\\vendor\\symfony\\http-foundation\\Response.php:393) in D:\\Website-monitoring\\vendor\\symfony\\http-foundation\\Response.php:328
Stack trace:
#0 D:\\Website-monitoring\\vendor\\laravel\\framework\\src\\Illuminate\\Foundation\\Bootstrap\\HandleExceptions.php(265): Illuminate\\Foundation\\Bootstrap\\HandleExceptions->handleError(2, 'Cannot modify h...', 'D:\\\\Website-moni...', 328)
#1 [internal function]: Illuminate\\Foundation\\Bootstrap\\HandleExceptions->{closure:Illuminate\\Foundation\\Bootstrap\\HandleExceptions::forwardsTo():264}(2, 'Cannot modify h...', 'D:\\\\Website-moni...', 328)
#2 D:\\Website-monitoring\\vendor\\symfony\\http-foundation\\Response.php(328): header('HTTP/1.0 500 In...', true, 500)
#3 D:\\Website-monitoring\\vendor\\symfony\\http-foundation\\Response.php(407): Symfony\\Component\\HttpFoundation\\Response->sendHeaders()
#4 D:\\Website-monitoring\\vendor\\laravel\\framework\\src\\Illuminate\\Foundation\\Bootstrap\\HandleExceptions.php(228): Symfony\\Component\\HttpFoundation\\Response->send()
#5 D:\\Website-monitoring\\vendor\\laravel\\framework\\src\\Illuminate\\Foundation\\Bootstrap\\HandleExceptions.php(205): Illuminate\\Foundation\\Bootstrap\\HandleExceptions->renderHttpResponse(Object(Kreait\\Firebase\\Exception\\InvalidArgumentException))
#6 D:\\Website-monitoring\\vendor\\laravel\\framework\\src\\Illuminate\\Foundation\\Bootstrap\\HandleExceptions.php(265): Illuminate\\Foundation\\Bootstrap\\HandleExceptions->handleException(Object(Kreait\\Firebase\\Exception\\InvalidArgumentException))
#7 [internal function]: Illuminate\\Foundation\\Bootstrap\\HandleExceptions->{closure:Illuminate\\Foundation\\Bootstrap\\HandleExceptions::forwardsTo():264}(Object(Kreait\\Firebase\\Exception\\InvalidArgumentException))
#8 {main}
  thrown at D:/Website-monitoring/vendor/symfony/http-foundation/Response.php:328)
[stacktrace]
#0 {main}
"} 
[2026-09-14 02:28:03] local.ERROR: SplFileObject::__construct(D:\Website-monitoring\storage/app/firebase/service-account.json): Failed to open stream: No such file or directory {"exception":"[object] (Kreait\\Firebase\\Exception\\InvalidArgumentException(code: 0): SplFileObject::__construct(D:\\Website-monitoring\\storage/app/firebase/service-account.json): Failed to open stream: No such file or directory at D:/Website-monitoring/vendor/kreait/firebase-php/src/Valinor/Source.php:57)
[stacktrace]
#0 D:/Website-monitoring/vendor/kreait/firebase-php/src/Valinor/Source.php(40): Kreait/Firebase/Valinor/Source::file('D://Website-moni...')
#1 D:/Website-monitoring/vendor/kreait/firebase-php/src/Factory.php(666): Kreait/Firebase/Valinor/Source::parse('D://Website-moni...')
#2 D:/Website-monitoring/vendor/kreait/firebase-php/src/Factory.php(146): Kreait/Firebase/Factory->mapServiceAccount('D://Website-moni...')
#3 D:/Website-monitoring/vendor/kreait/laravel-firebase/src/FirebaseProjectManager.php(75): Kreait/Firebase/Factory->withServiceAccount(Object(SensitiveParameterValue))
#4 D:/Website-monitoring/vendor/kreait/laravel-firebase/src/FirebaseProjectManager.php(35): Kreait/Laravel/Firebase/FirebaseProjectManager->configure('app')
#5 D:/Website-monitoring/vendor/kreait/laravel-firebase/src/ServiceProvider.php(38): Kreait/Laravel/Firebase/FirebaseProjectManager->project()
#6 D:/Website-monitoring/vendor/laravel/framework/src/Illuminate/Container/Container.php(1140): Kreait/Laravel/Firebase/ServiceProvider::{closure:Kreait/Laravel/Firebase/ServiceProvider::registerComponents():38}(Object(Illuminate/Foundation/Application), Array)
#7 D:/Website-monitoring/vendor/laravel/framework/src/Illuminate/Container/Container.php(939): Illuminate/Container/Container->build(Object(Closure))
#8 D:/Website-monitoring/vendor/laravel/framework/src/Illuminate/Foundation/Application.php(1085): Illuminate/Container/Container->resolve('Kreait//Firebase...', Array, true)
#9 D:/Website-monitoring/vendor/laravel/framework/src/Illuminate/Container/Container.php(867): Illuminate/Foundation/Application->resolve('Kreait//Firebase...', Array)
#10 D:/Website-monitoring/vendor/laravel/framework/src/Illuminate/Foundation/Application.php(1065): Illuminate/Container/Container->make('Kreait//Firebase...', Array)
#11 D:/Website-monitoring/vendor/laravel/framework/src/Illuminate/Container/Container.php(1363): Illuminate/Foundation/Application->make('Kreait//Firebase...')
#12 D:/Website-monitoring/vendor/laravel/framework/src/Illuminate/Container/Container.php(1264): Illuminate/Container/Container->resolveClass(Object(ReflectionParameter), 'Kreait//Firebase...')
#13 D:/Website-monitoring/vendor/laravel/framework/src/Illuminate/Container/Container.php(1187): Illuminate/Container/Container->resolveDependencies(Array)
#14 D:/Website-monitoring/vendor/laravel/framework/src/Illuminate/Container/Container.php(939): Illuminate/Container/Container->build('App//Http//Middle...')
#15 D:/Website-monitoring/vendor/laravel/framework/src/Illuminate/Foundation/Application.php(1085): Illuminate/Container/Container->resolve('App//Http//Middle...', Array, true)
#16 D:/Website-monitoring/vendor/laravel/framework/src/Illuminate/Container/Container.php(867): Illuminate/Foundation/Application->resolve('App//Http//Middle...', Array)
#17 D:/Website-monitoring/vendor/laravel/framework/src/Illuminate/Foundation/Application.php(1065): Illuminate/Container/Container->make('App//Http//Middle...', Array)
#18 D:/Website-monitoring/vendor/laravel/framework/src/Illuminate/Pipeline/Pipeline.php(208): Illuminate/Foundation/Application->make('App//Http//Middle...')
#19 D:/Website-monitoring/vendor/laravel/framework/src/Illuminate/Routing/Middleware/SubstituteBindings.php(52): Illuminate/Pipeline/Pipeline->{closure:{closure:Illuminate/Pipeline/Pipeline::carry():194}:195}(Object(Illuminate/Http/Request))
#20 D:/Website-monitoring/vendor/laravel/framework/src/Illuminate/Pipeline/Pipeline.php(219): Illuminate/Routing/Middleware/SubstituteBindings->handle(Object(Illuminate/Http/Request), Object(Closure))
#21 D:/Website-monitoring/vendor/laravel/framework/src/Illuminate/Pipeline/Pipeline.php(137): Illuminate/Pipeline/Pipeline->{closure:{closure:Illuminate/Pipeline/Pipeline::carry():194}:195}(Object(Illuminate/Http/Request))
#22 D:/Website-monitoring/vendor/laravel/framework/src/Illuminate/Routing/Router.php(821): Illuminate/Pipeline/Pipeline->then(Object(Closure))
#23 D:/Website-monitoring/vendor/laravel/framework/src/Illuminate/Routing/Router.php(800): Illuminate/Routing/Router->runRouteWithinStack(Object(Illuminate/Routing/Route), Object(Illuminate/Http/Request))
#24 D:/Website-monitoring/vendor/laravel/framework/src/Illuminate/Routing/Router.php(764): Illuminate/Routing/Router->runRoute(Object(Illuminate/Http/Request), Object(Illuminate/Routing/Route))
#25 D:/Website-monitoring/vendor/laravel/framework/src/Illuminate/Routing/Router.php(753): Illuminate/Routing/Router->dispatchToRoute(Object(Illuminate/Http/Request))
#26 D:/Website-monitoring/vendor/laravel/framework/src/Illuminate/Foundation/Http/Kernel.php(200): Illuminate/Routing/Router->dispatch(Object(Illuminate/Http/Request))
#27 D:/Website-monitoring/vendor/laravel/framework/src/Illuminate/Pipeline/Pipeline.php(180): Illuminate/Foundation/Http/Kernel->{closure:Illuminate/Foundation/Http/Kernel::dispatchToRouter():197}(Object(Illuminate/Http/Request))
#28 D:/Website-monitoring/app/Http/Middleware/SecurityHeaders.php(14): Illuminate/Pipeline/Pipeline->{closure:Illuminate/Pipeline/Pipeline::prepareDestination():178}(Object(Illuminate/Http/Request))
#29 D:/Website-monitoring/vendor/laravel/framework/src/Illuminate/Pipeline/Pipeline.php(219): App/Http/Middleware/SecurityHeaders->handle(Object(Illuminate/Http/Request), Object(Closure))
#30 D:/Website-monitoring/vendor/laravel/framework/src/Illuminate/Foundation/Http/Middleware/TransformsRequest.php(21): Illuminate/Pipeline/Pipeline->{closure:{closure:Illuminate/Pipeline/Pipeline::carry():194}:195}(Object(Illuminate/Http/Request))
#31 D:/Website-monitoring/vendor/laravel/framework/src/Illuminate/Foundation/Http/Middleware/ConvertEmptyStringsToNull.php(31): Illuminate/Foundation/Http/Middleware/TransformsRequest->handle(Object(Illuminate/Http/Request), Object(Closure))
#32 D:/Website-monitoring/vendor/laravel/framework/src/Illuminate/Pipeline/Pipeline.php(219): Illuminate/Foundation/Http/Middleware/ConvertEmptyStringsToNull->handle(Object(Illuminate/Http/Request), Object(Closure))
#33 D:/Website-monitoring/vendor/laravel/framework/src/Illuminate/Foundation/Http/Middleware/TransformsRequest.php(21): Illuminate/Pipeline/Pipeline->{closure:{closure:Illuminate/Pipeline/Pipeline::carry():194}:195}(Object(Illuminate/Http/Request))
#34 D:/Website-monitoring/vendor/laravel/framework/src/Illuminate/Foundation/Http/Middleware/TrimStrings.php(51): Illuminate/Foundation/Http/Middleware/TransformsRequest->handle(Object(Illuminate/Http/Request), Object(Closure))
#35 D:/Website-monitoring/vendor/laravel/framework/src/Illuminate/Pipeline/Pipeline.php(219): Illuminate/Foundation/Http/Middleware/TrimStrings->handle(Object(Illuminate/Http/Request), Object(Closure))
#36 D:/Website-monitoring/vendor/laravel/framework/src/Illuminate/Http/Middleware/ValidatePostSize.php(27): Illuminate/Pipeline/Pipeline->{closure:{closure:Illuminate/Pipeline/Pipeline::carry():194}:195}(Object(Illuminate/Http/Request))
#37 D:/Website-monitoring/vendor/laravel/framework/src/Illuminate/Pipeline/Pipeline.php(219): Illuminate/Http/Middleware/ValidatePostSize->handle(Object(Illuminate/Http/Request), Object(Closure))
#38 D:/Website-monitoring/vendor/laravel/framework/src/Illuminate/Foundation/Http/Middleware/PreventRequestsDuringMaintenance.php(110): Illuminate/Pipeline/Pipeline->{closure:{closure:Illuminate/Pipeline/Pipeline::carry():194}:195}(Object(Illuminate/Http/Request))
#39 D:/Website-monitoring/vendor/laravel/framework/src/Illuminate/Pipeline/Pipeline.php(219): Illuminate/Foundation/Http/Middleware/PreventRequestsDuringMaintenance->handle(Object(Illuminate/Http/Request), Object(Closure))
#40 D:/Website-monitoring/vendor/laravel/framework/src/Illuminate/Http/Middleware/HandleCors.php(74): Illuminate/Pipeline/Pipeline->{closure:{closure:Illuminate/Pipeline/Pipeline::carry():194}:195}(Object(Illuminate/Http/Request))
#41 D:/Website-monitoring/vendor/laravel/framework/src/Illuminate/Pipeline/Pipeline.php(219): Illuminate/Http/Middleware/HandleCors->handle(Object(Illuminate/Http/Request), Object(Closure))
#42 D:/Website-monitoring/vendor/laravel/framework/src/Illuminate/Http/Middleware/TrustProxies.php(58): Illuminate/Pipeline/Pipeline->{closure:{closure:Illuminate/Pipeline/Pipeline::carry():194}:195}(Object(Illuminate/Http/Request))
#43 D:/Website-monitoring/vendor/laravel/framework/src/Illuminate/Pipeline/Pipeline.php(219): Illuminate/Http/Middleware/TrustProxies->handle(Object(Illuminate/Http/Request), Object(Closure))
#44 D:/Website-monitoring/vendor/laravel/framework/src/Illuminate/Foundation/Http/Middleware/InvokeDeferredCallbacks.php(22): Illuminate/Pipeline/Pipeline->{closure:{closure:Illuminate/Pipeline/Pipeline::carry():194}:195}(Object(Illuminate/Http/Request))
#45 D:/Website-monitoring/vendor/laravel/framework/src/Illuminate/Pipeline/Pipeline.php(219): Illuminate/Foundation/Http/Middleware/InvokeDeferredCallbacks->handle(Object(Illuminate/Http/Request), Object(Closure))
#46 D:/Website-monitoring/vendor/laravel/framework/src/Illuminate/Http/Middleware/ValidatePathEncoding.php(28): Illuminate/Pipeline/Pipeline->{closure:{closure:Illuminate/Pipeline/Pipeline::carry():194}:195}(Object(Illuminate/Http/Request))
#47 D:/Website-monitoring/vendor/laravel/framework/src/Illuminate/Pipeline/Pipeline.php(219): Illuminate/Http/Middleware/ValidatePathEncoding->handle(Object(Illuminate/Http/Request), Object(Closure))
#48 D:/Website-monitoring/vendor/laravel/framework/src/Illuminate/Pipeline/Pipeline.php(137): Illuminate/Pipeline/Pipeline->{closure:{closure:Illuminate/Pipeline/Pipeline::carry():194}:195}(Object(Illuminate/Http/Request))
#49 D:/Website-monitoring/vendor/laravel/framework/src/Illuminate/Foundation/Http/Kernel.php(175): Illuminate/Pipeline/Pipeline->then(Object(Closure))
#50 D:/Website-monitoring/vendor/laravel/framework/src/Illuminate/Foundation/Http/Kernel.php(144): Illuminate/Foundation/Http/Kernel->sendRequestThroughRouter(Object(Illuminate/Http/Request))
#51 D:/Website-monitoring/vendor/laravel/framework/src/Illuminate/Foundation/Application.php(1227): Illuminate/Foundation/Http/Kernel->handle(Object(Illuminate/Http/Request))
#52 D:/Website-monitoring/public/index.php(20): Illuminate/Foundation/Application->handleRequest(Object(Illuminate/Http/Request))
#53 D:/Website-monitoring/vendor/laravel/framework/src/Illuminate/Foundation/resources/server.php(23): require_once('D://Website-moni...')
#54 {main}

[previous exception] [object] (RuntimeException(code: 0): SplFileObject::__construct(D:\\Website-monitoring\\storage/app/firebase/service-account.json): Failed to open stream: No such file or directory at D:/Website-monitoring/vendor/kreait/firebase-php/src/Valinor/Source.php:55)
[stacktrace]
#0 D:/Website-monitoring/vendor/kreait/firebase-php/src/Valinor/Source.php(55): SplFileObject->__construct('D://Website-moni...')
#1 D:/Website-monitoring/vendor/kreait/firebase-php/src/Valinor/Source.php(40): Kreait/Firebase/Valinor/Source::file('D://Website-moni...')
#2 D:/Website-monitoring/vendor/kreait/firebase-php/src/Factory.php(666): Kreait/Firebase/Valinor/Source::parse('D://Website-moni...')
#3 D:/Website-monitoring/vendor/kreait/firebase-php/src/Factory.php(146): Kreait/Firebase/Factory->mapServiceAccount('D://Website-moni...')
#4 D:/Website-monitoring/vendor/kreait/laravel-firebase/src/FirebaseProjectManager.php(75): Kreait/Firebase/Factory->withServiceAccount(Object(SensitiveParameterValue))
#5 D:/Website-monitoring/vendor/kreait/laravel-firebase/src/FirebaseProjectManager.php(35): Kreait/Laravel/Firebase/FirebaseProjectManager->configure('app')
#6 D:/Website-monitoring/vendor/kreait/laravel-firebase/src/ServiceProvider.php(38): Kreait/Laravel/Firebase/FirebaseProjectManager->project()
#7 D:/Website-monitoring/vendor/laravel/framework/src/Illuminate/Container/Container.php(1140): Kreait/Laravel/Firebase/ServiceProvider::{closure:Kreait/Laravel/Firebase/ServiceProvider::registerComponents():38}(Object(Illuminate/Foundation/Application), Array)
#8 D:/Website-monitoring/vendor/laravel/framework/src/Illuminate/Container/Container.php(939): Illuminate/Container/Container->build(Object(Closure))
#9 D:/Website-monitoring/vendor/laravel/framework/src/Illuminate/Foundation/Application.php(1085): Illuminate/Container/Container->resolve('Kreait//Firebase...', Array, true)
#10 D:/Website-monitoring/vendor/laravel/framework/src/Illuminate/Container/Container.php(867): Illuminate/Foundation/Application->resolve('Kreait//Firebase...', Array)
#11 D:/Website-monitoring/vendor/laravel/framework/src/Illuminate/Foundation/Application.php(1065): Illuminate/Container/Container->make('Kreait//Firebase...', Array)
#12 D:/Website-monitoring/vendor/laravel/framework/src/Illuminate/Container/Container.php(1363): Illuminate/Foundation/Application->make('Kreait//Firebase...')
#13 D:/Website-monitoring/vendor/laravel/framework/src/Illuminate/Container/Container.php(1264): Illuminate/Container/Container->resolveClass(Object(ReflectionParameter), 'Kreait//Firebase...')
#14 D:/Website-monitoring/vendor/laravel/framework/src/Illuminate/Container/Container.php(1187): Illuminate/Container/Container->resolveDependencies(Array)
#15 D:/Website-monitoring/vendor/laravel/framework/src/Illuminate/Container/Container.php(939): Illuminate/Container/Container->build('App//Http//Middle...')
#16 D:/Website-monitoring/vendor/laravel/framework/src/Illuminate/Foundation/Application.php(1085): Illuminate/Container/Container->resolve('App//Http//Middle...', Array, true)
#17 D:/Website-monitoring/vendor/laravel/framework/src/Illuminate/Container/Container.php(867): Illuminate/Foundation/Application->resolve('App//Http//Middle...', Array)
#18 D:/Website-monitoring/vendor/laravel/framework/src/Illuminate/Foundation/Application.php(1065): Illuminate/Container/Container->make('App//Http//Middle...', Array)
#19 D:/Website-monitoring/vendor/laravel/framework/src/Illuminate/Pipeline/Pipeline.php(208): Illuminate/Foundation/Application->make('App//Http//Middle...')
#20 D:/Website-monitoring/vendor/laravel/framework/src/Illuminate/Routing/Middleware/SubstituteBindings.php(52): Illuminate/Pipeline/Pipeline->{closure:{closure:Illuminate/Pipeline/Pipeline::carry():194}:195}(Object(Illuminate/Http/Request))
#21 D:/Website-monitoring/vendor/laravel/framework/src/Illuminate/Pipeline/Pipeline.php(219): Illuminate/Routing/Middleware/SubstituteBindings->handle(Object(Illuminate/Http/Request), Object(Closure))
#22 D:/Website-monitoring/vendor/laravel/framework/src/Illuminate/Pipeline/Pipeline.php(137): Illuminate/Pipeline/Pipeline->{closure:{closure:Illuminate/Pipeline/Pipeline::carry():194}:195}(Object(Illuminate/Http/Request))
#23 D:/Website-monitoring/vendor/laravel/framework/src/Illuminate/Routing/Router.php(821): Illuminate/Pipeline/Pipeline->then(Object(Closure))
#24 D:/Website-monitoring/vendor/laravel/framework/src/Illuminate/Routing/Router.php(800): Illuminate/Routing/Router->runRouteWithinStack(Object(Illuminate/Routing/Route), Object(Illuminate/Http/Request))
#25 D:/Website-monitoring/vendor/laravel/framework/src/Illuminate/Routing/Router.php(764): Illuminate/Routing/Router->runRoute(Object(Illuminate/Http/Request), Object(Illuminate/Routing/Route))
#26 D:/Website-monitoring/vendor/laravel/framework/src/Illuminate/Routing/Router.php(753): Illuminate/Routing/Router->dispatchToRoute(Object(Illuminate/Http/Request))
#27 D:/Website-monitoring/vendor/laravel/framework/src/Illuminate/Foundation/Http/Kernel.php(200): Illuminate/Routing/Router->dispatch(Object(Illuminate/Http/Request))
#28 D:/Website-monitoring/vendor/laravel/framework/src/Illuminate/Pipeline/Pipeline.php(180): Illuminate/Foundation/Http/Kernel->{closure:Illuminate/Foundation/Http/Kernel::dispatchToRouter():197}(Object(Illuminate/Http/Request))
#29 D:/Website-monitoring/app/Http/Middleware/SecurityHeaders.php(14): Illuminate/Pipeline/Pipeline->{closure:Illuminate/Pipeline/Pipeline::prepareDestination():178}(Object(Illuminate/Http/Request))
#30 D:/Website-monitoring/vendor/laravel/framework/src/Illuminate/Pipeline/Pipeline.php(219): App/Http/Middleware/SecurityHeaders->handle(Object(Illuminate/Http/Request), Object(Closure))
#31 D:/Website-monitoring/vendor/laravel/framework/src/Illuminate/Foundation/Http/Middleware/TransformsRequest.php(21): Illuminate/Pipeline/Pipeline->{closure:{closure:Illuminate/Pipeline/Pipeline::carry():194}:195}(Object(Illuminate/Http/Request))
#32 D:/Website-monitoring/vendor/laravel/framework/src/Illuminate/Foundation/Http/Middleware/ConvertEmptyStringsToNull.php(31): Illuminate/Foundation/Http/Middleware/TransformsRequest->handle(Object(Illuminate/Http/Request), Object(Closure))
#33 D:/Website-monitoring/vendor/laravel/framework/src/Illuminate/Pipeline/Pipeline.php(219): Illuminate/Foundation/Http/Middleware/ConvertEmptyStringsToNull->handle(Object(Illuminate/Http/Request), Object(Closure))
#34 D:/Website-monitoring/vendor/laravel/framework/src/Illuminate/Foundation/Http/Middleware/TransformsRequest.php(21): Illuminate/Pipeline/Pipeline->{closure:{closure:Illuminate/Pipeline/Pipeline::carry():194}:195}(Object(Illuminate/Http/Request))
#35 D:/Website-monitoring/vendor/laravel/framework/src/Illuminate/Foundation/Http/Middleware/TrimStrings.php(51): Illuminate/Foundation/Http/Middleware/TransformsRequest->handle(Object(Illuminate/Http/Request), Object(Closure))
#36 D:/Website-monitoring/vendor/laravel/framework/src/Illuminate/Pipeline/Pipeline.php(219): Illuminate/Foundation/Http/Middleware/TrimStrings->handle(Object(Illuminate/Http/Request), Object(Closure))
#37 D:/Website-monitoring/vendor/laravel/framework/src/Illuminate/Http/Middleware/ValidatePostSize.php(27): Illuminate/Pipeline/Pipeline->{closure:{closure:Illuminate/Pipeline/Pipeline::carry():194}:195}(Object(Illuminate/Http/Request))
#38 D:/Website-monitoring/vendor/laravel/framework/src/Illuminate/Pipeline/Pipeline.php(219): Illuminate/Http/Middleware/ValidatePostSize->handle(Object(Illuminate/Http/Request), Object(Closure))
#39 D:/Website-monitoring/vendor/laravel/framework/src/Illuminate/Foundation/Http/Middleware/PreventRequestsDuringMaintenance.php(110): Illuminate/Pipeline/Pipeline->{closure:{closure:Illuminate/Pipeline/Pipeline::carry():194}:195}(Object(Illuminate/Http/Request))
#40 D:/Website-monitoring/vendor/laravel/framework/src/Illuminate/Pipeline/Pipeline.php(219): Illuminate/Foundation/Http/Middleware/PreventRequestsDuringMaintenance->handle(Object(Illuminate/Http/Request), Object(Closure))
#41 D:/Website-monitoring/vendor/laravel/framework/src/Illuminate/Http/Middleware/HandleCors.php(74): Illuminate/Pipeline/Pipeline->{closure:{closure:Illuminate/Pipeline/Pipeline::carry():194}:195}(Object(Illuminate/Http/Request))
#42 D:/Website-monitoring/vendor/laravel/framework/src/Illuminate/Pipeline/Pipeline.php(219): Illuminate/Http/Middleware/HandleCors->handle(Object(Illuminate/Http/Request), Object(Closure))
#43 D:/Website-monitoring/vendor/laravel/framework/src/Illuminate/Http/Middleware/TrustProxies.php(58): Illuminate/Pipeline/Pipeline->{closure:{closure:Illuminate/Pipeline/Pipeline::carry():194}:195}(Object(Illuminate/Http/Request))
#44 D:/Website-monitoring/vendor/laravel/framework/src/Illuminate/Pipeline/Pipeline.php(219): Illuminate/Http/Middleware/TrustProxies->handle(Object(Illuminate/Http/Request), Object(Closure))
#45 D:/Website-monitoring/vendor/laravel/framework/src/Illuminate/Foundation/Http/Middleware/InvokeDeferredCallbacks.php(22): Illuminate/Pipeline/Pipeline->{closure:{closure:Illuminate/Pipeline/Pipeline::carry():194}:195}(Object(Illuminate/Http/Request))
#46 D:/Website-monitoring/vendor/laravel/framework/src/Illuminate/Pipeline/Pipeline.php(219): Illuminate/Foundation/Http/Middleware/InvokeDeferredCallbacks->handle(Object(Illuminate/Http/Request), Object(Closure))
#47 D:/Website-monitoring/vendor/laravel/framework/src/Illuminate/Http/Middleware/ValidatePathEncoding.php(28): Illuminate/Pipeline/Pipeline->{closure:{closure:Illuminate/Pipeline/Pipeline::carry():194}:195}(Object(Illuminate/Http/Request))
#48 D:/Website-monitoring/vendor/laravel/framework/src/Illuminate/Pipeline/Pipeline.php(219): Illuminate/Http/Middleware/ValidatePathEncoding->handle(Object(Illuminate/Http/Request), Object(Closure))
#49 D:/Website-monitoring/vendor/laravel/framework/src/Illuminate/Pipeline/Pipeline.php(137): Illuminate/Pipeline/Pipeline->{closure:{closure:Illuminate/Pipeline/Pipeline::carry():194}:195}(Object(Illuminate/Http/Request))
#50 D:/Website-monitoring/vendor/laravel/framework/src/Illuminate/Foundation/Http/Kernel.php(175): Illuminate/Pipeline/Pipeline->then(Object(Closure))
#51 D:/Website-monitoring/vendor/laravel/framework/src/Illuminate/Foundation/Http/Kernel.php(144): Illuminate/Foundation/Http/Kernel->sendRequestThroughRouter(Object(Illuminate/Http/Request))
#52 D:/Website-monitoring/vendor/laravel/framework/src/Illuminate/Foundation/Application.php(1227): Illuminate/Foundation/Http/Kernel->handle(Object(Illuminate/Http/Request))
#53 D:/Website-monitoring/public/index.php(20): Illuminate/Foundation/Application->handleRequest(Object(Illuminate/Http/Request))
#54 D:/Website-monitoring/vendor/laravel/framework/src/Illuminate/Foundation/resources/server.php(23): require_once('D://Website-moni...')
#55 {main}
"} 
[2026-09-14 02:28:03] local.ERROR: SplFileObject::__construct(D:\Website-monitoring\storage/app/firebase/service-account.json): Failed to open stream: No such file or directory {"exception":"[object] (Kreait\\Firebase\\Exception\\InvalidArgumentException(code: 0): SplFileObject::__construct(D:\\Website-monitoring\\storage/app/firebase/service-account.json): Failed to open stream: No such file or directory at D:/Website-monitoring/vendor/kreait/firebase-php/src/Valinor/Source.php:57)
[stacktrace]
#0 D:/Website-monitoring/vendor/kreait/firebase-php/src/Valinor/Source.php(40): Kreait/Firebase/Valinor/Source::file('D://Website-moni...')
#1 D:/Website-monitoring/vendor/kreait/firebase-php/src/Factory.php(666): Kreait/Firebase/Valinor/Source::parse('D://Website-moni...')
#2 D:/Website-monitoring/vendor/kreait/firebase-php/src/Factory.php(146): Kreait/Firebase/Factory->mapServiceAccount('D://Website-moni...')
#3 D:/Website-monitoring/vendor/kreait/laravel-firebase/src/FirebaseProjectManager.php(75): Kreait/Firebase/Factory->withServiceAccount(Object(SensitiveParameterValue))
#4 D:/Website-monitoring/vendor/kreait/laravel-firebase/src/FirebaseProjectManager.php(35): Kreait/Laravel/Firebase/FirebaseProjectManager->configure('app')
#5 D:/Website-monitoring/vendor/kreait/laravel-firebase/src/ServiceProvider.php(38): Kreait/Laravel/Firebase/FirebaseProjectManager->project()
#6 D:/Website-monitoring/vendor/laravel/framework/src/Illuminate/Container/Container.php(1140): Kreait/Laravel/Firebase/ServiceProvider::{closure:Kreait/Laravel/Firebase/ServiceProvider::registerComponents():38}(Object(Illuminate/Foundation/Application), Array)
#7 D:/Website-monitoring/vendor/laravel/framework/src/Illuminate/Container/Container.php(939): Illuminate/Container/Container->build(Object(Closure))
#8 D:/Website-monitoring/vendor/laravel/framework/src/Illuminate/Foundation/Application.php(1085): Illuminate/Container/Container->resolve('Kreait//Firebase...', Array, true)
#9 D:/Website-monitoring/vendor/laravel/framework/src/Illuminate/Container/Container.php(867): Illuminate/Foundation/Application->resolve('Kreait//Firebase...', Array)
#10 D:/Website-monitoring/vendor/laravel/framework/src/Illuminate/Foundation/Application.php(1065): Illuminate/Container/Container->make('Kreait//Firebase...', Array)
#11 D:/Website-monitoring/vendor/laravel/framework/src/Illuminate/Container/Container.php(1363): Illuminate/Foundation/Application->make('Kreait//Firebase...')
#12 D:/Website-monitoring/vendor/laravel/framework/src/Illuminate/Container/Container.php(1264): Illuminate/Container/Container->resolveClass(Object(ReflectionParameter), 'Kreait//Firebase...')
#13 D:/Website-monitoring/vendor/laravel/framework/src/Illuminate/Container/Container.php(1187): Illuminate/Container/Container->resolveDependencies(Array)
#14 D:/Website-monitoring/vendor/laravel/framework/src/Illuminate/Container/Container.php(939): Illuminate/Container/Container->build('App//Http//Middle...')
#15 D:/Website-monitoring/vendor/laravel/framework/src/Illuminate/Foundation/Application.php(1085): Illuminate/Container/Container->resolve('App//Http//Middle...', Array, true)
#16 D:/Website-monitoring/vendor/laravel/framework/src/Illuminate/Container/Container.php(867): Illuminate/Foundation/Application->resolve('App//Http//Middle...', Array)
#17 D:/Website-monitoring/vendor/laravel/framework/src/Illuminate/Foundation/Application.php(1065): Illuminate/Container/Container->make('App//Http//Middle...', Array)
#18 D:/Website-monitoring/vendor/laravel/framework/src/Illuminate/Foundation/Http/Kernel.php(257): Illuminate/Foundation/Application->make('App//Http//Middle...')
#19 D:/Website-monitoring/vendor/laravel/framework/src/Illuminate/Foundation/Http/Kernel.php(215): Illuminate/Foundation/Http/Kernel->terminateMiddleware(Object(Illuminate/Http/Request), Object(Illuminate/Http/JsonResponse))
#20 D:/Website-monitoring/vendor/laravel/framework/src/Illuminate/Foundation/Application.php(1229): Illuminate/Foundation/Http/Kernel->terminate(Object(Illuminate/Http/Request), Object(Illuminate/Http/JsonResponse))
#21 D:/Website-monitoring/public/index.php(20): Illuminate/Foundation/Application->handleRequest(Object(Illuminate/Http/Request))
#22 D:/Website-monitoring/vendor/laravel/framework/src/Illuminate/Foundation/resources/server.php(23): require_once('D://Website-moni...')
#23 {main}

[previous exception] [object] (RuntimeException(code: 0): SplFileObject::__construct(D:\\Website-monitoring\\storage/app/firebase/service-account.json): Failed to open stream: No such file or directory at D:/Website-monitoring/vendor/kreait/firebase-php/src/Valinor/Source.php:55)
[stacktrace]
#0 D:/Website-monitoring/vendor/kreait/firebase-php/src/Valinor/Source.php(55): SplFileObject->__construct('D://Website-moni...')
#1 D:/Website-monitoring/vendor/kreait/firebase-php/src/Valinor/Source.php(40): Kreait/Firebase/Valinor/Source::file('D://Website-moni...')
#2 D:/Website-monitoring/vendor/kreait/firebase-php/src/Factory.php(666): Kreait/Firebase/Valinor/Source::parse('D://Website-moni...')
#3 D:/Website-monitoring/vendor/kreait/firebase-php/src/Factory.php(146): Kreait/Firebase/Factory->mapServiceAccount('D://Website-moni...')
#4 D:/Website-monitoring/vendor/kreait/laravel-firebase/src/FirebaseProjectManager.php(75): Kreait/Firebase/Factory->withServiceAccount(Object(SensitiveParameterValue))
#5 D:/Website-monitoring/vendor/kreait/laravel-firebase/src/FirebaseProjectManager.php(35): Kreait/Laravel/Firebase/FirebaseProjectManager->configure('app')
#6 D:/Website-monitoring/vendor/kreait/laravel-firebase/src/ServiceProvider.php(38): Kreait/Laravel/Firebase/FirebaseProjectManager->project()
#7 D:/Website-monitoring/vendor/laravel/framework/src/Illuminate/Container/Container.php(1140): Kreait/Laravel/Firebase/ServiceProvider::{closure:Kreait/Laravel/Firebase/ServiceProvider::registerComponents():38}(Object(Illuminate/Foundation/Application), Array)
#8 D:/Website-monitoring/vendor/laravel/framework/src/Illuminate/Container/Container.php(939): Illuminate/Container/Container->build(Object(Closure))
#9 D:/Website-monitoring/vendor/laravel/framework/src/Illuminate/Foundation/Application.php(1085): Illuminate/Container/Container->resolve('Kreait//Firebase...', Array, true)
#10 D:/Website-monitoring/vendor/laravel/framework/src/Illuminate/Container/Container.php(867): Illuminate/Foundation/Application->resolve('Kreait//Firebase...', Array)
#11 D:/Website-monitoring/vendor/laravel/framework/src/Illuminate/Foundation/Application.php(1065): Illuminate/Container/Container->make('Kreait//Firebase...', Array)
#12 D:/Website-monitoring/vendor/laravel/framework/src/Illuminate/Container/Container.php(1363): Illuminate/Foundation/Application->make('Kreait//Firebase...')
#13 D:/Website-monitoring/vendor/laravel/framework/src/Illuminate/Container/Container.php(1264): Illuminate/Container/Container->resolveClass(Object(ReflectionParameter), 'Kreait//Firebase...')
#14 D:/Website-monitoring/vendor/laravel/framework/src/Illuminate/Container/Container.php(1187): Illuminate/Container/Container->resolveDependencies(Array)
#15 D:/Website-monitoring/vendor/laravel/framework/src/Illuminate/Container/Container.php(939): Illuminate/Container/Container->build('App//Http//Middle...')
#16 D:/Website-monitoring/vendor/laravel/framework/src/Illuminate/Foundation/Application.php(1085): Illuminate/Container/Container->resolve('App//Http//Middle...', Array, true)
#17 D:/Website-monitoring/vendor/laravel/framework/src/Illuminate/Container/Container.php(867): Illuminate/Foundation/Application->resolve('App//Http//Middle...', Array)
#18 D:/Website-monitoring/vendor/laravel/framework/src/Illuminate/Foundation/Application.php(1065): Illuminate/Container/Container->make('App//Http//Middle...', Array)
#19 D:/Website-monitoring/vendor/laravel/framework/src/Illuminate/Foundation/Http/Kernel.php(257): Illuminate/Foundation/Application->make('App//Http//Middle...')
#20 D:/Website-monitoring/vendor/laravel/framework/src/Illuminate/Foundation/Http/Kernel.php(215): Illuminate/Foundation/Http/Kernel->terminateMiddleware(Object(Illuminate/Http/Request), Object(Illuminate/Http/JsonResponse))
#21 D:/Website-monitoring/vendor/laravel/framework/src/Illuminate/Foundation/Application.php(1229): Illuminate/Foundation/Http/Kernel->terminate(Object(Illuminate/Http/Request), Object(Illuminate/Http/JsonResponse))
#22 D:/Website-monitoring/public/index.php(20): Illuminate/Foundation/Application->handleRequest(Object(Illuminate/Http/Request))
#23 D:/Website-monitoring/vendor/laravel/framework/src/Illuminate/Foundation/resources/server.php(23): require_once('D://Website-moni...')
#24 {main}
"} 
[2026-09-14 02:28:03] local.ERROR: Uncaught ErrorException: Cannot modify header information - headers already sent by (output started at D:\Website-monitoring\vendor\symfony\http-foundation\Response.php:393) in D:\Website-monitoring\vendor\symfony\http-foundation\Response.php:328
Stack trace:
#0 D:\Website-monitoring\vendor\laravel\framework\src\Illuminate\Foundation\Bootstrap\HandleExceptions.php(265): Illuminate\Foundation\Bootstrap\HandleExceptions->handleError(2, 'Cannot modify h...', 'D:\\Website-moni...', 328)
#1 [internal function]: Illuminate\Foundation\Bootstrap\HandleExceptions->{closure:Illuminate\Foundation\Bootstrap\HandleExceptions::forwardsTo():264}(2, 'Cannot modify h...', 'D:\\Website-moni...', 328)
#2 D:\Website-monitoring\vendor\symfony\http-foundation\Response.php(328): header('HTTP/1.0 500 In...', true, 500)
#3 D:\Website-monitoring\vendor\symfony\http-foundation\Response.php(407): Symfony\Component\HttpFoundation\Response->sendHeaders()
#4 D:\Website-monitoring\vendor\laravel\framework\src\Illuminate\Foundation\Bootstrap\HandleExceptions.php(228): Symfony\Component\HttpFoundation\Response->send()
#5 D:\Website-monitoring\vendor\laravel\framework\src\Illuminate\Foundation\Bootstrap\HandleExceptions.php(205): Illuminate\Foundation\Bootstrap\HandleExceptions->renderHttpResponse(Object(Kreait\Firebase\Exception\InvalidArgumentException))
#6 D:\Website-monitoring\vendor\laravel\framework\src\Illuminate\Foundation\Bootstrap\HandleExceptions.php(265): Illuminate\Foundation\Bootstrap\HandleExceptions->handleException(Object(Kreait\Firebase\Exception\InvalidArgumentException))
#7 [internal function]: Illuminate\Foundation\Bootstrap\HandleExceptions->{closure:Illuminate\Foundation\Bootstrap\HandleExceptions::forwardsTo():264}(Object(Kreait\Firebase\Exception\InvalidArgumentException))
#8 {main}
  thrown {"exception":"[object] (Symfony\\Component\\ErrorHandler\\Error\\FatalError(code: 0): Uncaught ErrorException: Cannot modify header information - headers already sent by (output started at D:\\Website-monitoring\\vendor\\symfony\\http-foundation\\Response.php:393) in D:\\Website-monitoring\\vendor\\symfony\\http-foundation\\Response.php:328
Stack trace:
#0 D:\\Website-monitoring\\vendor\\laravel\\framework\\src\\Illuminate\\Foundation\\Bootstrap\\HandleExceptions.php(265): Illuminate\\Foundation\\Bootstrap\\HandleExceptions->handleError(2, 'Cannot modify h...', 'D:\\\\Website-moni...', 328)
#1 [internal function]: Illuminate\\Foundation\\Bootstrap\\HandleExceptions->{closure:Illuminate\\Foundation\\Bootstrap\\HandleExceptions::forwardsTo():264}(2, 'Cannot modify h...', 'D:\\\\Website-moni...', 328)
#2 D:\\Website-monitoring\\vendor\\symfony\\http-foundation\\Response.php(328): header('HTTP/1.0 500 In...', true, 500)
#3 D:\\Website-monitoring\\vendor\\symfony\\http-foundation\\Response.php(407): Symfony\\Component\\HttpFoundation\\Response->sendHeaders()
#4 D:\\Website-monitoring\\vendor\\laravel\\framework\\src\\Illuminate\\Foundation\\Bootstrap\\HandleExceptions.php(228): Symfony\\Component\\HttpFoundation\\Response->send()
#5 D:\\Website-monitoring\\vendor\\laravel\\framework\\src\\Illuminate\\Foundation\\Bootstrap\\HandleExceptions.php(205): Illuminate\\Foundation\\Bootstrap\\HandleExceptions->renderHttpResponse(Object(Kreait\\Firebase\\Exception\\InvalidArgumentException))
#6 D:\\Website-monitoring\\vendor\\laravel\\framework\\src\\Illuminate\\Foundation\\Bootstrap\\HandleExceptions.php(265): Illuminate\\Foundation\\Bootstrap\\HandleExceptions->handleException(Object(Kreait\\Firebase\\Exception\\InvalidArgumentException))
#7 [internal function]: Illuminate\\Foundation\\Bootstrap\\HandleExceptions->{closure:Illuminate\\Foundation\\Bootstrap\\HandleExceptions::forwardsTo():264}(Object(Kreait\\Firebase\\Exception\\InvalidArgumentException))
#8 {main}
  thrown at D:/Website-monitoring/vendor/symfony/http-foundation/Response.php:328)
[stacktrace]
#0 {main}
"} 
[2026-09-14 02:28:13] local.ERROR: SplFileObject::__construct(D:\Website-monitoring\storage/app/firebase/service-account.json): Failed to open stream: No such file or directory {"exception":"[object] (Kreait\\Firebase\\Exception\\InvalidArgumentException(code: 0): SplFileObject::__construct(D:\\Website-monitoring\\storage/app/firebase/service-account.json): Failed to open stream: No such file or directory at D:/Website-monitoring/vendor/kreait/firebase-php/src/Valinor/Source.php:57)
[stacktrace]
#0 D:/Website-monitoring/vendor/kreait/firebase-php/src/Valinor/Source.php(40): Kreait/Firebase/Valinor/Source::file('D://Website-moni...')
#1 D:/Website-monitoring/vendor/kreait/firebase-php/src/Factory.php(666): Kreait/Firebase/Valinor/Source::parse('D://Website-moni...')
#2 D:/Website-monitoring/vendor/kreait/firebase-php/src/Factory.php(146): Kreait/Firebase/Factory->mapServiceAccount('D://Website-moni...')
#3 D:/Website-monitoring/vendor/kreait/laravel-firebase/src/FirebaseProjectManager.php(75): Kreait/Firebase/Factory->withServiceAccount(Object(SensitiveParameterValue))
#4 D:/Website-monitoring/vendor/kreait/laravel-firebase/src/FirebaseProjectManager.php(35): Kreait/Laravel/Firebase/FirebaseProjectManager->configure('app')
#5 D:/Website-monitoring/vendor/kreait/laravel-firebase/src/ServiceProvider.php(38): Kreait/Laravel/Firebase/FirebaseProjectManager->project()
#6 D:/Website-monitoring/vendor/laravel/framework/src/Illuminate/Container/Container.php(1140): Kreait/Laravel/Firebase/ServiceProvider::{closure:Kreait/Laravel/Firebase/ServiceProvider::registerComponents():38}(Object(Illuminate/Foundation/Application), Array)
#7 D:/Website-monitoring/vendor/laravel/framework/src/Illuminate/Container/Container.php(939): Illuminate/Container/Container->build(Object(Closure))
#8 D:/Website-monitoring/vendor/laravel/framework/src/Illuminate/Foundation/Application.php(1085): Illuminate/Container/Container->resolve('Kreait//Firebase...', Array, true)
#9 D:/Website-monitoring/vendor/laravel/framework/src/Illuminate/Container/Container.php(867): Illuminate/Foundation/Application->resolve('Kreait//Firebase...', Array)
#10 D:/Website-monitoring/vendor/laravel/framework/src/Illuminate/Foundation/Application.php(1065): Illuminate/Container/Container->make('Kreait//Firebase...', Array)
#11 D:/Website-monitoring/vendor/laravel/framework/src/Illuminate/Container/Container.php(1363): Illuminate/Foundation/Application->make('Kreait//Firebase...')
#12 D:/Website-monitoring/vendor/laravel/framework/src/Illuminate/Container/Container.php(1264): Illuminate/Container/Container->resolveClass(Object(ReflectionParameter), 'Kreait//Firebase...')
#13 D:/Website-monitoring/vendor/laravel/framework/src/Illuminate/Container/Container.php(1187): Illuminate/Container/Container->resolveDependencies(Array)
#14 D:/Website-monitoring/vendor/laravel/framework/src/Illuminate/Container/Container.php(939): Illuminate/Container/Container->build('App//Http//Middle...')
#15 D:/Website-monitoring/vendor/laravel/framework/src/Illuminate/Foundation/Application.php(1085): Illuminate/Container/Container->resolve('App//Http//Middle...', Array, true)
#16 D:/Website-monitoring/vendor/laravel/framework/src/Illuminate/Container/Container.php(867): Illuminate/Foundation/Application->resolve('App//Http//Middle...', Array)
#17 D:/Website-monitoring/vendor/laravel/framework/src/Illuminate/Foundation/Application.php(1065): Illuminate/Container/Container->make('App//Http//Middle...', Array)
#18 D:/Website-monitoring/vendor/laravel/framework/src/Illuminate/Pipeline/Pipeline.php(208): Illuminate/Foundation/Application->make('App//Http//Middle...')
#19 D:/Website-monitoring/vendor/laravel/framework/src/Illuminate/Routing/Middleware/SubstituteBindings.php(52): Illuminate/Pipeline/Pipeline->{closure:{closure:Illuminate/Pipeline/Pipeline::carry():194}:195}(Object(Illuminate/Http/Request))
#20 D:/Website-monitoring/vendor/laravel/framework/src/Illuminate/Pipeline/Pipeline.php(219): Illuminate/Routing/Middleware/SubstituteBindings->handle(Object(Illuminate/Http/Request), Object(Closure))
#21 D:/Website-monitoring/vendor/laravel/framework/src/Illuminate/Pipeline/Pipeline.php(137): Illuminate/Pipeline/Pipeline->{closure:{closure:Illuminate/Pipeline/Pipeline::carry():194}:195}(Object(Illuminate/Http/Request))
#22 D:/Website-monitoring/vendor/laravel/framework/src/Illuminate/Routing/Router.php(821): Illuminate/Pipeline/Pipeline->then(Object(Closure))
#23 D:/Website-monitoring/vendor/laravel/framework/src/Illuminate/Routing/Router.php(800): Illuminate/Routing/Router->runRouteWithinStack(Object(Illuminate/Routing/Route), Object(Illuminate/Http/Request))
#24 D:/Website-monitoring/vendor/laravel/framework/src/Illuminate/Routing/Router.php(764): Illuminate/Routing/Router->runRoute(Object(Illuminate/Http/Request), Object(Illuminate/Routing/Route))
#25 D:/Website-monitoring/vendor/laravel/framework/src/Illuminate/Routing/Router.php(753): Illuminate/Routing/Router->dispatchToRoute(Object(Illuminate/Http/Request))
#26 D:/Website-monitoring/vendor/laravel/framework/src/Illuminate/Foundation/Http/Kernel.php(200): Illuminate/Routing/Router->dispatch(Object(Illuminate/Http/Request))
#27 D:/Website-monitoring/vendor/laravel/framework/src/Illuminate/Pipeline/Pipeline.php(180): Illuminate/Foundation/Http/Kernel->{closure:Illuminate/Foundation/Http/Kernel::dispatchToRouter():197}(Object(Illuminate/Http/Request))
#28 D:/Website-monitoring/app/Http/Middleware/SecurityHeaders.php(14): Illuminate/Pipeline/Pipeline->{closure:Illuminate/Pipeline/Pipeline::prepareDestination():178}(Object(Illuminate/Http/Request))
#29 D:/Website-monitoring/vendor/laravel/framework/src/Illuminate/Pipeline/Pipeline.php(219): App/Http/Middleware/SecurityHeaders->handle(Object(Illuminate/Http/Request), Object(Closure))
#30 D:/Website-monitoring/vendor/laravel/framework/src/Illuminate/Foundation/Http/Middleware/TransformsRequest.php(21): Illuminate/Pipeline/Pipeline->{closure:{closure:Illuminate/Pipeline/Pipeline::carry():194}:195}(Object(Illuminate/Http/Request))
#31 D:/Website-monitoring/vendor/laravel/framework/src/Illuminate/Foundation/Http/Middleware/ConvertEmptyStringsToNull.php(31): Illuminate/Foundation/Http/Middleware/TransformsRequest->handle(Object(Illuminate/Http/Request), Object(Closure))
#32 D:/Website-monitoring/vendor/laravel/framework/src/Illuminate/Pipeline/Pipeline.php(219): Illuminate/Foundation/Http/Middleware/ConvertEmptyStringsToNull->handle(Object(Illuminate/Http/Request), Object(Closure))
#33 D:/Website-monitoring/vendor/laravel/framework/src/Illuminate/Foundation/Http/Middleware/TransformsRequest.php(21): Illuminate/Pipeline/Pipeline->{closure:{closure:Illuminate/Pipeline/Pipeline::carry():194}:195}(Object(Illuminate/Http/Request))
#34 D:/Website-monitoring/vendor/laravel/framework/src/Illuminate/Foundation/Http/Middleware/TrimStrings.php(51): Illuminate/Foundation/Http/Middleware/TransformsRequest->handle(Object(Illuminate/Http/Request), Object(Closure))
#35 D:/Website-monitoring/vendor/laravel/framework/src/Illuminate/Pipeline/Pipeline.php(219): Illuminate/Foundation/Http/Middleware/TrimStrings->handle(Object(Illuminate/Http/Request), Object(Closure))
#36 D:/Website-monitoring/vendor/laravel/framework/src/Illuminate/Http/Middleware/ValidatePostSize.php(27): Illuminate/Pipeline/Pipeline->{closure:{closure:Illuminate/Pipeline/Pipeline::carry():194}:195}(Object(Illuminate/Http/Request))
#37 D:/Website-monitoring/vendor/laravel/framework/src/Illuminate/Pipeline/Pipeline.php(219): Illuminate/Http/Middleware/ValidatePostSize->handle(Object(Illuminate/Http/Request), Object(Closure))
#38 D:/Website-monitoring/vendor/laravel/framework/src/Illuminate/Foundation/Http/Middleware/PreventRequestsDuringMaintenance.php(110): Illuminate/Pipeline/Pipeline->{closure:{closure:Illuminate/Pipeline/Pipeline::carry():194}:195}(Object(Illuminate/Http/Request))
#39 D:/Website-monitoring/vendor/laravel/framework/src/Illuminate/Pipeline/Pipeline.php(219): Illuminate/Foundation/Http/Middleware/PreventRequestsDuringMaintenance->handle(Object(Illuminate/Http/Request), Object(Closure))
#40 D:/Website-monitoring/vendor/laravel/framework/src/Illuminate/Http/Middleware/HandleCors.php(74): Illuminate/Pipeline/Pipeline->{closure:{closure:Illuminate/Pipeline/Pipeline::carry():194}:195}(Object(Illuminate/Http/Request))
#41 D:/Website-monitoring/vendor/laravel/framework/src/Illuminate/Pipeline/Pipeline.php(219): Illuminate/Http/Middleware/HandleCors->handle(Object(Illuminate/Http/Request), Object(Closure))
#42 D:/Website-monitoring/vendor/laravel/framework/src/Illuminate/Http/Middleware/TrustProxies.php(58): Illuminate/Pipeline/Pipeline->{closure:{closure:Illuminate/Pipeline/Pipeline::carry():194}:195}(Object(Illuminate/Http/Request))
#43 D:/Website-monitoring/vendor/laravel/framework/src/Illuminate/Pipeline/Pipeline.php(219): Illuminate/Http/Middleware/TrustProxies->handle(Object(Illuminate/Http/Request), Object(Closure))
#44 D:/Website-monitoring/vendor/laravel/framework/src/Illuminate/Foundation/Http/Middleware/InvokeDeferredCallbacks.php(22): Illuminate/Pipeline/Pipeline->{closure:{closure:Illuminate/Pipeline/Pipeline::carry():194}:195}(Object(Illuminate/Http/Request))
#45 D:/Website-monitoring/vendor/laravel/framework/src/Illuminate/Pipeline/Pipeline.php(219): Illuminate/Foundation/Http/Middleware/InvokeDeferredCallbacks->handle(Object(Illuminate/Http/Request), Object(Closure))
#46 D:/Website-monitoring/vendor/laravel/framework/src/Illuminate/Http/Middleware/ValidatePathEncoding.php(28): Illuminate/Pipeline/Pipeline->{closure:{closure:Illuminate/Pipeline/Pipeline::carry():194}:195}(Object(Illuminate/Http/Request))
#47 D:/Website-monitoring/vendor/laravel/framework/src/Illuminate/Pipeline/Pipeline.php(219): Illuminate/Http/Middleware/ValidatePathEncoding->handle(Object(Illuminate/Http/Request), Object(Closure))
#48 D:/Website-monitoring/vendor/laravel/framework/src/Illuminate/Pipeline/Pipeline.php(137): Illuminate/Pipeline/Pipeline->{closure:{closure:Illuminate/Pipeline/Pipeline::carry():194}:195}(Object(Illuminate/Http/Request))
#49 D:/Website-monitoring/vendor/laravel/framework/src/Illuminate/Foundation/Http/Kernel.php(175): Illuminate/Pipeline/Pipeline->then(Object(Closure))
#50 D:/Website-monitoring/vendor/laravel/framework/src/Illuminate/Foundation/Http/Kernel.php(144): Illuminate/Foundation/Http/Kernel->sendRequestThroughRouter(Object(Illuminate/Http/Request))
#51 D:/Website-monitoring/vendor/laravel/framework/src/Illuminate/Foundation/Application.php(1227): Illuminate/Foundation/Http/Kernel->handle(Object(Illuminate/Http/Request))
#52 D:/Website-monitoring/public/index.php(20): Illuminate/Foundation/Application->handleRequest(Object(Illuminate/Http/Request))
#53 D:/Website-monitoring/vendor/laravel/framework/src/Illuminate/Foundation/resources/server.php(23): require_once('D://Website-moni...')
#54 {main}

[previous exception] [object] (RuntimeException(code: 0): SplFileObject::__construct(D:\\Website-monitoring\\storage/app/firebase/service-account.json): Failed to open stream: No such file or directory at D:/Website-monitoring/vendor/kreait/firebase-php/src/Valinor/Source.php:55)
[stacktrace]
#0 D:/Website-monitoring/vendor/kreait/firebase-php/src/Valinor/Source.php(55): SplFileObject->__construct('D://Website-moni...')
#1 D:/Website-monitoring/vendor/kreait/firebase-php/src/Valinor/Source.php(40): Kreait/Firebase/Valinor/Source::file('D://Website-moni...')
#2 D:/Website-monitoring/vendor/kreait/firebase-php/src/Factory.php(666): Kreait/Firebase/Valinor/Source::parse('D://Website-moni...')
#3 D:/Website-monitoring/vendor/kreait/firebase-php/src/Factory.php(146): Kreait/Firebase/Factory->mapServiceAccount('D://Website-moni...')
#4 D:/Website-monitoring/vendor/kreait/laravel-firebase/src/FirebaseProjectManager.php(75): Kreait/Firebase/Factory->withServiceAccount(Object(SensitiveParameterValue))
#5 D:/Website-monitoring/vendor/kreait/laravel-firebase/src/FirebaseProjectManager.php(35): Kreait/Laravel/Firebase/FirebaseProjectManager->configure('app')
#6 D:/Website-monitoring/vendor/kreait/laravel-firebase/src/ServiceProvider.php(38): Kreait/Laravel/Firebase/FirebaseProjectManager->project()
#7 D:/Website-monitoring/vendor/laravel/framework/src/Illuminate/Container/Container.php(1140): Kreait/Laravel/Firebase/ServiceProvider::{closure:Kreait/Laravel/Firebase/ServiceProvider::registerComponents():38}(Object(Illuminate/Foundation/Application), Array)
#8 D:/Website-monitoring/vendor/laravel/framework/src/Illuminate/Container/Container.php(939): Illuminate/Container/Container->build(Object(Closure))
#9 D:/Website-monitoring/vendor/laravel/framework/src/Illuminate/Foundation/Application.php(1085): Illuminate/Container/Container->resolve('Kreait//Firebase...', Array, true)
#10 D:/Website-monitoring/vendor/laravel/framework/src/Illuminate/Container/Container.php(867): Illuminate/Foundation/Application->resolve('Kreait//Firebase...', Array)
#11 D:/Website-monitoring/vendor/laravel/framework/src/Illuminate/Foundation/Application.php(1065): Illuminate/Container/Container->make('Kreait//Firebase...', Array)
#12 D:/Website-monitoring/vendor/laravel/framework/src/Illuminate/Container/Container.php(1363): Illuminate/Foundation/Application->make('Kreait//Firebase...')
#13 D:/Website-monitoring/vendor/laravel/framework/src/Illuminate/Container/Container.php(1264): Illuminate/Container/Container->resolveClass(Object(ReflectionParameter), 'Kreait//Firebase...')
#14 D:/Website-monitoring/vendor/laravel/framework/src/Illuminate/Container/Container.php(1187): Illuminate/Container/Container->resolveDependencies(Array)
#15 D:/Website-monitoring/vendor/laravel/framework/src/Illuminate/Container/Container.php(939): Illuminate/Container/Container->build('App//Http//Middle...')
#16 D:/Website-monitoring/vendor/laravel/framework/src/Illuminate/Foundation/Application.php(1085): Illuminate/Container/Container->resolve('App//Http//Middle...', Array, true)
#17 D:/Website-monitoring/vendor/laravel/framework/src/Illuminate/Container/Container.php(867): Illuminate/Foundation/Application->resolve('App//Http//Middle...', Array)
#18 D:/Website-monitoring/vendor/laravel/framework/src/Illuminate/Foundation/Application.php(1065): Illuminate/Container/Container->make('App//Http//Middle...', Array)
#19 D:/Website-monitoring/vendor/laravel/framework/src/Illuminate/Pipeline/Pipeline.php(208): Illuminate/Foundation/Application->make('App//Http//Middle...')
#20 D:/Website-monitoring/vendor/laravel/framework/src/Illuminate/Routing/Middleware/SubstituteBindings.php(52): Illuminate/Pipeline/Pipeline->{closure:{closure:Illuminate/Pipeline/Pipeline::carry():194}:195}(Object(Illuminate/Http/Request))
#21 D:/Website-monitoring/vendor/laravel/framework/src/Illuminate/Pipeline/Pipeline.php(219): Illuminate/Routing/Middleware/SubstituteBindings->handle(Object(Illuminate/Http/Request), Object(Closure))
#22 D:/Website-monitoring/vendor/laravel/framework/src/Illuminate/Pipeline/Pipeline.php(137): Illuminate/Pipeline/Pipeline->{closure:{closure:Illuminate/Pipeline/Pipeline::carry():194}:195}(Object(Illuminate/Http/Request))
#23 D:/Website-monitoring/vendor/laravel/framework/src/Illuminate/Routing/Router.php(821): Illuminate/Pipeline/Pipeline->then(Object(Closure))
#24 D:/Website-monitoring/vendor/laravel/framework/src/Illuminate/Routing/Router.php(800): Illuminate/Routing/Router->runRouteWithinStack(Object(Illuminate/Routing/Route), Object(Illuminate/Http/Request))
#25 D:/Website-monitoring/vendor/laravel/framework/src/Illuminate/Routing/Router.php(764): Illuminate/Routing/Router->runRoute(Object(Illuminate/Http/Request), Object(Illuminate/Routing/Route))
#26 D:/Website-monitoring/vendor/laravel/framework/src/Illuminate/Routing/Router.php(753): Illuminate/Routing/Router->dispatchToRoute(Object(Illuminate/Http/Request))
#27 D:/Website-monitoring/vendor/laravel/framework/src/Illuminate/Foundation/Http/Kernel.php(200): Illuminate/Routing/Router->dispatch(Object(Illuminate/Http/Request))
#28 D:/Website-monitoring/vendor/laravel/framework/src/Illuminate/Pipeline/Pipeline.php(180): Illuminate/Foundation/Http/Kernel->{closure:Illuminate/Foundation/Http/Kernel::dispatchToRouter():197}(Object(Illuminate/Http/Request))
#29 D:/Website-monitoring/app/Http/Middleware/SecurityHeaders.php(14): Illuminate/Pipeline/Pipeline->{closure:Illuminate/Pipeline/Pipeline::prepareDestination():178}(Object(Illuminate/Http/Request))
#30 D:/Website-monitoring/vendor/laravel/framework/src/Illuminate/Pipeline/Pipeline.php(219): App/Http/Middleware/SecurityHeaders->handle(Object(Illuminate/Http/Request), Object(Closure))
#31 D:/Website-monitoring/vendor/laravel/framework/src/Illuminate/Foundation/Http/Middleware/TransformsRequest.php(21): Illuminate/Pipeline/Pipeline->{closure:{closure:Illuminate/Pipeline/Pipeline::carry():194}:195}(Object(Illuminate/Http/Request))
#32 D:/Website-monitoring/vendor/laravel/framework/src/Illuminate/Foundation/Http/Middleware/ConvertEmptyStringsToNull.php(31): Illuminate/Foundation/Http/Middleware/TransformsRequest->handle(Object(Illuminate/Http/Request), Object(Closure))
#33 D:/Website-monitoring/vendor/laravel/framework/src/Illuminate/Pipeline/Pipeline.php(219): Illuminate/Foundation/Http/Middleware/ConvertEmptyStringsToNull->handle(Object(Illuminate/Http/Request), Object(Closure))
#34 D:/Website-monitoring/vendor/laravel/framework/src/Illuminate/Foundation/Http/Middleware/TransformsRequest.php(21): Illuminate/Pipeline/Pipeline->{closure:{closure:Illuminate/Pipeline/Pipeline::carry():194}:195}(Object(Illuminate/Http/Request))
#35 D:/Website-monitoring/vendor/laravel/framework/src/Illuminate/Foundation/Http/Middleware/TrimStrings.php(51): Illuminate/Foundation/Http/Middleware/TransformsRequest->handle(Object(Illuminate/Http/Request), Object(Closure))
#36 D:/Website-monitoring/vendor/laravel/framework/src/Illuminate/Pipeline/Pipeline.php(219): Illuminate/Foundation/Http/Middleware/TrimStrings->handle(Object(Illuminate/Http/Request), Object(Closure))
#37 D:/Website-monitoring/vendor/laravel/framework/src/Illuminate/Http/Middleware/ValidatePostSize.php(27): Illuminate/Pipeline/Pipeline->{closure:{closure:Illuminate/Pipeline/Pipeline::carry():194}:195}(Object(Illuminate/Http/Request))
#38 D:/Website-monitoring/vendor/laravel/framework/src/Illuminate/Pipeline/Pipeline.php(219): Illuminate/Http/Middleware/ValidatePostSize->handle(Object(Illuminate/Http/Request), Object(Closure))
#39 D:/Website-monitoring/vendor/laravel/framework/src/Illuminate/Foundation/Http/Middleware/PreventRequestsDuringMaintenance.php(110): Illuminate/Pipeline/Pipeline->{closure:{closure:Illuminate/Pipeline/Pipeline::carry():194}:195}(Object(Illuminate/Http/Request))
#40 D:/Website-monitoring/vendor/laravel/framework/src/Illuminate/Pipeline/Pipeline.php(219): Illuminate/Foundation/Http/Middleware/PreventRequestsDuringMaintenance->handle(Object(Illuminate/Http/Request), Object(Closure))
#41 D:/Website-monitoring/vendor/laravel/framework/src/Illuminate/Http/Middleware/HandleCors.php(74): Illuminate/Pipeline/Pipeline->{closure:{closure:Illuminate/Pipeline/Pipeline::carry():194}:195}(Object(Illuminate/Http/Request))
#42 D:/Website-monitoring/vendor/laravel/framework/src/Illuminate/Pipeline/Pipeline.php(219): Illuminate/Http/Middleware/HandleCors->handle(Object(Illuminate/Http/Request), Object(Closure))
#43 D:/Website-monitoring/vendor/laravel/framework/src/Illuminate/Http/Middleware/TrustProxies.php(58): Illuminate/Pipeline/Pipeline->{closure:{closure:Illuminate/Pipeline/Pipeline::carry():194}:195}(Object(Illuminate/Http/Request))
#44 D:/Website-monitoring/vendor/laravel/framework/src/Illuminate/Pipeline/Pipeline.php(219): Illuminate/Http/Middleware/TrustProxies->handle(Object(Illuminate/Http/Request), Object(Closure))
#45 D:/Website-monitoring/vendor/laravel/framework/src/Illuminate/Foundation/Http/Middleware/InvokeDeferredCallbacks.php(22): Illuminate/Pipeline/Pipeline->{closure:{closure:Illuminate/Pipeline/Pipeline::carry():194}:195}(Object(Illuminate/Http/Request))
#46 D:/Website-monitoring/vendor/laravel/framework/src/Illuminate/Pipeline/Pipeline.php(219): Illuminate/Foundation/Http/Middleware/InvokeDeferredCallbacks->handle(Object(Illuminate/Http/Request), Object(Closure))
#47 D:/Website-monitoring/vendor/laravel/framework/src/Illuminate/Http/Middleware/ValidatePathEncoding.php(28): Illuminate/Pipeline/Pipeline->{closure:{closure:Illuminate/Pipeline/Pipeline::carry():194}:195}(Object(Illuminate/Http/Request))
#48 D:/Website-monitoring/vendor/laravel/framework/src/Illuminate/Pipeline/Pipeline.php(219): Illuminate/Http/Middleware/ValidatePathEncoding->handle(Object(Illuminate/Http/Request), Object(Closure))
#49 D:/Website-monitoring/vendor/laravel/framework/src/Illuminate/Pipeline/Pipeline.php(137): Illuminate/Pipeline/Pipeline->{closure:{closure:Illuminate/Pipeline/Pipeline::carry():194}:195}(Object(Illuminate/Http/Request))
#50 D:/Website-monitoring/vendor/laravel/framework/src/Illuminate/Foundation/Http/Kernel.php(175): Illuminate/Pipeline/Pipeline->then(Object(Closure))
#51 D:/Website-monitoring/vendor/laravel/framework/src/Illuminate/Foundation/Http/Kernel.php(144): Illuminate/Foundation/Http/Kernel->sendRequestThroughRouter(Object(Illuminate/Http/Request))
#52 D:/Website-monitoring/vendor/laravel/framework/src/Illuminate/Foundation/Application.php(1227): Illuminate/Foundation/Http/Kernel->handle(Object(Illuminate/Http/Request))
#53 D:/Website-monitoring/public/index.php(20): Illuminate/Foundation/Application->handleRequest(Object(Illuminate/Http/Request))
#54 D:/Website-monitoring/vendor/laravel/framework/src/Illuminate/Foundation/resources/server.php(23): require_once('D://Website-moni...')
#55 {main}
"} 
[2026-09-14 02:28:13] local.ERROR: SplFileObject::__construct(D:\Website-monitoring\storage/app/firebase/service-account.json): Failed to open stream: No such file or directory {"exception":"[object] (Kreait\\Firebase\\Exception\\InvalidArgumentException(code: 0): SplFileObject::__construct(D:\\Website-monitoring\\storage/app/firebase/service-account.json): Failed to open stream: No such file or directory at D:/Website-monitoring/vendor/kreait/firebase-php/src/Valinor/Source.php:57)
[stacktrace]
#0 D:/Website-monitoring/vendor/kreait/firebase-php/src/Valinor/Source.php(40): Kreait/Firebase/Valinor/Source::file('D://Website-moni...')
#1 D:/Website-monitoring/vendor/kreait/firebase-php/src/Factory.php(666): Kreait/Firebase/Valinor/Source::parse('D://Website-moni...')
#2 D:/Website-monitoring/vendor/kreait/firebase-php/src/Factory.php(146): Kreait/Firebase/Factory->mapServiceAccount('D://Website-moni...')
#3 D:/Website-monitoring/vendor/kreait/laravel-firebase/src/FirebaseProjectManager.php(75): Kreait/Firebase/Factory->withServiceAccount(Object(SensitiveParameterValue))
#4 D:/Website-monitoring/vendor/kreait/laravel-firebase/src/FirebaseProjectManager.php(35): Kreait/Laravel/Firebase/FirebaseProjectManager->configure('app')
#5 D:/Website-monitoring/vendor/kreait/laravel-firebase/src/ServiceProvider.php(38): Kreait/Laravel/Firebase/FirebaseProjectManager->project()
#6 D:/Website-monitoring/vendor/laravel/framework/src/Illuminate/Container/Container.php(1140): Kreait/Laravel/Firebase/ServiceProvider::{closure:Kreait/Laravel/Firebase/ServiceProvider::registerComponents():38}(Object(Illuminate/Foundation/Application), Array)
#7 D:/Website-monitoring/vendor/laravel/framework/src/Illuminate/Container/Container.php(939): Illuminate/Container/Container->build(Object(Closure))
#8 D:/Website-monitoring/vendor/laravel/framework/src/Illuminate/Foundation/Application.php(1085): Illuminate/Container/Container->resolve('Kreait//Firebase...', Array, true)
#9 D:/Website-monitoring/vendor/laravel/framework/src/Illuminate/Container/Container.php(867): Illuminate/Foundation/Application->resolve('Kreait//Firebase...', Array)
#10 D:/Website-monitoring/vendor/laravel/framework/src/Illuminate/Foundation/Application.php(1065): Illuminate/Container/Container->make('Kreait//Firebase...', Array)
#11 D:/Website-monitoring/vendor/laravel/framework/src/Illuminate/Container/Container.php(1363): Illuminate/Foundation/Application->make('Kreait//Firebase...')
#12 D:/Website-monitoring/vendor/laravel/framework/src/Illuminate/Container/Container.php(1264): Illuminate/Container/Container->resolveClass(Object(ReflectionParameter), 'Kreait//Firebase...')
#13 D:/Website-monitoring/vendor/laravel/framework/src/Illuminate/Container/Container.php(1187): Illuminate/Container/Container->resolveDependencies(Array)
#14 D:/Website-monitoring/vendor/laravel/framework/src/Illuminate/Container/Container.php(939): Illuminate/Container/Container->build('App//Http//Middle...')
#15 D:/Website-monitoring/vendor/laravel/framework/src/Illuminate/Foundation/Application.php(1085): Illuminate/Container/Container->resolve('App//Http//Middle...', Array, true)
#16 D:/Website-monitoring/vendor/laravel/framework/src/Illuminate/Container/Container.php(867): Illuminate/Foundation/Application->resolve('App//Http//Middle...', Array)
#17 D:/Website-monitoring/vendor/laravel/framework/src/Illuminate/Foundation/Application.php(1065): Illuminate/Container/Container->make('App//Http//Middle...', Array)
#18 D:/Website-monitoring/vendor/laravel/framework/src/Illuminate/Foundation/Http/Kernel.php(257): Illuminate/Foundation/Application->make('App//Http//Middle...')
#19 D:/Website-monitoring/vendor/laravel/framework/src/Illuminate/Foundation/Http/Kernel.php(215): Illuminate/Foundation/Http/Kernel->terminateMiddleware(Object(Illuminate/Http/Request), Object(Illuminate/Http/JsonResponse))
#20 D:/Website-monitoring/vendor/laravel/framework/src/Illuminate/Foundation/Application.php(1229): Illuminate/Foundation/Http/Kernel->terminate(Object(Illuminate/Http/Request), Object(Illuminate/Http/JsonResponse))
#21 D:/Website-monitoring/public/index.php(20): Illuminate/Foundation/Application->handleRequest(Object(Illuminate/Http/Request))
#22 D:/Website-monitoring/vendor/laravel/framework/src/Illuminate/Foundation/resources/server.php(23): require_once('D://Website-moni...')
#23 {main}

[previous exception] [object] (RuntimeException(code: 0): SplFileObject::__construct(D:\\Website-monitoring\\storage/app/firebase/service-account.json): Failed to open stream: No such file or directory at D:/Website-monitoring/vendor/kreait/firebase-php/src/Valinor/Source.php:55)
[stacktrace]
#0 D:/Website-monitoring/vendor/kreait/firebase-php/src/Valinor/Source.php(55): SplFileObject->__construct('D://Website-moni...')
#1 D:/Website-monitoring/vendor/kreait/firebase-php/src/Valinor/Source.php(40): Kreait/Firebase/Valinor/Source::file('D://Website-moni...')
#2 D:/Website-monitoring/vendor/kreait/firebase-php/src/Factory.php(666): Kreait/Firebase/Valinor/Source::parse('D://Website-moni...')
#3 D:/Website-monitoring/vendor/kreait/firebase-php/src/Factory.php(146): Kreait/Firebase/Factory->mapServiceAccount('D://Website-moni...')
#4 D:/Website-monitoring/vendor/kreait/laravel-firebase/src/FirebaseProjectManager.php(75): Kreait/Firebase/Factory->withServiceAccount(Object(SensitiveParameterValue))
#5 D:/Website-monitoring/vendor/kreait/laravel-firebase/src/FirebaseProjectManager.php(35): Kreait/Laravel/Firebase/FirebaseProjectManager->configure('app')
#6 D:/Website-monitoring/vendor/kreait/laravel-firebase/src/ServiceProvider.php(38): Kreait/Laravel/Firebase/FirebaseProjectManager->project()
#7 D:/Website-monitoring/vendor/laravel/framework/src/Illuminate/Container/Container.php(1140): Kreait/Laravel/Firebase/ServiceProvider::{closure:Kreait/Laravel/Firebase/ServiceProvider::registerComponents():38}(Object(Illuminate/Foundation/Application), Array)
#8 D:/Website-monitoring/vendor/laravel/framework/src/Illuminate/Container/Container.php(939): Illuminate/Container/Container->build(Object(Closure))
#9 D:/Website-monitoring/vendor/laravel/framework/src/Illuminate/Foundation/Application.php(1085): Illuminate/Container/Container->resolve('Kreait//Firebase...', Array, true)
#10 D:/Website-monitoring/vendor/laravel/framework/src/Illuminate/Container/Container.php(867): Illuminate/Foundation/Application->resolve('Kreait//Firebase...', Array)
#11 D:/Website-monitoring/vendor/laravel/framework/src/Illuminate/Foundation/Application.php(1065): Illuminate/Container/Container->make('Kreait//Firebase...', Array)
#12 D:/Website-monitoring/vendor/laravel/framework/src/Illuminate/Container/Container.php(1363): Illuminate/Foundation/Application->make('Kreait//Firebase...')
#13 D:/Website-monitoring/vendor/laravel/framework/src/Illuminate/Container/Container.php(1264): Illuminate/Container/Container->resolveClass(Object(ReflectionParameter), 'Kreait//Firebase...')
#14 D:/Website-monitoring/vendor/laravel/framework/src/Illuminate/Container/Container.php(1187): Illuminate/Container/Container->resolveDependencies(Array)
#15 D:/Website-monitoring/vendor/laravel/framework/src/Illuminate/Container/Container.php(939): Illuminate/Container/Container->build('App//Http//Middle...')
#16 D:/Website-monitoring/vendor/laravel/framework/src/Illuminate/Foundation/Application.php(1085): Illuminate/Container/Container->resolve('App//Http//Middle...', Array, true)
#17 D:/Website-monitoring/vendor/laravel/framework/src/Illuminate/Container/Container.php(867): Illuminate/Foundation/Application->resolve('App//Http//Middle...', Array)
#18 D:/Website-monitoring/vendor/laravel/framework/src/Illuminate/Foundation/Application.php(1065): Illuminate/Container/Container->make('App//Http//Middle...', Array)
#19 D:/Website-monitoring/vendor/laravel/framework/src/Illuminate/Foundation/Http/Kernel.php(257): Illuminate/Foundation/Application->make('App//Http//Middle...')
#20 D:/Website-monitoring/vendor/laravel/framework/src/Illuminate/Foundation/Http/Kernel.php(215): Illuminate/Foundation/Http/Kernel->terminateMiddleware(Object(Illuminate/Http/Request), Object(Illuminate/Http/JsonResponse))
#21 D:/Website-monitoring/vendor/laravel/framework/src/Illuminate/Foundation/Application.php(1229): Illuminate/Foundation/Http/Kernel->terminate(Object(Illuminate/Http/Request), Object(Illuminate/Http/JsonResponse))
#22 D:/Website-monitoring/public/index.php(20): Illuminate/Foundation/Application->handleRequest(Object(Illuminate/Http/Request))
#23 D:/Website-monitoring/vendor/laravel/framework/src/Illuminate/Foundation/resources/server.php(23): require_once('D://Website-moni...')
#24 {main}
"} 
[2026-09-14 02:28:13] local.ERROR: Uncaught ErrorException: Cannot modify header information - headers already sent by (output started at D:\Website-monitoring\vendor\symfony\http-foundation\Response.php:393) in D:\Website-monitoring\vendor\symfony\http-foundation\Response.php:328
Stack trace:
#0 D:\Website-monitoring\vendor\laravel\framework\src\Illuminate\Foundation\Bootstrap\HandleExceptions.php(265): Illuminate\Foundation\Bootstrap\HandleExceptions->handleError(2, 'Cannot modify h...', 'D:\\Website-moni...', 328)
#1 [internal function]: Illuminate\Foundation\Bootstrap\HandleExceptions->{closure:Illuminate\Foundation\Bootstrap\HandleExceptions::forwardsTo():264}(2, 'Cannot modify h...', 'D:\\Website-moni...', 328)
#2 D:\Website-monitoring\vendor\symfony\http-foundation\Response.php(328): header('HTTP/1.0 500 In...', true, 500)
#3 D:\Website-monitoring\vendor\symfony\http-foundation\Response.php(407): Symfony\Component\HttpFoundation\Response->sendHeaders()
#4 D:\Website-monitoring\vendor\laravel\framework\src\Illuminate\Foundation\Bootstrap\HandleExceptions.php(228): Symfony\Component\HttpFoundation\Response->send()
#5 D:\Website-monitoring\vendor\laravel\framework\src\Illuminate\Foundation\Bootstrap\HandleExceptions.php(205): Illuminate\Foundation\Bootstrap\HandleExceptions->renderHttpResponse(Object(Kreait\Firebase\Exception\InvalidArgumentException))
#6 D:\Website-monitoring\vendor\laravel\framework\src\Illuminate\Foundation\Bootstrap\HandleExceptions.php(265): Illuminate\Foundation\Bootstrap\HandleExceptions->handleException(Object(Kreait\Firebase\Exception\InvalidArgumentException))
#7 [internal function]: Illuminate\Foundation\Bootstrap\HandleExceptions->{closure:Illuminate\Foundation\Bootstrap\HandleExceptions::forwardsTo():264}(Object(Kreait\Firebase\Exception\InvalidArgumentException))
#8 {main}
  thrown {"exception":"[object] (Symfony\\Component\\ErrorHandler\\Error\\FatalError(code: 0): Uncaught ErrorException: Cannot modify header information - headers already sent by (output started at D:\\Website-monitoring\\vendor\\symfony\\http-foundation\\Response.php:393) in D:\\Website-monitoring\\vendor\\symfony\\http-foundation\\Response.php:328
Stack trace:
#0 D:\\Website-monitoring\\vendor\\laravel\\framework\\src\\Illuminate\\Foundation\\Bootstrap\\HandleExceptions.php(265): Illuminate\\Foundation\\Bootstrap\\HandleExceptions->handleError(2, 'Cannot modify h...', 'D:\\\\Website-moni...', 328)
#1 [internal function]: Illuminate\\Foundation\\Bootstrap\\HandleExceptions->{closure:Illuminate\\Foundation\\Bootstrap\\HandleExceptions::forwardsTo():264}(2, 'Cannot modify h...', 'D:\\\\Website-moni...', 328)
#2 D:\\Website-monitoring\\vendor\\symfony\\http-foundation\\Response.php(328): header('HTTP/1.0 500 In...', true, 500)
#3 D:\\Website-monitoring\\vendor\\symfony\\http-foundation\\Response.php(407): Symfony\\Component\\HttpFoundation\\Response->sendHeaders()
#4 D:\\Website-monitoring\\vendor\\laravel\\framework\\src\\Illuminate\\Foundation\\Bootstrap\\HandleExceptions.php(228): Symfony\\Component\\HttpFoundation\\Response->send()
#5 D:\\Website-monitoring\\vendor\\laravel\\framework\\src\\Illuminate\\Foundation\\Bootstrap\\HandleExceptions.php(205): Illuminate\\Foundation\\Bootstrap\\HandleExceptions->renderHttpResponse(Object(Kreait\\Firebase\\Exception\\InvalidArgumentException))
#6 D:\\Website-monitoring\\vendor\\laravel\\framework\\src\\Illuminate\\Foundation\\Bootstrap\\HandleExceptions.php(265): Illuminate\\Foundation\\Bootstrap\\HandleExceptions->handleException(Object(Kreait\\Firebase\\Exception\\InvalidArgumentException))
#7 [internal function]: Illuminate\\Foundation\\Bootstrap\\HandleExceptions->{closure:Illuminate\\Foundation\\Bootstrap\\HandleExceptions::forwardsTo():264}(Object(Kreait\\Firebase\\Exception\\InvalidArgumentException))
#8 {main}
  thrown at D:/Website-monitoring/vendor/symfony/http-foundation/Response.php:328)
[stacktrace]
#0 {main}
"} 
[2026-09-14 02:28:23] local.ERROR: SplFileObject::__construct(D:\Website-monitoring\storage/app/firebase/service-account.json): Failed to open stream: No such file or directory {"exception":"[object] (Kreait\\Firebase\\Exception\\InvalidArgumentException(code: 0): SplFileObject::__construct(D:\\Website-monitoring\\storage/app/firebase/service-account.json): Failed to open stream: No such file or directory at D:/Website-monitoring/vendor/kreait/firebase-php/src/Valinor/Source.php:57)
[stacktrace]
#0 D:/Website-monitoring/vendor/kreait/firebase-php/src/Valinor/Source.php(40): Kreait/Firebase/Valinor/Source::file('D://Website-moni...')
#1 D:/Website-monitoring/vendor/kreait/firebase-php/src/Factory.php(666): Kreait/Firebase/Valinor/Source::parse('D://Website-moni...')
#2 D:/Website-monitoring/vendor/kreait/firebase-php/src/Factory.php(146): Kreait/Firebase/Factory->mapServiceAccount('D://Website-moni...')
#3 D:/Website-monitoring/vendor/kreait/laravel-firebase/src/FirebaseProjectManager.php(75): Kreait/Firebase/Factory->withServiceAccount(Object(SensitiveParameterValue))
#4 D:/Website-monitoring/vendor/kreait/laravel-firebase/src/FirebaseProjectManager.php(35): Kreait/Laravel/Firebase/FirebaseProjectManager->configure('app')
#5 D:/Website-monitoring/vendor/kreait/laravel-firebase/src/ServiceProvider.php(38): Kreait/Laravel/Firebase/FirebaseProjectManager->project()
#6 D:/Website-monitoring/vendor/laravel/framework/src/Illuminate/Container/Container.php(1140): Kreait/Laravel/Firebase/ServiceProvider::{closure:Kreait/Laravel/Firebase/ServiceProvider::registerComponents():38}(Object(Illuminate/Foundation/Application), Array)
#7 D:/Website-monitoring/vendor/laravel/framework/src/Illuminate/Container/Container.php(939): Illuminate/Container/Container->build(Object(Closure))
#8 D:/Website-monitoring/vendor/laravel/framework/src/Illuminate/Foundation/Application.php(1085): Illuminate/Container/Container->resolve('Kreait//Firebase...', Array, true)
#9 D:/Website-monitoring/vendor/laravel/framework/src/Illuminate/Container/Container.php(867): Illuminate/Foundation/Application->resolve('Kreait//Firebase...', Array)
#10 D:/Website-monitoring/vendor/laravel/framework/src/Illuminate/Foundation/Application.php(1065): Illuminate/Container/Container->make('Kreait//Firebase...', Array)
#11 D:/Website-monitoring/vendor/laravel/framework/src/Illuminate/Container/Container.php(1363): Illuminate/Foundation/Application->make('Kreait//Firebase...')
#12 D:/Website-monitoring/vendor/laravel/framework/src/Illuminate/Container/Container.php(1264): Illuminate/Container/Container->resolveClass(Object(ReflectionParameter), 'Kreait//Firebase...')
#13 D:/Website-monitoring/vendor/laravel/framework/src/Illuminate/Container/Container.php(1187): Illuminate/Container/Container->resolveDependencies(Array)
#14 D:/Website-monitoring/vendor/laravel/framework/src/Illuminate/Container/Container.php(939): Illuminate/Container/Container->build('App//Http//Middle...')
#15 D:/Website-monitoring/vendor/laravel/framework/src/Illuminate/Foundation/Application.php(1085): Illuminate/Container/Container->resolve('App//Http//Middle...', Array, true)
#16 D:/Website-monitoring/vendor/laravel/framework/src/Illuminate/Container/Container.php(867): Illuminate/Foundation/Application->resolve('App//Http//Middle...', Array)
#17 D:/Website-monitoring/vendor/laravel/framework/src/Illuminate/Foundation/Application.php(1065): Illuminate/Container/Container->make('App//Http//Middle...', Array)
#18 D:/Website-monitoring/vendor/laravel/framework/src/Illuminate/Pipeline/Pipeline.php(208): Illuminate/Foundation/Application->make('App//Http//Middle...')
#19 D:/Website-monitoring/vendor/laravel/framework/src/Illuminate/Routing/Middleware/SubstituteBindings.php(52): Illuminate/Pipeline/Pipeline->{closure:{closure:Illuminate/Pipeline/Pipeline::carry():194}:195}(Object(Illuminate/Http/Request))
#20 D:/Website-monitoring/vendor/laravel/framework/src/Illuminate/Pipeline/Pipeline.php(219): Illuminate/Routing/Middleware/SubstituteBindings->handle(Object(Illuminate/Http/Request), Object(Closure))
#21 D:/Website-monitoring/vendor/laravel/framework/src/Illuminate/Pipeline/Pipeline.php(137): Illuminate/Pipeline/Pipeline->{closure:{closure:Illuminate/Pipeline/Pipeline::carry():194}:195}(Object(Illuminate/Http/Request))
#22 D:/Website-monitoring/vendor/laravel/framework/src/Illuminate/Routing/Router.php(821): Illuminate/Pipeline/Pipeline->then(Object(Closure))
#23 D:/Website-monitoring/vendor/laravel/framework/src/Illuminate/Routing/Router.php(800): Illuminate/Routing/Router->runRouteWithinStack(Object(Illuminate/Routing/Route), Object(Illuminate/Http/Request))
#24 D:/Website-monitoring/vendor/laravel/framework/src/Illuminate/Routing/Router.php(764): Illuminate/Routing/Router->runRoute(Object(Illuminate/Http/Request), Object(Illuminate/Routing/Route))
#25 D:/Website-monitoring/vendor/laravel/framework/src/Illuminate/Routing/Router.php(753): Illuminate/Routing/Router->dispatchToRoute(Object(Illuminate/Http/Request))
#26 D:/Website-monitoring/vendor/laravel/framework/src/Illuminate/Foundation/Http/Kernel.php(200): Illuminate/Routing/Router->dispatch(Object(Illuminate/Http/Request))
#27 D:/Website-monitoring/vendor/laravel/framework/src/Illuminate/Pipeline/Pipeline.php(180): Illuminate/Foundation/Http/Kernel->{closure:Illuminate/Foundation/Http/Kernel::dispatchToRouter():197}(Object(Illuminate/Http/Request))
#28 D:/Website-monitoring/app/Http/Middleware/SecurityHeaders.php(14): Illuminate/Pipeline/Pipeline->{closure:Illuminate/Pipeline/Pipeline::prepareDestination():178}(Object(Illuminate/Http/Request))
#29 D:/Website-monitoring/vendor/laravel/framework/src/Illuminate/Pipeline/Pipeline.php(219): App/Http/Middleware/SecurityHeaders->handle(Object(Illuminate/Http/Request), Object(Closure))
#30 D:/Website-monitoring/vendor/laravel/framework/src/Illuminate/Foundation/Http/Middleware/TransformsRequest.php(21): Illuminate/Pipeline/Pipeline->{closure:{closure:Illuminate/Pipeline/Pipeline::carry():194}:195}(Object(Illuminate/Http/Request))
#31 D:/Website-monitoring/vendor/laravel/framework/src/Illuminate/Foundation/Http/Middleware/ConvertEmptyStringsToNull.php(31): Illuminate/Foundation/Http/Middleware/TransformsRequest->handle(Object(Illuminate/Http/Request), Object(Closure))
#32 D:/Website-monitoring/vendor/laravel/framework/src/Illuminate/Pipeline/Pipeline.php(219): Illuminate/Foundation/Http/Middleware/ConvertEmptyStringsToNull->handle(Object(Illuminate/Http/Request), Object(Closure))
#33 D:/Website-monitoring/vendor/laravel/framework/src/Illuminate/Foundation/Http/Middleware/TransformsRequest.php(21): Illuminate/Pipeline/Pipeline->{closure:{closure:Illuminate/Pipeline/Pipeline::carry():194}:195}(Object(Illuminate/Http/Request))
#34 D:/Website-monitoring/vendor/laravel/framework/src/Illuminate/Foundation/Http/Middleware/TrimStrings.php(51): Illuminate/Foundation/Http/Middleware/TransformsRequest->handle(Object(Illuminate/Http/Request), Object(Closure))
#35 D:/Website-monitoring/vendor/laravel/framework/src/Illuminate/Pipeline/Pipeline.php(219): Illuminate/Foundation/Http/Middleware/TrimStrings->handle(Object(Illuminate/Http/Request), Object(Closure))
#36 D:/Website-monitoring/vendor/laravel/framework/src/Illuminate/Http/Middleware/ValidatePostSize.php(27): Illuminate/Pipeline/Pipeline->{closure:{closure:Illuminate/Pipeline/Pipeline::carry():194}:195}(Object(Illuminate/Http/Request))
#37 D:/Website-monitoring/vendor/laravel/framework/src/Illuminate/Pipeline/Pipeline.php(219): Illuminate/Http/Middleware/ValidatePostSize->handle(Object(Illuminate/Http/Request), Object(Closure))
#38 D:/Website-monitoring/vendor/laravel/framework/src/Illuminate/Foundation/Http/Middleware/PreventRequestsDuringMaintenance.php(110): Illuminate/Pipeline/Pipeline->{closure:{closure:Illuminate/Pipeline/Pipeline::carry():194}:195}(Object(Illuminate/Http/Request))
#39 D:/Website-monitoring/vendor/laravel/framework/src/Illuminate/Pipeline/Pipeline.php(219): Illuminate/Foundation/Http/Middleware/PreventRequestsDuringMaintenance->handle(Object(Illuminate/Http/Request), Object(Closure))
#40 D:/Website-monitoring/vendor/laravel/framework/src/Illuminate/Http/Middleware/HandleCors.php(74): Illuminate/Pipeline/Pipeline->{closure:{closure:Illuminate/Pipeline/Pipeline::carry():194}:195}(Object(Illuminate/Http/Request))
#41 D:/Website-monitoring/vendor/laravel/framework/src/Illuminate/Pipeline/Pipeline.php(219): Illuminate/Http/Middleware/HandleCors->handle(Object(Illuminate/Http/Request), Object(Closure))
#42 D:/Website-monitoring/vendor/laravel/framework/src/Illuminate/Http/Middleware/TrustProxies.php(58): Illuminate/Pipeline/Pipeline->{closure:{closure:Illuminate/Pipeline/Pipeline::carry():194}:195}(Object(Illuminate/Http/Request))
#43 D:/Website-monitoring/vendor/laravel/framework/src/Illuminate/Pipeline/Pipeline.php(219): Illuminate/Http/Middleware/TrustProxies->handle(Object(Illuminate/Http/Request), Object(Closure))
#44 D:/Website-monitoring/vendor/laravel/framework/src/Illuminate/Foundation/Http/Middleware/InvokeDeferredCallbacks.php(22): Illuminate/Pipeline/Pipeline->{closure:{closure:Illuminate/Pipeline/Pipeline::carry():194}:195}(Object(Illuminate/Http/Request))
#45 D:/Website-monitoring/vendor/laravel/framework/src/Illuminate/Pipeline/Pipeline.php(219): Illuminate/Foundation/Http/Middleware/InvokeDeferredCallbacks->handle(Object(Illuminate/Http/Request), Object(Closure))
#46 D:/Website-monitoring/vendor/laravel/framework/src/Illuminate/Http/Middleware/ValidatePathEncoding.php(28): Illuminate/Pipeline/Pipeline->{closure:{closure:Illuminate/Pipeline/Pipeline::carry():194}:195}(Object(Illuminate/Http/Request))
#47 D:/Website-monitoring/vendor/laravel/framework/src/Illuminate/Pipeline/Pipeline.php(219): Illuminate/Http/Middleware/ValidatePathEncoding->handle(Object(Illuminate/Http/Request), Object(Closure))
#48 D:/Website-monitoring/vendor/laravel/framework/src/Illuminate/Pipeline/Pipeline.php(137): Illuminate/Pipeline/Pipeline->{closure:{closure:Illuminate/Pipeline/Pipeline::carry():194}:195}(Object(Illuminate/Http/Request))
#49 D:/Website-monitoring/vendor/laravel/framework/src/Illuminate/Foundation/Http/Kernel.php(175): Illuminate/Pipeline/Pipeline->then(Object(Closure))
#50 D:/Website-monitoring/vendor/laravel/framework/src/Illuminate/Foundation/Http/Kernel.php(144): Illuminate/Foundation/Http/Kernel->sendRequestThroughRouter(Object(Illuminate/Http/Request))
#51 D:/Website-monitoring/vendor/laravel/framework/src/Illuminate/Foundation/Application.php(1227): Illuminate/Foundation/Http/Kernel->handle(Object(Illuminate/Http/Request))
#52 D:/Website-monitoring/public/index.php(20): Illuminate/Foundation/Application->handleRequest(Object(Illuminate/Http/Request))
#53 D:/Website-monitoring/vendor/laravel/framework/src/Illuminate/Foundation/resources/server.php(23): require_once('D://Website-moni...')
#54 {main}

[previous exception] [object] (RuntimeException(code: 0): SplFileObject::__construct(D:\\Website-monitoring\\storage/app/firebase/service-account.json): Failed to open stream: No such file or directory at D:/Website-monitoring/vendor/kreait/firebase-php/src/Valinor/Source.php:55)
[stacktrace]
#0 D:/Website-monitoring/vendor/kreait/firebase-php/src/Valinor/Source.php(55): SplFileObject->__construct('D://Website-moni...')
#1 D:/Website-monitoring/vendor/kreait/firebase-php/src/Valinor/Source.php(40): Kreait/Firebase/Valinor/Source::file('D://Website-moni...')
#2 D:/Website-monitoring/vendor/kreait/firebase-php/src/Factory.php(666): Kreait/Firebase/Valinor/Source::parse('D://Website-moni...')
#3 D:/Website-monitoring/vendor/kreait/firebase-php/src/Factory.php(146): Kreait/Firebase/Factory->mapServiceAccount('D://Website-moni...')
#4 D:/Website-monitoring/vendor/kreait/laravel-firebase/src/FirebaseProjectManager.php(75): Kreait/Firebase/Factory->withServiceAccount(Object(SensitiveParameterValue))
#5 D:/Website-monitoring/vendor/kreait/laravel-firebase/src/FirebaseProjectManager.php(35): Kreait/Laravel/Firebase/FirebaseProjectManager->configure('app')
#6 D:/Website-monitoring/vendor/kreait/laravel-firebase/src/ServiceProvider.php(38): Kreait/Laravel/Firebase/FirebaseProjectManager->project()
#7 D:/Website-monitoring/vendor/laravel/framework/src/Illuminate/Container/Container.php(1140): Kreait/Laravel/Firebase/ServiceProvider::{closure:Kreait/Laravel/Firebase/ServiceProvider::registerComponents():38}(Object(Illuminate/Foundation/Application), Array)
#8 D:/Website-monitoring/vendor/laravel/framework/src/Illuminate/Container/Container.php(939): Illuminate/Container/Container->build(Object(Closure))
#9 D:/Website-monitoring/vendor/laravel/framework/src/Illuminate/Foundation/Application.php(1085): Illuminate/Container/Container->resolve('Kreait//Firebase...', Array, true)
#10 D:/Website-monitoring/vendor/laravel/framework/src/Illuminate/Container/Container.php(867): Illuminate/Foundation/Application->resolve('Kreait//Firebase...', Array)
#11 D:/Website-monitoring/vendor/laravel/framework/src/Illuminate/Foundation/Application.php(1065): Illuminate/Container/Container->make('Kreait//Firebase...', Array)
#12 D:/Website-monitoring/vendor/laravel/framework/src/Illuminate/Container/Container.php(1363): Illuminate/Foundation/Application->make('Kreait//Firebase...')
#13 D:/Website-monitoring/vendor/laravel/framework/src/Illuminate/Container/Container.php(1264): Illuminate/Container/Container->resolveClass(Object(ReflectionParameter), 'Kreait//Firebase...')
#14 D:/Website-monitoring/vendor/laravel/framework/src/Illuminate/Container/Container.php(1187): Illuminate/Container/Container->resolveDependencies(Array)
#15 D:/Website-monitoring/vendor/laravel/framework/src/Illuminate/Container/Container.php(939): Illuminate/Container/Container->build('App//Http//Middle...')
#16 D:/Website-monitoring/vendor/laravel/framework/src/Illuminate/Foundation/Application.php(1085): Illuminate/Container/Container->resolve('App//Http//Middle...', Array, true)
#17 D:/Website-monitoring/vendor/laravel/framework/src/Illuminate/Container/Container.php(867): Illuminate/Foundation/Application->resolve('App//Http//Middle...', Array)
#18 D:/Website-monitoring/vendor/laravel/framework/src/Illuminate/Foundation/Application.php(1065): Illuminate/Container/Container->make('App//Http//Middle...', Array)
#19 D:/Website-monitoring/vendor/laravel/framework/src/Illuminate/Pipeline/Pipeline.php(208): Illuminate/Foundation/Application->make('App//Http//Middle...')
#20 D:/Website-monitoring/vendor/laravel/framework/src/Illuminate/Routing/Middleware/SubstituteBindings.php(52): Illuminate/Pipeline/Pipeline->{closure:{closure:Illuminate/Pipeline/Pipeline::carry():194}:195}(Object(Illuminate/Http/Request))
#21 D:/Website-monitoring/vendor/laravel/framework/src/Illuminate/Pipeline/Pipeline.php(219): Illuminate/Routing/Middleware/SubstituteBindings->handle(Object(Illuminate/Http/Request), Object(Closure))
#22 D:/Website-monitoring/vendor/laravel/framework/src/Illuminate/Pipeline/Pipeline.php(137): Illuminate/Pipeline/Pipeline->{closure:{closure:Illuminate/Pipeline/Pipeline::carry():194}:195}(Object(Illuminate/Http/Request))
#23 D:/Website-monitoring/vendor/laravel/framework/src/Illuminate/Routing/Router.php(821): Illuminate/Pipeline/Pipeline->then(Object(Closure))
#24 D:/Website-monitoring/vendor/laravel/framework/src/Illuminate/Routing/Router.php(800): Illuminate/Routing/Router->runRouteWithinStack(Object(Illuminate/Routing/Route), Object(Illuminate/Http/Request))
#25 D:/Website-monitoring/vendor/laravel/framework/src/Illuminate/Routing/Router.php(764): Illuminate/Routing/Router->runRoute(Object(Illuminate/Http/Request), Object(Illuminate/Routing/Route))
#26 D:/Website-monitoring/vendor/laravel/framework/src/Illuminate/Routing/Router.php(753): Illuminate/Routing/Router->dispatchToRoute(Object(Illuminate/Http/Request))
#27 D:/Website-monitoring/vendor/laravel/framework/src/Illuminate/Foundation/Http/Kernel.php(200): Illuminate/Routing/Router->dispatch(Object(Illuminate/Http/Request))
#28 D:/Website-monitoring/vendor/laravel/framework/src/Illuminate/Pipeline/Pipeline.php(180): Illuminate/Foundation/Http/Kernel->{closure:Illuminate/Foundation/Http/Kernel::dispatchToRouter():197}(Object(Illuminate/Http/Request))
#29 D:/Website-monitoring/app/Http/Middleware/SecurityHeaders.php(14): Illuminate/Pipeline/Pipeline->{closure:Illuminate/Pipeline/Pipeline::prepareDestination():178}(Object(Illuminate/Http/Request))
#30 D:/Website-monitoring/vendor/laravel/framework/src/Illuminate/Pipeline/Pipeline.php(219): App/Http/Middleware/SecurityHeaders->handle(Object(Illuminate/Http/Request), Object(Closure))
#31 D:/Website-monitoring/vendor/laravel/framework/src/Illuminate/Foundation/Http/Middleware/TransformsRequest.php(21): Illuminate/Pipeline/Pipeline->{closure:{closure:Illuminate/Pipeline/Pipeline::carry():194}:195}(Object(Illuminate/Http/Request))
#32 D:/Website-monitoring/vendor/laravel/framework/src/Illuminate/Foundation/Http/Middleware/ConvertEmptyStringsToNull.php(31): Illuminate/Foundation/Http/Middleware/TransformsRequest->handle(Object(Illuminate/Http/Request), Object(Closure))
#33 D:/Website-monitoring/vendor/laravel/framework/src/Illuminate/Pipeline/Pipeline.php(219): Illuminate/Foundation/Http/Middleware/ConvertEmptyStringsToNull->handle(Object(Illuminate/Http/Request), Object(Closure))
#34 D:/Website-monitoring/vendor/laravel/framework/src/Illuminate/Foundation/Http/Middleware/TransformsRequest.php(21): Illuminate/Pipeline/Pipeline->{closure:{closure:Illuminate/Pipeline/Pipeline::carry():194}:195}(Object(Illuminate/Http/Request))
#35 D:/Website-monitoring/vendor/laravel/framework/src/Illuminate/Foundation/Http/Middleware/TrimStrings.php(51): Illuminate/Foundation/Http/Middleware/TransformsRequest->handle(Object(Illuminate/Http/Request), Object(Closure))
#36 D:/Website-monitoring/vendor/laravel/framework/src/Illuminate/Pipeline/Pipeline.php(219): Illuminate/Foundation/Http/Middleware/TrimStrings->handle(Object(Illuminate/Http/Request), Object(Closure))
#37 D:/Website-monitoring/vendor/laravel/framework/src/Illuminate/Http/Middleware/ValidatePostSize.php(27): Illuminate/Pipeline/Pipeline->{closure:{closure:Illuminate/Pipeline/Pipeline::carry():194}:195}(Object(Illuminate/Http/Request))
#38 D:/Website-monitoring/vendor/laravel/framework/src/Illuminate/Pipeline/Pipeline.php(219): Illuminate/Http/Middleware/ValidatePostSize->handle(Object(Illuminate/Http/Request), Object(Closure))
#39 D:/Website-monitoring/vendor/laravel/framework/src/Illuminate/Foundation/Http/Middleware/PreventRequestsDuringMaintenance.php(110): Illuminate/Pipeline/Pipeline->{closure:{closure:Illuminate/Pipeline/Pipeline::carry():194}:195}(Object(Illuminate/Http/Request))
#40 D:/Website-monitoring/vendor/laravel/framework/src/Illuminate/Pipeline/Pipeline.php(219): Illuminate/Foundation/Http/Middleware/PreventRequestsDuringMaintenance->handle(Object(Illuminate/Http/Request), Object(Closure))
#41 D:/Website-monitoring/vendor/laravel/framework/src/Illuminate/Http/Middleware/HandleCors.php(74): Illuminate/Pipeline/Pipeline->{closure:{closure:Illuminate/Pipeline/Pipeline::carry():194}:195}(Object(Illuminate/Http/Request))
#42 D:/Website-monitoring/vendor/laravel/framework/src/Illuminate/Pipeline/Pipeline.php(219): Illuminate/Http/Middleware/HandleCors->handle(Object(Illuminate/Http/Request), Object(Closure))
#43 D:/Website-monitoring/vendor/laravel/framework/src/Illuminate/Http/Middleware/TrustProxies.php(58): Illuminate/Pipeline/Pipeline->{closure:{closure:Illuminate/Pipeline/Pipeline::carry():194}:195}(Object(Illuminate/Http/Request))
#44 D:/Website-monitoring/vendor/laravel/framework/src/Illuminate/Pipeline/Pipeline.php(219): Illuminate/Http/Middleware/TrustProxies->handle(Object(Illuminate/Http/Request), Object(Closure))
#45 D:/Website-monitoring/vendor/laravel/framework/src/Illuminate/Foundation/Http/Middleware/InvokeDeferredCallbacks.php(22): Illuminate/Pipeline/Pipeline->{closure:{closure:Illuminate/Pipeline/Pipeline::carry():194}:195}(Object(Illuminate/Http/Request))
#46 D:/Website-monitoring/vendor/laravel/framework/src/Illuminate/Pipeline/Pipeline.php(219): Illuminate/Foundation/Http/Middleware/InvokeDeferredCallbacks->handle(Object(Illuminate/Http/Request), Object(Closure))
#47 D:/Website-monitoring/vendor/laravel/framework/src/Illuminate/Http/Middleware/ValidatePathEncoding.php(28): Illuminate/Pipeline/Pipeline->{closure:{closure:Illuminate/Pipeline/Pipeline::carry():194}:195}(Object(Illuminate/Http/Request))
#48 D:/Website-monitoring/vendor/laravel/framework/src/Illuminate/Pipeline/Pipeline.php(219): Illuminate/Http/Middleware/ValidatePathEncoding->handle(Object(Illuminate/Http/Request), Object(Closure))
#49 D:/Website-monitoring/vendor/laravel/framework/src/Illuminate/Pipeline/Pipeline.php(137): Illuminate/Pipeline/Pipeline->{closure:{closure:Illuminate/Pipeline/Pipeline::carry():194}:195}(Object(Illuminate/Http/Request))
#50 D:/Website-monitoring/vendor/laravel/framework/src/Illuminate/Foundation/Http/Kernel.php(175): Illuminate/Pipeline/Pipeline->then(Object(Closure))
#51 D:/Website-monitoring/vendor/laravel/framework/src/Illuminate/Foundation/Http/Kernel.php(144): Illuminate/Foundation/Http/Kernel->sendRequestThroughRouter(Object(Illuminate/Http/Request))
#52 D:/Website-monitoring/vendor/laravel/framework/src/Illuminate/Foundation/Application.php(1227): Illuminate/Foundation/Http/Kernel->handle(Object(Illuminate/Http/Request))
#53 D:/Website-monitoring/public/index.php(20): Illuminate/Foundation/Application->handleRequest(Object(Illuminate/Http/Request))
#54 D:/Website-monitoring/vendor/laravel/framework/src/Illuminate/Foundation/resources/server.php(23): require_once('D://Website-moni...')
#55 {main}
"} 
[2026-09-14 02:28:23] local.ERROR: SplFileObject::__construct(D:\Website-monitoring\storage/app/firebase/service-account.json): Failed to open stream: No such file or directory {"exception":"[object] (Kreait\\Firebase\\Exception\\InvalidArgumentException(code: 0): SplFileObject::__construct(D:\\Website-monitoring\\storage/app/firebase/service-account.json): Failed to open stream: No such file or directory at D:/Website-monitoring/vendor/kreait/firebase-php/src/Valinor/Source.php:57)
[stacktrace]
#0 D:/Website-monitoring/vendor/kreait/firebase-php/src/Valinor/Source.php(40): Kreait/Firebase/Valinor/Source::file('D://Website-moni...')
#1 D:/Website-monitoring/vendor/kreait/firebase-php/src/Factory.php(666): Kreait/Firebase/Valinor/Source::parse('D://Website-moni...')
#2 D:/Website-monitoring/vendor/kreait/firebase-php/src/Factory.php(146): Kreait/Firebase/Factory->mapServiceAccount('D://Website-moni...')
#3 D:/Website-monitoring/vendor/kreait/laravel-firebase/src/FirebaseProjectManager.php(75): Kreait/Firebase/Factory->withServiceAccount(Object(SensitiveParameterValue))
#4 D:/Website-monitoring/vendor/kreait/laravel-firebase/src/FirebaseProjectManager.php(35): Kreait/Laravel/Firebase/FirebaseProjectManager->configure('app')
#5 D:/Website-monitoring/vendor/kreait/laravel-firebase/src/ServiceProvider.php(38): Kreait/Laravel/Firebase/FirebaseProjectManager->project()
#6 D:/Website-monitoring/vendor/laravel/framework/src/Illuminate/Container/Container.php(1140): Kreait/Laravel/Firebase/ServiceProvider::{closure:Kreait/Laravel/Firebase/ServiceProvider::registerComponents():38}(Object(Illuminate/Foundation/Application), Array)
#7 D:/Website-monitoring/vendor/laravel/framework/src/Illuminate/Container/Container.php(939): Illuminate/Container/Container->build(Object(Closure))
#8 D:/Website-monitoring/vendor/laravel/framework/src/Illuminate/Foundation/Application.php(1085): Illuminate/Container/Container->resolve('Kreait//Firebase...', Array, true)
#9 D:/Website-monitoring/vendor/laravel/framework/src/Illuminate/Container/Container.php(867): Illuminate/Foundation/Application->resolve('Kreait//Firebase...', Array)
#10 D:/Website-monitoring/vendor/laravel/framework/src/Illuminate/Foundation/Application.php(1065): Illuminate/Container/Container->make('Kreait//Firebase...', Array)
#11 D:/Website-monitoring/vendor/laravel/framework/src/Illuminate/Container/Container.php(1363): Illuminate/Foundation/Application->make('Kreait//Firebase...')
#12 D:/Website-monitoring/vendor/laravel/framework/src/Illuminate/Container/Container.php(1264): Illuminate/Container/Container->resolveClass(Object(ReflectionParameter), 'Kreait//Firebase...')
#13 D:/Website-monitoring/vendor/laravel/framework/src/Illuminate/Container/Container.php(1187): Illuminate/Container/Container->resolveDependencies(Array)
#14 D:/Website-monitoring/vendor/laravel/framework/src/Illuminate/Container/Container.php(939): Illuminate/Container/Container->build('App//Http//Middle...')
#15 D:/Website-monitoring/vendor/laravel/framework/src/Illuminate/Foundation/Application.php(1085): Illuminate/Container/Container->resolve('App//Http//Middle...', Array, true)
#16 D:/Website-monitoring/vendor/laravel/framework/src/Illuminate/Container/Container.php(867): Illuminate/Foundation/Application->resolve('App//Http//Middle...', Array)
#17 D:/Website-monitoring/vendor/laravel/framework/src/Illuminate/Foundation/Application.php(1065): Illuminate/Container/Container->make('App//Http//Middle...', Array)
#18 D:/Website-monitoring/vendor/laravel/framework/src/Illuminate/Foundation/Http/Kernel.php(257): Illuminate/Foundation/Application->make('App//Http//Middle...')
#19 D:/Website-monitoring/vendor/laravel/framework/src/Illuminate/Foundation/Http/Kernel.php(215): Illuminate/Foundation/Http/Kernel->terminateMiddleware(Object(Illuminate/Http/Request), Object(Illuminate/Http/JsonResponse))
#20 D:/Website-monitoring/vendor/laravel/framework/src/Illuminate/Foundation/Application.php(1229): Illuminate/Foundation/Http/Kernel->terminate(Object(Illuminate/Http/Request), Object(Illuminate/Http/JsonResponse))
#21 D:/Website-monitoring/public/index.php(20): Illuminate/Foundation/Application->handleRequest(Object(Illuminate/Http/Request))
#22 D:/Website-monitoring/vendor/laravel/framework/src/Illuminate/Foundation/resources/server.php(23): require_once('D://Website-moni...')
#23 {main}

[previous exception] [object] (RuntimeException(code: 0): SplFileObject::__construct(D:\\Website-monitoring\\storage/app/firebase/service-account.json): Failed to open stream: No such file or directory at D:/Website-monitoring/vendor/kreait/firebase-php/src/Valinor/Source.php:55)
[stacktrace]
#0 D:/Website-monitoring/vendor/kreait/firebase-php/src/Valinor/Source.php(55): SplFileObject->__construct('D://Website-moni...')
#1 D:/Website-monitoring/vendor/kreait/firebase-php/src/Valinor/Source.php(40): Kreait/Firebase/Valinor/Source::file('D://Website-moni...')
#2 D:/Website-monitoring/vendor/kreait/firebase-php/src/Factory.php(666): Kreait/Firebase/Valinor/Source::parse('D://Website-moni...')
#3 D:/Website-monitoring/vendor/kreait/firebase-php/src/Factory.php(146): Kreait/Firebase/Factory->mapServiceAccount('D://Website-moni...')
#4 D:/Website-monitoring/vendor/kreait/laravel-firebase/src/FirebaseProjectManager.php(75): Kreait/Firebase/Factory->withServiceAccount(Object(SensitiveParameterValue))
#5 D:/Website-monitoring/vendor/kreait/laravel-firebase/src/FirebaseProjectManager.php(35): Kreait/Laravel/Firebase/FirebaseProjectManager->configure('app')
#6 D:/Website-monitoring/vendor/kreait/laravel-firebase/src/ServiceProvider.php(38): Kreait/Laravel/Firebase/FirebaseProjectManager->project()
#7 D:/Website-monitoring/vendor/laravel/framework/src/Illuminate/Container/Container.php(1140): Kreait/Laravel/Firebase/ServiceProvider::{closure:Kreait/Laravel/Firebase/ServiceProvider::registerComponents():38}(Object(Illuminate/Foundation/Application), Array)
#8 D:/Website-monitoring/vendor/laravel/framework/src/Illuminate/Container/Container.php(939): Illuminate/Container/Container->build(Object(Closure))
#9 D:/Website-monitoring/vendor/laravel/framework/src/Illuminate/Foundation/Application.php(1085): Illuminate/Container/Container->resolve('Kreait//Firebase...', Array, true)
#10 D:/Website-monitoring/vendor/laravel/framework/src/Illuminate/Container/Container.php(867): Illuminate/Foundation/Application->resolve('Kreait//Firebase...', Array)
#11 D:/Website-monitoring/vendor/laravel/framework/src/Illuminate/Foundation/Application.php(1065): Illuminate/Container/Container->make('Kreait//Firebase...', Array)
#12 D:/Website-monitoring/vendor/laravel/framework/src/Illuminate/Container/Container.php(1363): Illuminate/Foundation/Application->make('Kreait//Firebase...')
#13 D:/Website-monitoring/vendor/laravel/framework/src/Illuminate/Container/Container.php(1264): Illuminate/Container/Container->resolveClass(Object(ReflectionParameter), 'Kreait//Firebase...')
#14 D:/Website-monitoring/vendor/laravel/framework/src/Illuminate/Container/Container.php(1187): Illuminate/Container/Container->resolveDependencies(Array)
#15 D:/Website-monitoring/vendor/laravel/framework/src/Illuminate/Container/Container.php(939): Illuminate/Container/Container->build('App//Http//Middle...')
#16 D:/Website-monitoring/vendor/laravel/framework/src/Illuminate/Foundation/Application.php(1085): Illuminate/Container/Container->resolve('App//Http//Middle...', Array, true)
#17 D:/Website-monitoring/vendor/laravel/framework/src/Illuminate/Container/Container.php(867): Illuminate/Foundation/Application->resolve('App//Http//Middle...', Array)
#18 D:/Website-monitoring/vendor/laravel/framework/src/Illuminate/Foundation/Application.php(1065): Illuminate/Container/Container->make('App//Http//Middle...', Array)
#19 D:/Website-monitoring/vendor/laravel/framework/src/Illuminate/Foundation/Http/Kernel.php(257): Illuminate/Foundation/Application->make('App//Http//Middle...')
#20 D:/Website-monitoring/vendor/laravel/framework/src/Illuminate/Foundation/Http/Kernel.php(215): Illuminate/Foundation/Http/Kernel->terminateMiddleware(Object(Illuminate/Http/Request), Object(Illuminate/Http/JsonResponse))
#21 D:/Website-monitoring/vendor/laravel/framework/src/Illuminate/Foundation/Application.php(1229): Illuminate/Foundation/Http/Kernel->terminate(Object(Illuminate/Http/Request), Object(Illuminate/Http/JsonResponse))
#22 D:/Website-monitoring/public/index.php(20): Illuminate/Foundation/Application->handleRequest(Object(Illuminate/Http/Request))
#23 D:/Website-monitoring/vendor/laravel/framework/src/Illuminate/Foundation/resources/server.php(23): require_once('D://Website-moni...')
#24 {main}
"} 
[2026-09-14 02:28:23] local.ERROR: Uncaught ErrorException: Cannot modify header information - headers already sent by (output started at D:\Website-monitoring\vendor\symfony\http-foundation\Response.php:393) in D:\Website-monitoring\vendor\symfony\http-foundation\Response.php:328
Stack trace:
#0 D:\Website-monitoring\vendor\laravel\framework\src\Illuminate\Foundation\Bootstrap\HandleExceptions.php(265): Illuminate\Foundation\Bootstrap\HandleExceptions->handleError(2, 'Cannot modify h...', 'D:\\Website-moni...', 328)
#1 [internal function]: Illuminate\Foundation\Bootstrap\HandleExceptions->{closure:Illuminate\Foundation\Bootstrap\HandleExceptions::forwardsTo():264}(2, 'Cannot modify h...', 'D:\\Website-moni...', 328)
#2 D:\Website-monitoring\vendor\symfony\http-foundation\Response.php(328): header('HTTP/1.0 500 In...', true, 500)
#3 D:\Website-monitoring\vendor\symfony\http-foundation\Response.php(407): Symfony\Component\HttpFoundation\Response->sendHeaders()
#4 D:\Website-monitoring\vendor\laravel\framework\src\Illuminate\Foundation\Bootstrap\HandleExceptions.php(228): Symfony\Component\HttpFoundation\Response->send()
#5 D:\Website-monitoring\vendor\laravel\framework\src\Illuminate\Foundation\Bootstrap\HandleExceptions.php(205): Illuminate\Foundation\Bootstrap\HandleExceptions->renderHttpResponse(Object(Kreait\Firebase\Exception\InvalidArgumentException))
#6 D:\Website-monitoring\vendor\laravel\framework\src\Illuminate\Foundation\Bootstrap\HandleExceptions.php(265): Illuminate\Foundation\Bootstrap\HandleExceptions->handleException(Object(Kreait\Firebase\Exception\InvalidArgumentException))
#7 [internal function]: Illuminate\Foundation\Bootstrap\HandleExceptions->{closure:Illuminate\Foundation\Bootstrap\HandleExceptions::forwardsTo():264}(Object(Kreait\Firebase\Exception\InvalidArgumentException))
#8 {main}
  thrown {"exception":"[object] (Symfony\\Component\\ErrorHandler\\Error\\FatalError(code: 0): Uncaught ErrorException: Cannot modify header information - headers already sent by (output started at D:\\Website-monitoring\\vendor\\symfony\\http-foundation\\Response.php:393) in D:\\Website-monitoring\\vendor\\symfony\\http-foundation\\Response.php:328
Stack trace:
#0 D:\\Website-monitoring\\vendor\\laravel\\framework\\src\\Illuminate\\Foundation\\Bootstrap\\HandleExceptions.php(265): Illuminate\\Foundation\\Bootstrap\\HandleExceptions->handleError(2, 'Cannot modify h...', 'D:\\\\Website-moni...', 328)
#1 [internal function]: Illuminate\\Foundation\\Bootstrap\\HandleExceptions->{closure:Illuminate\\Foundation\\Bootstrap\\HandleExceptions::forwardsTo():264}(2, 'Cannot modify h...', 'D:\\\\Website-moni...', 328)
#2 D:\\Website-monitoring\\vendor\\symfony\\http-foundation\\Response.php(328): header('HTTP/1.0 500 In...', true, 500)
#3 D:\\Website-monitoring\\vendor\\symfony\\http-foundation\\Response.php(407): Symfony\\Component\\HttpFoundation\\Response->sendHeaders()
#4 D:\\Website-monitoring\\vendor\\laravel\\framework\\src\\Illuminate\\Foundation\\Bootstrap\\HandleExceptions.php(228): Symfony\\Component\\HttpFoundation\\Response->send()
#5 D:\\Website-monitoring\\vendor\\laravel\\framework\\src\\Illuminate\\Foundation\\Bootstrap\\HandleExceptions.php(205): Illuminate\\Foundation\\Bootstrap\\HandleExceptions->renderHttpResponse(Object(Kreait\\Firebase\\Exception\\InvalidArgumentException))
#6 D:\\Website-monitoring\\vendor\\laravel\\framework\\src\\Illuminate\\Foundation\\Bootstrap\\HandleExceptions.php(265): Illuminate\\Foundation\\Bootstrap\\HandleExceptions->handleException(Object(Kreait\\Firebase\\Exception\\InvalidArgumentException))
#7 [internal function]: Illuminate\\Foundation\\Bootstrap\\HandleExceptions->{closure:Illuminate\\Foundation\\Bootstrap\\HandleExceptions::forwardsTo():264}(Object(Kreait\\Firebase\\Exception\\InvalidArgumentException))
#8 {main}
  thrown at D:/Website-monitoring/vendor/symfony/http-foundation/Response.php:328)
[stacktrace]
#0 {main}
"} 
[2026-09-14 02:28:33] local.ERROR: SplFileObject::__construct(D:\Website-monitoring\storage/app/firebase/service-account.json): Failed to open stream: No such file or directory {"exception":"[object] (Kreait\\Firebase\\Exception\\InvalidArgumentException(code: 0): SplFileObject::__construct(D:\\Website-monitoring\\storage/app/firebase/service-account.json): Failed to open stream: No such file or directory at D:/Website-monitoring/vendor/kreait/firebase-php/src/Valinor/Source.php:57)
[stacktrace]
#0 D:/Website-monitoring/vendor/kreait/firebase-php/src/Valinor/Source.php(40): Kreait/Firebase/Valinor/Source::file('D://Website-moni...')
#1 D:/Website-monitoring/vendor/kreait/firebase-php/src/Factory.php(666): Kreait/Firebase/Valinor/Source::parse('D://Website-moni...')
#2 D:/Website-monitoring/vendor/kreait/firebase-php/src/Factory.php(146): Kreait/Firebase/Factory->mapServiceAccount('D://Website-moni...')
#3 D:/Website-monitoring/vendor/kreait/laravel-firebase/src/FirebaseProjectManager.php(75): Kreait/Firebase/Factory->withServiceAccount(Object(SensitiveParameterValue))
#4 D:/Website-monitoring/vendor/kreait/laravel-firebase/src/FirebaseProjectManager.php(35): Kreait/Laravel/Firebase/FirebaseProjectManager->configure('app')
#5 D:/Website-monitoring/vendor/kreait/laravel-firebase/src/ServiceProvider.php(38): Kreait/Laravel/Firebase/FirebaseProjectManager->project()
#6 D:/Website-monitoring/vendor/laravel/framework/src/Illuminate/Container/Container.php(1140): Kreait/Laravel/Firebase/ServiceProvider::{closure:Kreait/Laravel/Firebase/ServiceProvider::registerComponents():38}(Object(Illuminate/Foundation/Application), Array)
#7 D:/Website-monitoring/vendor/laravel/framework/src/Illuminate/Container/Container.php(939): Illuminate/Container/Container->build(Object(Closure))
#8 D:/Website-monitoring/vendor/laravel/framework/src/Illuminate/Foundation/Application.php(1085): Illuminate/Container/Container->resolve('Kreait//Firebase...', Array, true)
#9 D:/Website-monitoring/vendor/laravel/framework/src/Illuminate/Container/Container.php(867): Illuminate/Foundation/Application->resolve('Kreait//Firebase...', Array)
#10 D:/Website-monitoring/vendor/laravel/framework/src/Illuminate/Foundation/Application.php(1065): Illuminate/Container/Container->make('Kreait//Firebase...', Array)
#11 D:/Website-monitoring/vendor/laravel/framework/src/Illuminate/Container/Container.php(1363): Illuminate/Foundation/Application->make('Kreait//Firebase...')
#12 D:/Website-monitoring/vendor/laravel/framework/src/Illuminate/Container/Container.php(1264): Illuminate/Container/Container->resolveClass(Object(ReflectionParameter), 'Kreait//Firebase...')
#13 D:/Website-monitoring/vendor/laravel/framework/src/Illuminate/Container/Container.php(1187): Illuminate/Container/Container->resolveDependencies(Array)
#14 D:/Website-monitoring/vendor/laravel/framework/src/Illuminate/Container/Container.php(939): Illuminate/Container/Container->build('App//Http//Middle...')
#15 D:/Website-monitoring/vendor/laravel/framework/src/Illuminate/Foundation/Application.php(1085): Illuminate/Container/Container->resolve('App//Http//Middle...', Array, true)
#16 D:/Website-monitoring/vendor/laravel/framework/src/Illuminate/Container/Container.php(867): Illuminate/Foundation/Application->resolve('App//Http//Middle...', Array)
#17 D:/Website-monitoring/vendor/laravel/framework/src/Illuminate/Foundation/Application.php(1065): Illuminate/Container/Container->make('App//Http//Middle...', Array)
#18 D:/Website-monitoring/vendor/laravel/framework/src/Illuminate/Pipeline/Pipeline.php(208): Illuminate/Foundation/Application->make('App//Http//Middle...')
#19 D:/Website-monitoring/vendor/laravel/framework/src/Illuminate/Routing/Middleware/SubstituteBindings.php(52): Illuminate/Pipeline/Pipeline->{closure:{closure:Illuminate/Pipeline/Pipeline::carry():194}:195}(Object(Illuminate/Http/Request))
#20 D:/Website-monitoring/vendor/laravel/framework/src/Illuminate/Pipeline/Pipeline.php(219): Illuminate/Routing/Middleware/SubstituteBindings->handle(Object(Illuminate/Http/Request), Object(Closure))
#21 D:/Website-monitoring/vendor/laravel/framework/src/Illuminate/Pipeline/Pipeline.php(137): Illuminate/Pipeline/Pipeline->{closure:{closure:Illuminate/Pipeline/Pipeline::carry():194}:195}(Object(Illuminate/Http/Request))
#22 D:/Website-monitoring/vendor/laravel/framework/src/Illuminate/Routing/Router.php(821): Illuminate/Pipeline/Pipeline->then(Object(Closure))
#23 D:/Website-monitoring/vendor/laravel/framework/src/Illuminate/Routing/Router.php(800): Illuminate/Routing/Router->runRouteWithinStack(Object(Illuminate/Routing/Route), Object(Illuminate/Http/Request))
#24 D:/Website-monitoring/vendor/laravel/framework/src/Illuminate/Routing/Router.php(764): Illuminate/Routing/Router->runRoute(Object(Illuminate/Http/Request), Object(Illuminate/Routing/Route))
#25 D:/Website-monitoring/vendor/laravel/framework/src/Illuminate/Routing/Router.php(753): Illuminate/Routing/Router->dispatchToRoute(Object(Illuminate/Http/Request))
#26 D:/Website-monitoring/vendor/laravel/framework/src/Illuminate/Foundation/Http/Kernel.php(200): Illuminate/Routing/Router->dispatch(Object(Illuminate/Http/Request))
#27 D:/Website-monitoring/vendor/laravel/framework/src/Illuminate/Pipeline/Pipeline.php(180): Illuminate/Foundation/Http/Kernel->{closure:Illuminate/Foundation/Http/Kernel::dispatchToRouter():197}(Object(Illuminate/Http/Request))
#28 D:/Website-monitoring/app/Http/Middleware/SecurityHeaders.php(14): Illuminate/Pipeline/Pipeline->{closure:Illuminate/Pipeline/Pipeline::prepareDestination():178}(Object(Illuminate/Http/Request))
#29 D:/Website-monitoring/vendor/laravel/framework/src/Illuminate/Pipeline/Pipeline.php(219): App/Http/Middleware/SecurityHeaders->handle(Object(Illuminate/Http/Request), Object(Closure))
#30 D:/Website-monitoring/vendor/laravel/framework/src/Illuminate/Foundation/Http/Middleware/TransformsRequest.php(21): Illuminate/Pipeline/Pipeline->{closure:{closure:Illuminate/Pipeline/Pipeline::carry():194}:195}(Object(Illuminate/Http/Request))
#31 D:/Website-monitoring/vendor/laravel/framework/src/Illuminate/Foundation/Http/Middleware/ConvertEmptyStringsToNull.php(31): Illuminate/Foundation/Http/Middleware/TransformsRequest->handle(Object(Illuminate/Http/Request), Object(Closure))
#32 D:/Website-monitoring/vendor/laravel/framework/src/Illuminate/Pipeline/Pipeline.php(219): Illuminate/Foundation/Http/Middleware/ConvertEmptyStringsToNull->handle(Object(Illuminate/Http/Request), Object(Closure))
#33 D:/Website-monitoring/vendor/laravel/framework/src/Illuminate/Foundation/Http/Middleware/TransformsRequest.php(21): Illuminate/Pipeline/Pipeline->{closure:{closure:Illuminate/Pipeline/Pipeline::carry():194}:195}(Object(Illuminate/Http/Request))
#34 D:/Website-monitoring/vendor/laravel/framework/src/Illuminate/Foundation/Http/Middleware/TrimStrings.php(51): Illuminate/Foundation/Http/Middleware/TransformsRequest->handle(Object(Illuminate/Http/Request), Object(Closure))
#35 D:/Website-monitoring/vendor/laravel/framework/src/Illuminate/Pipeline/Pipeline.php(219): Illuminate/Foundation/Http/Middleware/TrimStrings->handle(Object(Illuminate/Http/Request), Object(Closure))
#36 D:/Website-monitoring/vendor/laravel/framework/src/Illuminate/Http/Middleware/ValidatePostSize.php(27): Illuminate/Pipeline/Pipeline->{closure:{closure:Illuminate/Pipeline/Pipeline::carry():194}:195}(Object(Illuminate/Http/Request))
#37 D:/Website-monitoring/vendor/laravel/framework/src/Illuminate/Pipeline/Pipeline.php(219): Illuminate/Http/Middleware/ValidatePostSize->handle(Object(Illuminate/Http/Request), Object(Closure))
#38 D:/Website-monitoring/vendor/laravel/framework/src/Illuminate/Foundation/Http/Middleware/PreventRequestsDuringMaintenance.php(110): Illuminate/Pipeline/Pipeline->{closure:{closure:Illuminate/Pipeline/Pipeline::carry():194}:195}(Object(Illuminate/Http/Request))
#39 D:/Website-monitoring/vendor/laravel/framework/src/Illuminate/Pipeline/Pipeline.php(219): Illuminate/Foundation/Http/Middleware/PreventRequestsDuringMaintenance->handle(Object(Illuminate/Http/Request), Object(Closure))
#40 D:/Website-monitoring/vendor/laravel/framework/src/Illuminate/Http/Middleware/HandleCors.php(74): Illuminate/Pipeline/Pipeline->{closure:{closure:Illuminate/Pipeline/Pipeline::carry():194}:195}(Object(Illuminate/Http/Request))
#41 D:/Website-monitoring/vendor/laravel/framework/src/Illuminate/Pipeline/Pipeline.php(219): Illuminate/Http/Middleware/HandleCors->handle(Object(Illuminate/Http/Request), Object(Closure))
#42 D:/Website-monitoring/vendor/laravel/framework/src/Illuminate/Http/Middleware/TrustProxies.php(58): Illuminate/Pipeline/Pipeline->{closure:{closure:Illuminate/Pipeline/Pipeline::carry():194}:195}(Object(Illuminate/Http/Request))
#43 D:/Website-monitoring/vendor/laravel/framework/src/Illuminate/Pipeline/Pipeline.php(219): Illuminate/Http/Middleware/TrustProxies->handle(Object(Illuminate/Http/Request), Object(Closure))
#44 D:/Website-monitoring/vendor/laravel/framework/src/Illuminate/Foundation/Http/Middleware/InvokeDeferredCallbacks.php(22): Illuminate/Pipeline/Pipeline->{closure:{closure:Illuminate/Pipeline/Pipeline::carry():194}:195}(Object(Illuminate/Http/Request))
#45 D:/Website-monitoring/vendor/laravel/framework/src/Illuminate/Pipeline/Pipeline.php(219): Illuminate/Foundation/Http/Middleware/InvokeDeferredCallbacks->handle(Object(Illuminate/Http/Request), Object(Closure))
#46 D:/Website-monitoring/vendor/laravel/framework/src/Illuminate/Http/Middleware/ValidatePathEncoding.php(28): Illuminate/Pipeline/Pipeline->{closure:{closure:Illuminate/Pipeline/Pipeline::carry():194}:195}(Object(Illuminate/Http/Request))
#47 D:/Website-monitoring/vendor/laravel/framework/src/Illuminate/Pipeline/Pipeline.php(219): Illuminate/Http/Middleware/ValidatePathEncoding->handle(Object(Illuminate/Http/Request), Object(Closure))
#48 D:/Website-monitoring/vendor/laravel/framework/src/Illuminate/Pipeline/Pipeline.php(137): Illuminate/Pipeline/Pipeline->{closure:{closure:Illuminate/Pipeline/Pipeline::carry():194}:195}(Object(Illuminate/Http/Request))
#49 D:/Website-monitoring/vendor/laravel/framework/src/Illuminate/Foundation/Http/Kernel.php(175): Illuminate/Pipeline/Pipeline->then(Object(Closure))
#50 D:/Website-monitoring/vendor/laravel/framework/src/Illuminate/Foundation/Http/Kernel.php(144): Illuminate/Foundation/Http/Kernel->sendRequestThroughRouter(Object(Illuminate/Http/Request))
#51 D:/Website-monitoring/vendor/laravel/framework/src/Illuminate/Foundation/Application.php(1227): Illuminate/Foundation/Http/Kernel->handle(Object(Illuminate/Http/Request))
#52 D:/Website-monitoring/public/index.php(20): Illuminate/Foundation/Application->handleRequest(Object(Illuminate/Http/Request))
#53 D:/Website-monitoring/vendor/laravel/framework/src/Illuminate/Foundation/resources/server.php(23): require_once('D://Website-moni...')
#54 {main}

[previous exception] [object] (RuntimeException(code: 0): SplFileObject::__construct(D:\\Website-monitoring\\storage/app/firebase/service-account.json): Failed to open stream: No such file or directory at D:/Website-monitoring/vendor/kreait/firebase-php/src/Valinor/Source.php:55)
[stacktrace]
#0 D:/Website-monitoring/vendor/kreait/firebase-php/src/Valinor/Source.php(55): SplFileObject->__construct('D://Website-moni...')
#1 D:/Website-monitoring/vendor/kreait/firebase-php/src/Valinor/Source.php(40): Kreait/Firebase/Valinor/Source::file('D://Website-moni...')
#2 D:/Website-monitoring/vendor/kreait/firebase-php/src/Factory.php(666): Kreait/Firebase/Valinor/Source::parse('D://Website-moni...')
#3 D:/Website-monitoring/vendor/kreait/firebase-php/src/Factory.php(146): Kreait/Firebase/Factory->mapServiceAccount('D://Website-moni...')
#4 D:/Website-monitoring/vendor/kreait/laravel-firebase/src/FirebaseProjectManager.php(75): Kreait/Firebase/Factory->withServiceAccount(Object(SensitiveParameterValue))
#5 D:/Website-monitoring/vendor/kreait/laravel-firebase/src/FirebaseProjectManager.php(35): Kreait/Laravel/Firebase/FirebaseProjectManager->configure('app')
#6 D:/Website-monitoring/vendor/kreait/laravel-firebase/src/ServiceProvider.php(38): Kreait/Laravel/Firebase/FirebaseProjectManager->project()
#7 D:/Website-monitoring/vendor/laravel/framework/src/Illuminate/Container/Container.php(1140): Kreait/Laravel/Firebase/ServiceProvider::{closure:Kreait/Laravel/Firebase/ServiceProvider::registerComponents():38}(Object(Illuminate/Foundation/Application), Array)
#8 D:/Website-monitoring/vendor/laravel/framework/src/Illuminate/Container/Container.php(939): Illuminate/Container/Container->build(Object(Closure))
#9 D:/Website-monitoring/vendor/laravel/framework/src/Illuminate/Foundation/Application.php(1085): Illuminate/Container/Container->resolve('Kreait//Firebase...', Array, true)
#10 D:/Website-monitoring/vendor/laravel/framework/src/Illuminate/Container/Container.php(867): Illuminate/Foundation/Application->resolve('Kreait//Firebase...', Array)
#11 D:/Website-monitoring/vendor/laravel/framework/src/Illuminate/Foundation/Application.php(1065): Illuminate/Container/Container->make('Kreait//Firebase...', Array)
#12 D:/Website-monitoring/vendor/laravel/framework/src/Illuminate/Container/Container.php(1363): Illuminate/Foundation/Application->make('Kreait//Firebase...')
#13 D:/Website-monitoring/vendor/laravel/framework/src/Illuminate/Container/Container.php(1264): Illuminate/Container/Container->resolveClass(Object(ReflectionParameter), 'Kreait//Firebase...')
#14 D:/Website-monitoring/vendor/laravel/framework/src/Illuminate/Container/Container.php(1187): Illuminate/Container/Container->resolveDependencies(Array)
#15 D:/Website-monitoring/vendor/laravel/framework/src/Illuminate/Container/Container.php(939): Illuminate/Container/Container->build('App//Http//Middle...')
#16 D:/Website-monitoring/vendor/laravel/framework/src/Illuminate/Foundation/Application.php(1085): Illuminate/Container/Container->resolve('App//Http//Middle...', Array, true)
#17 D:/Website-monitoring/vendor/laravel/framework/src/Illuminate/Container/Container.php(867): Illuminate/Foundation/Application->resolve('App//Http//Middle...', Array)
#18 D:/Website-monitoring/vendor/laravel/framework/src/Illuminate/Foundation/Application.php(1065): Illuminate/Container/Container->make('App//Http//Middle...', Array)
#19 D:/Website-monitoring/vendor/laravel/framework/src/Illuminate/Pipeline/Pipeline.php(208): Illuminate/Foundation/Application->make('App//Http//Middle...')
#20 D:/Website-monitoring/vendor/laravel/framework/src/Illuminate/Routing/Middleware/SubstituteBindings.php(52): Illuminate/Pipeline/Pipeline->{closure:{closure:Illuminate/Pipeline/Pipeline::carry():194}:195}(Object(Illuminate/Http/Request))
#21 D:/Website-monitoring/vendor/laravel/framework/src/Illuminate/Pipeline/Pipeline.php(219): Illuminate/Routing/Middleware/SubstituteBindings->handle(Object(Illuminate/Http/Request), Object(Closure))
#22 D:/Website-monitoring/vendor/laravel/framework/src/Illuminate/Pipeline/Pipeline.php(137): Illuminate/Pipeline/Pipeline->{closure:{closure:Illuminate/Pipeline/Pipeline::carry():194}:195}(Object(Illuminate/Http/Request))
#23 D:/Website-monitoring/vendor/laravel/framework/src/Illuminate/Routing/Router.php(821): Illuminate/Pipeline/Pipeline->then(Object(Closure))
#24 D:/Website-monitoring/vendor/laravel/framework/src/Illuminate/Routing/Router.php(800): Illuminate/Routing/Router->runRouteWithinStack(Object(Illuminate/Routing/Route), Object(Illuminate/Http/Request))
#25 D:/Website-monitoring/vendor/laravel/framework/src/Illuminate/Routing/Router.php(764): Illuminate/Routing/Router->runRoute(Object(Illuminate/Http/Request), Object(Illuminate/Routing/Route))
#26 D:/Website-monitoring/vendor/laravel/framework/src/Illuminate/Routing/Router.php(753): Illuminate/Routing/Router->dispatchToRoute(Object(Illuminate/Http/Request))
#27 D:/Website-monitoring/vendor/laravel/framework/src/Illuminate/Foundation/Http/Kernel.php(200): Illuminate/Routing/Router->dispatch(Object(Illuminate/Http/Request))
#28 D:/Website-monitoring/vendor/laravel/framework/src/Illuminate/Pipeline/Pipeline.php(180): Illuminate/Foundation/Http/Kernel->{closure:Illuminate/Foundation/Http/Kernel::dispatchToRouter():197}(Object(Illuminate/Http/Request))
#29 D:/Website-monitoring/app/Http/Middleware/SecurityHeaders.php(14): Illuminate/Pipeline/Pipeline->{closure:Illuminate/Pipeline/Pipeline::prepareDestination():178}(Object(Illuminate/Http/Request))
#30 D:/Website-monitoring/vendor/laravel/framework/src/Illuminate/Pipeline/Pipeline.php(219): App/Http/Middleware/SecurityHeaders->handle(Object(Illuminate/Http/Request), Object(Closure))
#31 D:/Website-monitoring/vendor/laravel/framework/src/Illuminate/Foundation/Http/Middleware/TransformsRequest.php(21): Illuminate/Pipeline/Pipeline->{closure:{closure:Illuminate/Pipeline/Pipeline::carry():194}:195}(Object(Illuminate/Http/Request))
#32 D:/Website-monitoring/vendor/laravel/framework/src/Illuminate/Foundation/Http/Middleware/ConvertEmptyStringsToNull.php(31): Illuminate/Foundation/Http/Middleware/TransformsRequest->handle(Object(Illuminate/Http/Request), Object(Closure))
#33 D:/Website-monitoring/vendor/laravel/framework/src/Illuminate/Pipeline/Pipeline.php(219): Illuminate/Foundation/Http/Middleware/ConvertEmptyStringsToNull->handle(Object(Illuminate/Http/Request), Object(Closure))
#34 D:/Website-monitoring/vendor/laravel/framework/src/Illuminate/Foundation/Http/Middleware/TransformsRequest.php(21): Illuminate/Pipeline/Pipeline->{closure:{closure:Illuminate/Pipeline/Pipeline::carry():194}:195}(Object(Illuminate/Http/Request))
#35 D:/Website-monitoring/vendor/laravel/framework/src/Illuminate/Foundation/Http/Middleware/TrimStrings.php(51): Illuminate/Foundation/Http/Middleware/TransformsRequest->handle(Object(Illuminate/Http/Request), Object(Closure))
#36 D:/Website-monitoring/vendor/laravel/framework/src/Illuminate/Pipeline/Pipeline.php(219): Illuminate/Foundation/Http/Middleware/TrimStrings->handle(Object(Illuminate/Http/Request), Object(Closure))
#37 D:/Website-monitoring/vendor/laravel/framework/src/Illuminate/Http/Middleware/ValidatePostSize.php(27): Illuminate/Pipeline/Pipeline->{closure:{closure:Illuminate/Pipeline/Pipeline::carry():194}:195}(Object(Illuminate/Http/Request))
#38 D:/Website-monitoring/vendor/laravel/framework/src/Illuminate/Pipeline/Pipeline.php(219): Illuminate/Http/Middleware/ValidatePostSize->handle(Object(Illuminate/Http/Request), Object(Closure))
#39 D:/Website-monitoring/vendor/laravel/framework/src/Illuminate/Foundation/Http/Middleware/PreventRequestsDuringMaintenance.php(110): Illuminate/Pipeline/Pipeline->{closure:{closure:Illuminate/Pipeline/Pipeline::carry():194}:195}(Object(Illuminate/Http/Request))
#40 D:/Website-monitoring/vendor/laravel/framework/src/Illuminate/Pipeline/Pipeline.php(219): Illuminate/Foundation/Http/Middleware/PreventRequestsDuringMaintenance->handle(Object(Illuminate/Http/Request), Object(Closure))
#41 D:/Website-monitoring/vendor/laravel/framework/src/Illuminate/Http/Middleware/HandleCors.php(74): Illuminate/Pipeline/Pipeline->{closure:{closure:Illuminate/Pipeline/Pipeline::carry():194}:195}(Object(Illuminate/Http/Request))
#42 D:/Website-monitoring/vendor/laravel/framework/src/Illuminate/Pipeline/Pipeline.php(219): Illuminate/Http/Middleware/HandleCors->handle(Object(Illuminate/Http/Request), Object(Closure))
#43 D:/Website-monitoring/vendor/laravel/framework/src/Illuminate/Http/Middleware/TrustProxies.php(58): Illuminate/Pipeline/Pipeline->{closure:{closure:Illuminate/Pipeline/Pipeline::carry():194}:195}(Object(Illuminate/Http/Request))
#44 D:/Website-monitoring/vendor/laravel/framework/src/Illuminate/Pipeline/Pipeline.php(219): Illuminate/Http/Middleware/TrustProxies->handle(Object(Illuminate/Http/Request), Object(Closure))
#45 D:/Website-monitoring/vendor/laravel/framework/src/Illuminate/Foundation/Http/Middleware/InvokeDeferredCallbacks.php(22): Illuminate/Pipeline/Pipeline->{closure:{closure:Illuminate/Pipeline/Pipeline::carry():194}:195}(Object(Illuminate/Http/Request))
#46 D:/Website-monitoring/vendor/laravel/framework/src/Illuminate/Pipeline/Pipeline.php(219): Illuminate/Foundation/Http/Middleware/InvokeDeferredCallbacks->handle(Object(Illuminate/Http/Request), Object(Closure))
#47 D:/Website-monitoring/vendor/laravel/framework/src/Illuminate/Http/Middleware/ValidatePathEncoding.php(28): Illuminate/Pipeline/Pipeline->{closure:{closure:Illuminate/Pipeline/Pipeline::carry():194}:195}(Object(Illuminate/Http/Request))
#48 D:/Website-monitoring/vendor/laravel/framework/src/Illuminate/Pipeline/Pipeline.php(219): Illuminate/Http/Middleware/ValidatePathEncoding->handle(Object(Illuminate/Http/Request), Object(Closure))
#49 D:/Website-monitoring/vendor/laravel/framework/src/Illuminate/Pipeline/Pipeline.php(137): Illuminate/Pipeline/Pipeline->{closure:{closure:Illuminate/Pipeline/Pipeline::carry():194}:195}(Object(Illuminate/Http/Request))
#50 D:/Website-monitoring/vendor/laravel/framework/src/Illuminate/Foundation/Http/Kernel.php(175): Illuminate/Pipeline/Pipeline->then(Object(Closure))
#51 D:/Website-monitoring/vendor/laravel/framework/src/Illuminate/Foundation/Http/Kernel.php(144): Illuminate/Foundation/Http/Kernel->sendRequestThroughRouter(Object(Illuminate/Http/Request))
#52 D:/Website-monitoring/vendor/laravel/framework/src/Illuminate/Foundation/Application.php(1227): Illuminate/Foundation/Http/Kernel->handle(Object(Illuminate/Http/Request))
#53 D:/Website-monitoring/public/index.php(20): Illuminate/Foundation/Application->handleRequest(Object(Illuminate/Http/Request))
#54 D:/Website-monitoring/vendor/laravel/framework/src/Illuminate/Foundation/resources/server.php(23): require_once('D://Website-moni...')
#55 {main}
"} 
[2026-09-14 02:28:33] local.ERROR: SplFileObject::__construct(D:\Website-monitoring\storage/app/firebase/service-account.json): Failed to open stream: No such file or directory {"exception":"[object] (Kreait\\Firebase\\Exception\\InvalidArgumentException(code: 0): SplFileObject::__construct(D:\\Website-monitoring\\storage/app/firebase/service-account.json): Failed to open stream: No such file or directory at D:/Website-monitoring/vendor/kreait/firebase-php/src/Valinor/Source.php:57)
[stacktrace]
#0 D:/Website-monitoring/vendor/kreait/firebase-php/src/Valinor/Source.php(40): Kreait/Firebase/Valinor/Source::file('D://Website-moni...')
#1 D:/Website-monitoring/vendor/kreait/firebase-php/src/Factory.php(666): Kreait/Firebase/Valinor/Source::parse('D://Website-moni...')
#2 D:/Website-monitoring/vendor/kreait/firebase-php/src/Factory.php(146): Kreait/Firebase/Factory->mapServiceAccount('D://Website-moni...')
#3 D:/Website-monitoring/vendor/kreait/laravel-firebase/src/FirebaseProjectManager.php(75): Kreait/Firebase/Factory->withServiceAccount(Object(SensitiveParameterValue))
#4 D:/Website-monitoring/vendor/kreait/laravel-firebase/src/FirebaseProjectManager.php(35): Kreait/Laravel/Firebase/FirebaseProjectManager->configure('app')
#5 D:/Website-monitoring/vendor/kreait/laravel-firebase/src/ServiceProvider.php(38): Kreait/Laravel/Firebase/FirebaseProjectManager->project()
#6 D:/Website-monitoring/vendor/laravel/framework/src/Illuminate/Container/Container.php(1140): Kreait/Laravel/Firebase/ServiceProvider::{closure:Kreait/Laravel/Firebase/ServiceProvider::registerComponents():38}(Object(Illuminate/Foundation/Application), Array)
#7 D:/Website-monitoring/vendor/laravel/framework/src/Illuminate/Container/Container.php(939): Illuminate/Container/Container->build(Object(Closure))
#8 D:/Website-monitoring/vendor/laravel/framework/src/Illuminate/Foundation/Application.php(1085): Illuminate/Container/Container->resolve('Kreait//Firebase...', Array, true)
#9 D:/Website-monitoring/vendor/laravel/framework/src/Illuminate/Container/Container.php(867): Illuminate/Foundation/Application->resolve('Kreait//Firebase...', Array)
#10 D:/Website-monitoring/vendor/laravel/framework/src/Illuminate/Foundation/Application.php(1065): Illuminate/Container/Container->make('Kreait//Firebase...', Array)
#11 D:/Website-monitoring/vendor/laravel/framework/src/Illuminate/Container/Container.php(1363): Illuminate/Foundation/Application->make('Kreait//Firebase...')
#12 D:/Website-monitoring/vendor/laravel/framework/src/Illuminate/Container/Container.php(1264): Illuminate/Container/Container->resolveClass(Object(ReflectionParameter), 'Kreait//Firebase...')
#13 D:/Website-monitoring/vendor/laravel/framework/src/Illuminate/Container/Container.php(1187): Illuminate/Container/Container->resolveDependencies(Array)
#14 D:/Website-monitoring/vendor/laravel/framework/src/Illuminate/Container/Container.php(939): Illuminate/Container/Container->build('App//Http//Middle...')
#15 D:/Website-monitoring/vendor/laravel/framework/src/Illuminate/Foundation/Application.php(1085): Illuminate/Container/Container->resolve('App//Http//Middle...', Array, true)
#16 D:/Website-monitoring/vendor/laravel/framework/src/Illuminate/Container/Container.php(867): Illuminate/Foundation/Application->resolve('App//Http//Middle...', Array)
#17 D:/Website-monitoring/vendor/laravel/framework/src/Illuminate/Foundation/Application.php(1065): Illuminate/Container/Container->make('App//Http//Middle...', Array)
#18 D:/Website-monitoring/vendor/laravel/framework/src/Illuminate/Foundation/Http/Kernel.php(257): Illuminate/Foundation/Application->make('App//Http//Middle...')
#19 D:/Website-monitoring/vendor/laravel/framework/src/Illuminate/Foundation/Http/Kernel.php(215): Illuminate/Foundation/Http/Kernel->terminateMiddleware(Object(Illuminate/Http/Request), Object(Illuminate/Http/JsonResponse))
#20 D:/Website-monitoring/vendor/laravel/framework/src/Illuminate/Foundation/Application.php(1229): Illuminate/Foundation/Http/Kernel->terminate(Object(Illuminate/Http/Request), Object(Illuminate/Http/JsonResponse))
#21 D:/Website-monitoring/public/index.php(20): Illuminate/Foundation/Application->handleRequest(Object(Illuminate/Http/Request))
#22 D:/Website-monitoring/vendor/laravel/framework/src/Illuminate/Foundation/resources/server.php(23): require_once('D://Website-moni...')
#23 {main}

[previous exception] [object] (RuntimeException(code: 0): SplFileObject::__construct(D:\\Website-monitoring\\storage/app/firebase/service-account.json): Failed to open stream: No such file or directory at D:/Website-monitoring/vendor/kreait/firebase-php/src/Valinor/Source.php:55)
[stacktrace]
#0 D:/Website-monitoring/vendor/kreait/firebase-php/src/Valinor/Source.php(55): SplFileObject->__construct('D://Website-moni...')
#1 D:/Website-monitoring/vendor/kreait/firebase-php/src/Valinor/Source.php(40): Kreait/Firebase/Valinor/Source::file('D://Website-moni...')
#2 D:/Website-monitoring/vendor/kreait/firebase-php/src/Factory.php(666): Kreait/Firebase/Valinor/Source::parse('D://Website-moni...')
#3 D:/Website-monitoring/vendor/kreait/firebase-php/src/Factory.php(146): Kreait/Firebase/Factory->mapServiceAccount('D://Website-moni...')
#4 D:/Website-monitoring/vendor/kreait/laravel-firebase/src/FirebaseProjectManager.php(75): Kreait/Firebase/Factory->withServiceAccount(Object(SensitiveParameterValue))
#5 D:/Website-monitoring/vendor/kreait/laravel-firebase/src/FirebaseProjectManager.php(35): Kreait/Laravel/Firebase/FirebaseProjectManager->configure('app')
#6 D:/Website-monitoring/vendor/kreait/laravel-firebase/src/ServiceProvider.php(38): Kreait/Laravel/Firebase/FirebaseProjectManager->project()
#7 D:/Website-monitoring/vendor/laravel/framework/src/Illuminate/Container/Container.php(1140): Kreait/Laravel/Firebase/ServiceProvider::{closure:Kreait/Laravel/Firebase/ServiceProvider::registerComponents():38}(Object(Illuminate/Foundation/Application), Array)
#8 D:/Website-monitoring/vendor/laravel/framework/src/Illuminate/Container/Container.php(939): Illuminate/Container/Container->build(Object(Closure))
#9 D:/Website-monitoring/vendor/laravel/framework/src/Illuminate/Foundation/Application.php(1085): Illuminate/Container/Container->resolve('Kreait//Firebase...', Array, true)
#10 D:/Website-monitoring/vendor/laravel/framework/src/Illuminate/Container/Container.php(867): Illuminate/Foundation/Application->resolve('Kreait//Firebase...', Array)
#11 D:/Website-monitoring/vendor/laravel/framework/src/Illuminate/Foundation/Application.php(1065): Illuminate/Container/Container->make('Kreait//Firebase...', Array)
#12 D:/Website-monitoring/vendor/laravel/framework/src/Illuminate/Container/Container.php(1363): Illuminate/Foundation/Application->make('Kreait//Firebase...')
#13 D:/Website-monitoring/vendor/laravel/framework/src/Illuminate/Container/Container.php(1264): Illuminate/Container/Container->resolveClass(Object(ReflectionParameter), 'Kreait//Firebase...')
#14 D:/Website-monitoring/vendor/laravel/framework/src/Illuminate/Container/Container.php(1187): Illuminate/Container/Container->resolveDependencies(Array)
#15 D:/Website-monitoring/vendor/laravel/framework/src/Illuminate/Container/Container.php(939): Illuminate/Container/Container->build('App//Http//Middle...')
#16 D:/Website-monitoring/vendor/laravel/framework/src/Illuminate/Foundation/Application.php(1085): Illuminate/Container/Container->resolve('App//Http//Middle...', Array, true)
#17 D:/Website-monitoring/vendor/laravel/framework/src/Illuminate/Container/Container.php(867): Illuminate/Foundation/Application->resolve('App//Http//Middle...', Array)
#18 D:/Website-monitoring/vendor/laravel/framework/src/Illuminate/Foundation/Application.php(1065): Illuminate/Container/Container->make('App//Http//Middle...', Array)
#19 D:/Website-monitoring/vendor/laravel/framework/src/Illuminate/Foundation/Http/Kernel.php(257): Illuminate/Foundation/Application->make('App//Http//Middle...')
#20 D:/Website-monitoring/vendor/laravel/framework/src/Illuminate/Foundation/Http/Kernel.php(215): Illuminate/Foundation/Http/Kernel->terminateMiddleware(Object(Illuminate/Http/Request), Object(Illuminate/Http/JsonResponse))
#21 D:/Website-monitoring/vendor/laravel/framework/src/Illuminate/Foundation/Application.php(1229): Illuminate/Foundation/Http/Kernel->terminate(Object(Illuminate/Http/Request), Object(Illuminate/Http/JsonResponse))
#22 D:/Website-monitoring/public/index.php(20): Illuminate/Foundation/Application->handleRequest(Object(Illuminate/Http/Request))
#23 D:/Website-monitoring/vendor/laravel/framework/src/Illuminate/Foundation/resources/server.php(23): require_once('D://Website-moni...')
#24 {main}
"} 
[2026-09-14 02:28:33] local.ERROR: Uncaught ErrorException: Cannot modify header information - headers already sent by (output started at D:\Website-monitoring\vendor\symfony\http-foundation\Response.php:393) in D:\Website-monitoring\vendor\symfony\http-foundation\Response.php:328
Stack trace:
#0 D:\Website-monitoring\vendor\laravel\framework\src\Illuminate\Foundation\Bootstrap\HandleExceptions.php(265): Illuminate\Foundation\Bootstrap\HandleExceptions->handleError(2, 'Cannot modify h...', 'D:\\Website-moni...', 328)
#1 [internal function]: Illuminate\Foundation\Bootstrap\HandleExceptions->{closure:Illuminate\Foundation\Bootstrap\HandleExceptions::forwardsTo():264}(2, 'Cannot modify h...', 'D:\\Website-moni...', 328)
#2 D:\Website-monitoring\vendor\symfony\http-foundation\Response.php(328): header('HTTP/1.0 500 In...', true, 500)
#3 D:\Website-monitoring\vendor\symfony\http-foundation\Response.php(407): Symfony\Component\HttpFoundation\Response->sendHeaders()
#4 D:\Website-monitoring\vendor\laravel\framework\src\Illuminate\Foundation\Bootstrap\HandleExceptions.php(228): Symfony\Component\HttpFoundation\Response->send()
#5 D:\Website-monitoring\vendor\laravel\framework\src\Illuminate\Foundation\Bootstrap\HandleExceptions.php(205): Illuminate\Foundation\Bootstrap\HandleExceptions->renderHttpResponse(Object(Kreait\Firebase\Exception\InvalidArgumentException))
#6 D:\Website-monitoring\vendor\laravel\framework\src\Illuminate\Foundation\Bootstrap\HandleExceptions.php(265): Illuminate\Foundation\Bootstrap\HandleExceptions->handleException(Object(Kreait\Firebase\Exception\InvalidArgumentException))
#7 [internal function]: Illuminate\Foundation\Bootstrap\HandleExceptions->{closure:Illuminate\Foundation\Bootstrap\HandleExceptions::forwardsTo():264}(Object(Kreait\Firebase\Exception\InvalidArgumentException))
#8 {main}
  thrown {"exception":"[object] (Symfony\\Component\\ErrorHandler\\Error\\FatalError(code: 0): Uncaught ErrorException: Cannot modify header information - headers already sent by (output started at D:\\Website-monitoring\\vendor\\symfony\\http-foundation\\Response.php:393) in D:\\Website-monitoring\\vendor\\symfony\\http-foundation\\Response.php:328
Stack trace:
#0 D:\\Website-monitoring\\vendor\\laravel\\framework\\src\\Illuminate\\Foundation\\Bootstrap\\HandleExceptions.php(265): Illuminate\\Foundation\\Bootstrap\\HandleExceptions->handleError(2, 'Cannot modify h...', 'D:\\\\Website-moni...', 328)
#1 [internal function]: Illuminate\\Foundation\\Bootstrap\\HandleExceptions->{closure:Illuminate\\Foundation\\Bootstrap\\HandleExceptions::forwardsTo():264}(2, 'Cannot modify h...', 'D:\\\\Website-moni...', 328)
#2 D:\\Website-monitoring\\vendor\\symfony\\http-foundation\\Response.php(328): header('HTTP/1.0 500 In...', true, 500)
#3 D:\\Website-monitoring\\vendor\\symfony\\http-foundation\\Response.php(407): Symfony\\Component\\HttpFoundation\\Response->sendHeaders()
#4 D:\\Website-monitoring\\vendor\\laravel\\framework\\src\\Illuminate\\Foundation\\Bootstrap\\HandleExceptions.php(228): Symfony\\Component\\HttpFoundation\\Response->send()
#5 D:\\Website-monitoring\\vendor\\laravel\\framework\\src\\Illuminate\\Foundation\\Bootstrap\\HandleExceptions.php(205): Illuminate\\Foundation\\Bootstrap\\HandleExceptions->renderHttpResponse(Object(Kreait\\Firebase\\Exception\\InvalidArgumentException))
#6 D:\\Website-monitoring\\vendor\\laravel\\framework\\src\\Illuminate\\Foundation\\Bootstrap\\HandleExceptions.php(265): Illuminate\\Foundation\\Bootstrap\\HandleExceptions->handleException(Object(Kreait\\Firebase\\Exception\\InvalidArgumentException))
#7 [internal function]: Illuminate\\Foundation\\Bootstrap\\HandleExceptions->{closure:Illuminate\\Foundation\\Bootstrap\\HandleExceptions::forwardsTo():264}(Object(Kreait\\Firebase\\Exception\\InvalidArgumentException))
#8 {main}
  thrown at D:/Website-monitoring/vendor/symfony/http-foundation/Response.php:328)
[stacktrace]
#0 {main}
"} 
[2026-09-14 02:29:25] local.ERROR: SplFileObject::__construct(D:\Website-monitoring\storage/app/firebase/service-account.json): Failed to open stream: No such file or directory {"exception":"[object] (Kreait\\Firebase\\Exception\\InvalidArgumentException(code: 0): SplFileObject::__construct(D:\\Website-monitoring\\storage/app/firebase/service-account.json): Failed to open stream: No such file or directory at D:/Website-monitoring/vendor/kreait/firebase-php/src/Valinor/Source.php:57)
[stacktrace]
#0 D:/Website-monitoring/vendor/kreait/firebase-php/src/Valinor/Source.php(40): Kreait/Firebase/Valinor/Source::file('D://Website-moni...')
#1 D:/Website-monitoring/vendor/kreait/firebase-php/src/Factory.php(666): Kreait/Firebase/Valinor/Source::parse('D://Website-moni...')
#2 D:/Website-monitoring/vendor/kreait/firebase-php/src/Factory.php(146): Kreait/Firebase/Factory->mapServiceAccount('D://Website-moni...')
#3 D:/Website-monitoring/vendor/kreait/laravel-firebase/src/FirebaseProjectManager.php(75): Kreait/Firebase/Factory->withServiceAccount(Object(SensitiveParameterValue))
#4 D:/Website-monitoring/vendor/kreait/laravel-firebase/src/FirebaseProjectManager.php(35): Kreait/Laravel/Firebase/FirebaseProjectManager->configure('app')
#5 D:/Website-monitoring/vendor/kreait/laravel-firebase/src/ServiceProvider.php(38): Kreait/Laravel/Firebase/FirebaseProjectManager->project()
#6 D:/Website-monitoring/vendor/laravel/framework/src/Illuminate/Container/Container.php(1140): Kreait/Laravel/Firebase/ServiceProvider::{closure:Kreait/Laravel/Firebase/ServiceProvider::registerComponents():38}(Object(Illuminate/Foundation/Application), Array)
#7 D:/Website-monitoring/vendor/laravel/framework/src/Illuminate/Container/Container.php(939): Illuminate/Container/Container->build(Object(Closure))
#8 D:/Website-monitoring/vendor/laravel/framework/src/Illuminate/Foundation/Application.php(1085): Illuminate/Container/Container->resolve('Kreait//Firebase...', Array, true)
#9 D:/Website-monitoring/vendor/laravel/framework/src/Illuminate/Container/Container.php(867): Illuminate/Foundation/Application->resolve('Kreait//Firebase...', Array)
#10 D:/Website-monitoring/vendor/laravel/framework/src/Illuminate/Foundation/Application.php(1065): Illuminate/Container/Container->make('Kreait//Firebase...', Array)
#11 D:/Website-monitoring/vendor/laravel/framework/src/Illuminate/Container/Container.php(1363): Illuminate/Foundation/Application->make('Kreait//Firebase...')
#12 D:/Website-monitoring/vendor/laravel/framework/src/Illuminate/Container/Container.php(1264): Illuminate/Container/Container->resolveClass(Object(ReflectionParameter), 'Kreait//Firebase...')
#13 D:/Website-monitoring/vendor/laravel/framework/src/Illuminate/Container/Container.php(1187): Illuminate/Container/Container->resolveDependencies(Array)
#14 D:/Website-monitoring/vendor/laravel/framework/src/Illuminate/Container/Container.php(939): Illuminate/Container/Container->build('App//Http//Middle...')
#15 D:/Website-monitoring/vendor/laravel/framework/src/Illuminate/Foundation/Application.php(1085): Illuminate/Container/Container->resolve('App//Http//Middle...', Array, true)
#16 D:/Website-monitoring/vendor/laravel/framework/src/Illuminate/Container/Container.php(867): Illuminate/Foundation/Application->resolve('App//Http//Middle...', Array)
#17 D:/Website-monitoring/vendor/laravel/framework/src/Illuminate/Foundation/Application.php(1065): Illuminate/Container/Container->make('App//Http//Middle...', Array)
#18 D:/Website-monitoring/vendor/laravel/framework/src/Illuminate/Pipeline/Pipeline.php(208): Illuminate/Foundation/Application->make('App//Http//Middle...')
#19 D:/Website-monitoring/vendor/laravel/framework/src/Illuminate/Routing/Middleware/SubstituteBindings.php(52): Illuminate/Pipeline/Pipeline->{closure:{closure:Illuminate/Pipeline/Pipeline::carry():194}:195}(Object(Illuminate/Http/Request))
#20 D:/Website-monitoring/vendor/laravel/framework/src/Illuminate/Pipeline/Pipeline.php(219): Illuminate/Routing/Middleware/SubstituteBindings->handle(Object(Illuminate/Http/Request), Object(Closure))
#21 D:/Website-monitoring/vendor/laravel/framework/src/Illuminate/Pipeline/Pipeline.php(137): Illuminate/Pipeline/Pipeline->{closure:{closure:Illuminate/Pipeline/Pipeline::carry():194}:195}(Object(Illuminate/Http/Request))
#22 D:/Website-monitoring/vendor/laravel/framework/src/Illuminate/Routing/Router.php(821): Illuminate/Pipeline/Pipeline->then(Object(Closure))
#23 D:/Website-monitoring/vendor/laravel/framework/src/Illuminate/Routing/Router.php(800): Illuminate/Routing/Router->runRouteWithinStack(Object(Illuminate/Routing/Route), Object(Illuminate/Http/Request))
#24 D:/Website-monitoring/vendor/laravel/framework/src/Illuminate/Routing/Router.php(764): Illuminate/Routing/Router->runRoute(Object(Illuminate/Http/Request), Object(Illuminate/Routing/Route))
#25 D:/Website-monitoring/vendor/laravel/framework/src/Illuminate/Routing/Router.php(753): Illuminate/Routing/Router->dispatchToRoute(Object(Illuminate/Http/Request))
#26 D:/Website-monitoring/vendor/laravel/framework/src/Illuminate/Foundation/Http/Kernel.php(200): Illuminate/Routing/Router->dispatch(Object(Illuminate/Http/Request))
#27 D:/Website-monitoring/vendor/laravel/framework/src/Illuminate/Pipeline/Pipeline.php(180): Illuminate/Foundation/Http/Kernel->{closure:Illuminate/Foundation/Http/Kernel::dispatchToRouter():197}(Object(Illuminate/Http/Request))
#28 D:/Website-monitoring/app/Http/Middleware/SecurityHeaders.php(14): Illuminate/Pipeline/Pipeline->{closure:Illuminate/Pipeline/Pipeline::prepareDestination():178}(Object(Illuminate/Http/Request))
#29 D:/Website-monitoring/vendor/laravel/framework/src/Illuminate/Pipeline/Pipeline.php(219): App/Http/Middleware/SecurityHeaders->handle(Object(Illuminate/Http/Request), Object(Closure))
#30 D:/Website-monitoring/vendor/laravel/framework/src/Illuminate/Foundation/Http/Middleware/TransformsRequest.php(21): Illuminate/Pipeline/Pipeline->{closure:{closure:Illuminate/Pipeline/Pipeline::carry():194}:195}(Object(Illuminate/Http/Request))
#31 D:/Website-monitoring/vendor/laravel/framework/src/Illuminate/Foundation/Http/Middleware/ConvertEmptyStringsToNull.php(31): Illuminate/Foundation/Http/Middleware/TransformsRequest->handle(Object(Illuminate/Http/Request), Object(Closure))
#32 D:/Website-monitoring/vendor/laravel/framework/src/Illuminate/Pipeline/Pipeline.php(219): Illuminate/Foundation/Http/Middleware/ConvertEmptyStringsToNull->handle(Object(Illuminate/Http/Request), Object(Closure))
#33 D:/Website-monitoring/vendor/laravel/framework/src/Illuminate/Foundation/Http/Middleware/TransformsRequest.php(21): Illuminate/Pipeline/Pipeline->{closure:{closure:Illuminate/Pipeline/Pipeline::carry():194}:195}(Object(Illuminate/Http/Request))
#34 D:/Website-monitoring/vendor/laravel/framework/src/Illuminate/Foundation/Http/Middleware/TrimStrings.php(51): Illuminate/Foundation/Http/Middleware/TransformsRequest->handle(Object(Illuminate/Http/Request), Object(Closure))
#35 D:/Website-monitoring/vendor/laravel/framework/src/Illuminate/Pipeline/Pipeline.php(219): Illuminate/Foundation/Http/Middleware/TrimStrings->handle(Object(Illuminate/Http/Request), Object(Closure))
#36 D:/Website-monitoring/vendor/laravel/framework/src/Illuminate/Http/Middleware/ValidatePostSize.php(27): Illuminate/Pipeline/Pipeline->{closure:{closure:Illuminate/Pipeline/Pipeline::carry():194}:195}(Object(Illuminate/Http/Request))
#37 D:/Website-monitoring/vendor/laravel/framework/src/Illuminate/Pipeline/Pipeline.php(219): Illuminate/Http/Middleware/ValidatePostSize->handle(Object(Illuminate/Http/Request), Object(Closure))
#38 D:/Website-monitoring/vendor/laravel/framework/src/Illuminate/Foundation/Http/Middleware/PreventRequestsDuringMaintenance.php(110): Illuminate/Pipeline/Pipeline->{closure:{closure:Illuminate/Pipeline/Pipeline::carry():194}:195}(Object(Illuminate/Http/Request))
#39 D:/Website-monitoring/vendor/laravel/framework/src/Illuminate/Pipeline/Pipeline.php(219): Illuminate/Foundation/Http/Middleware/PreventRequestsDuringMaintenance->handle(Object(Illuminate/Http/Request), Object(Closure))
#40 D:/Website-monitoring/vendor/laravel/framework/src/Illuminate/Http/Middleware/HandleCors.php(74): Illuminate/Pipeline/Pipeline->{closure:{closure:Illuminate/Pipeline/Pipeline::carry():194}:195}(Object(Illuminate/Http/Request))
#41 D:/Website-monitoring/vendor/laravel/framework/src/Illuminate/Pipeline/Pipeline.php(219): Illuminate/Http/Middleware/HandleCors->handle(Object(Illuminate/Http/Request), Object(Closure))
#42 D:/Website-monitoring/vendor/laravel/framework/src/Illuminate/Http/Middleware/TrustProxies.php(58): Illuminate/Pipeline/Pipeline->{closure:{closure:Illuminate/Pipeline/Pipeline::carry():194}:195}(Object(Illuminate/Http/Request))
#43 D:/Website-monitoring/vendor/laravel/framework/src/Illuminate/Pipeline/Pipeline.php(219): Illuminate/Http/Middleware/TrustProxies->handle(Object(Illuminate/Http/Request), Object(Closure))
#44 D:/Website-monitoring/vendor/laravel/framework/src/Illuminate/Foundation/Http/Middleware/InvokeDeferredCallbacks.php(22): Illuminate/Pipeline/Pipeline->{closure:{closure:Illuminate/Pipeline/Pipeline::carry():194}:195}(Object(Illuminate/Http/Request))
#45 D:/Website-monitoring/vendor/laravel/framework/src/Illuminate/Pipeline/Pipeline.php(219): Illuminate/Foundation/Http/Middleware/InvokeDeferredCallbacks->handle(Object(Illuminate/Http/Request), Object(Closure))
#46 D:/Website-monitoring/vendor/laravel/framework/src/Illuminate/Http/Middleware/ValidatePathEncoding.php(28): Illuminate/Pipeline/Pipeline->{closure:{closure:Illuminate/Pipeline/Pipeline::carry():194}:195}(Object(Illuminate/Http/Request))
#47 D:/Website-monitoring/vendor/laravel/framework/src/Illuminate/Pipeline/Pipeline.php(219): Illuminate/Http/Middleware/ValidatePathEncoding->handle(Object(Illuminate/Http/Request), Object(Closure))
#48 D:/Website-monitoring/vendor/laravel/framework/src/Illuminate/Pipeline/Pipeline.php(137): Illuminate/Pipeline/Pipeline->{closure:{closure:Illuminate/Pipeline/Pipeline::carry():194}:195}(Object(Illuminate/Http/Request))
#49 D:/Website-monitoring/vendor/laravel/framework/src/Illuminate/Foundation/Http/Kernel.php(175): Illuminate/Pipeline/Pipeline->then(Object(Closure))
#50 D:/Website-monitoring/vendor/laravel/framework/src/Illuminate/Foundation/Http/Kernel.php(144): Illuminate/Foundation/Http/Kernel->sendRequestThroughRouter(Object(Illuminate/Http/Request))
#51 D:/Website-monitoring/vendor/laravel/framework/src/Illuminate/Foundation/Application.php(1227): Illuminate/Foundation/Http/Kernel->handle(Object(Illuminate/Http/Request))
#52 D:/Website-monitoring/public/index.php(20): Illuminate/Foundation/Application->handleRequest(Object(Illuminate/Http/Request))
#53 D:/Website-monitoring/vendor/laravel/framework/src/Illuminate/Foundation/resources/server.php(23): require_once('D://Website-moni...')
#54 {main}

[previous exception] [object] (RuntimeException(code: 0): SplFileObject::__construct(D:\\Website-monitoring\\storage/app/firebase/service-account.json): Failed to open stream: No such file or directory at D:/Website-monitoring/vendor/kreait/firebase-php/src/Valinor/Source.php:55)
[stacktrace]
#0 D:/Website-monitoring/vendor/kreait/firebase-php/src/Valinor/Source.php(55): SplFileObject->__construct('D://Website-moni...')
#1 D:/Website-monitoring/vendor/kreait/firebase-php/src/Valinor/Source.php(40): Kreait/Firebase/Valinor/Source::file('D://Website-moni...')
#2 D:/Website-monitoring/vendor/kreait/firebase-php/src/Factory.php(666): Kreait/Firebase/Valinor/Source::parse('D://Website-moni...')
#3 D:/Website-monitoring/vendor/kreait/firebase-php/src/Factory.php(146): Kreait/Firebase/Factory->mapServiceAccount('D://Website-moni...')
#4 D:/Website-monitoring/vendor/kreait/laravel-firebase/src/FirebaseProjectManager.php(75): Kreait/Firebase/Factory->withServiceAccount(Object(SensitiveParameterValue))
#5 D:/Website-monitoring/vendor/kreait/laravel-firebase/src/FirebaseProjectManager.php(35): Kreait/Laravel/Firebase/FirebaseProjectManager->configure('app')
#6 D:/Website-monitoring/vendor/kreait/laravel-firebase/src/ServiceProvider.php(38): Kreait/Laravel/Firebase/FirebaseProjectManager->project()
#7 D:/Website-monitoring/vendor/laravel/framework/src/Illuminate/Container/Container.php(1140): Kreait/Laravel/Firebase/ServiceProvider::{closure:Kreait/Laravel/Firebase/ServiceProvider::registerComponents():38}(Object(Illuminate/Foundation/Application), Array)
#8 D:/Website-monitoring/vendor/laravel/framework/src/Illuminate/Container/Container.php(939): Illuminate/Container/Container->build(Object(Closure))
#9 D:/Website-monitoring/vendor/laravel/framework/src/Illuminate/Foundation/Application.php(1085): Illuminate/Container/Container->resolve('Kreait//Firebase...', Array, true)
#10 D:/Website-monitoring/vendor/laravel/framework/src/Illuminate/Container/Container.php(867): Illuminate/Foundation/Application->resolve('Kreait//Firebase...', Array)
#11 D:/Website-monitoring/vendor/laravel/framework/src/Illuminate/Foundation/Application.php(1065): Illuminate/Container/Container->make('Kreait//Firebase...', Array)
#12 D:/Website-monitoring/vendor/laravel/framework/src/Illuminate/Container/Container.php(1363): Illuminate/Foundation/Application->make('Kreait//Firebase...')
#13 D:/Website-monitoring/vendor/laravel/framework/src/Illuminate/Container/Container.php(1264): Illuminate/Container/Container->resolveClass(Object(ReflectionParameter), 'Kreait//Firebase...')
#14 D:/Website-monitoring/vendor/laravel/framework/src/Illuminate/Container/Container.php(1187): Illuminate/Container/Container->resolveDependencies(Array)
#15 D:/Website-monitoring/vendor/laravel/framework/src/Illuminate/Container/Container.php(939): Illuminate/Container/Container->build('App//Http//Middle...')
#16 D:/Website-monitoring/vendor/laravel/framework/src/Illuminate/Foundation/Application.php(1085): Illuminate/Container/Container->resolve('App//Http//Middle...', Array, true)
#17 D:/Website-monitoring/vendor/laravel/framework/src/Illuminate/Container/Container.php(867): Illuminate/Foundation/Application->resolve('App//Http//Middle...', Array)
#18 D:/Website-monitoring/vendor/laravel/framework/src/Illuminate/Foundation/Application.php(1065): Illuminate/Container/Container->make('App//Http//Middle...', Array)
#19 D:/Website-monitoring/vendor/laravel/framework/src/Illuminate/Pipeline/Pipeline.php(208): Illuminate/Foundation/Application->make('App//Http//Middle...')
#20 D:/Website-monitoring/vendor/laravel/framework/src/Illuminate/Routing/Middleware/SubstituteBindings.php(52): Illuminate/Pipeline/Pipeline->{closure:{closure:Illuminate/Pipeline/Pipeline::carry():194}:195}(Object(Illuminate/Http/Request))
#21 D:/Website-monitoring/vendor/laravel/framework/src/Illuminate/Pipeline/Pipeline.php(219): Illuminate/Routing/Middleware/SubstituteBindings->handle(Object(Illuminate/Http/Request), Object(Closure))
#22 D:/Website-monitoring/vendor/laravel/framework/src/Illuminate/Pipeline/Pipeline.php(137): Illuminate/Pipeline/Pipeline->{closure:{closure:Illuminate/Pipeline/Pipeline::carry():194}:195}(Object(Illuminate/Http/Request))
#23 D:/Website-monitoring/vendor/laravel/framework/src/Illuminate/Routing/Router.php(821): Illuminate/Pipeline/Pipeline->then(Object(Closure))
#24 D:/Website-monitoring/vendor/laravel/framework/src/Illuminate/Routing/Router.php(800): Illuminate/Routing/Router->runRouteWithinStack(Object(Illuminate/Routing/Route), Object(Illuminate/Http/Request))
#25 D:/Website-monitoring/vendor/laravel/framework/src/Illuminate/Routing/Router.php(764): Illuminate/Routing/Router->runRoute(Object(Illuminate/Http/Request), Object(Illuminate/Routing/Route))
#26 D:/Website-monitoring/vendor/laravel/framework/src/Illuminate/Routing/Router.php(753): Illuminate/Routing/Router->dispatchToRoute(Object(Illuminate/Http/Request))
#27 D:/Website-monitoring/vendor/laravel/framework/src/Illuminate/Foundation/Http/Kernel.php(200): Illuminate/Routing/Router->dispatch(Object(Illuminate/Http/Request))
#28 D:/Website-monitoring/vendor/laravel/framework/src/Illuminate/Pipeline/Pipeline.php(180): Illuminate/Foundation/Http/Kernel->{closure:Illuminate/Foundation/Http/Kernel::dispatchToRouter():197}(Object(Illuminate/Http/Request))
#29 D:/Website-monitoring/app/Http/Middleware/SecurityHeaders.php(14): Illuminate/Pipeline/Pipeline->{closure:Illuminate/Pipeline/Pipeline::prepareDestination():178}(Object(Illuminate/Http/Request))
#30 D:/Website-monitoring/vendor/laravel/framework/src/Illuminate/Pipeline/Pipeline.php(219): App/Http/Middleware/SecurityHeaders->handle(Object(Illuminate/Http/Request), Object(Closure))
#31 D:/Website-monitoring/vendor/laravel/framework/src/Illuminate/Foundation/Http/Middleware/TransformsRequest.php(21): Illuminate/Pipeline/Pipeline->{closure:{closure:Illuminate/Pipeline/Pipeline::carry():194}:195}(Object(Illuminate/Http/Request))
#32 D:/Website-monitoring/vendor/laravel/framework/src/Illuminate/Foundation/Http/Middleware/ConvertEmptyStringsToNull.php(31): Illuminate/Foundation/Http/Middleware/TransformsRequest->handle(Object(Illuminate/Http/Request), Object(Closure))
#33 D:/Website-monitoring/vendor/laravel/framework/src/Illuminate/Pipeline/Pipeline.php(219): Illuminate/Foundation/Http/Middleware/ConvertEmptyStringsToNull->handle(Object(Illuminate/Http/Request), Object(Closure))
#34 D:/Website-monitoring/vendor/laravel/framework/src/Illuminate/Foundation/Http/Middleware/TransformsRequest.php(21): Illuminate/Pipeline/Pipeline->{closure:{closure:Illuminate/Pipeline/Pipeline::carry():194}:195}(Object(Illuminate/Http/Request))
#35 D:/Website-monitoring/vendor/laravel/framework/src/Illuminate/Foundation/Http/Middleware/TrimStrings.php(51): Illuminate/Foundation/Http/Middleware/TransformsRequest->handle(Object(Illuminate/Http/Request), Object(Closure))
#36 D:/Website-monitoring/vendor/laravel/framework/src/Illuminate/Pipeline/Pipeline.php(219): Illuminate/Foundation/Http/Middleware/TrimStrings->handle(Object(Illuminate/Http/Request), Object(Closure))
#37 D:/Website-monitoring/vendor/laravel/framework/src/Illuminate/Http/Middleware/ValidatePostSize.php(27): Illuminate/Pipeline/Pipeline->{closure:{closure:Illuminate/Pipeline/Pipeline::carry():194}:195}(Object(Illuminate/Http/Request))
#38 D:/Website-monitoring/vendor/laravel/framework/src/Illuminate/Pipeline/Pipeline.php(219): Illuminate/Http/Middleware/ValidatePostSize->handle(Object(Illuminate/Http/Request), Object(Closure))
#39 D:/Website-monitoring/vendor/laravel/framework/src/Illuminate/Foundation/Http/Middleware/PreventRequestsDuringMaintenance.php(110): Illuminate/Pipeline/Pipeline->{closure:{closure:Illuminate/Pipeline/Pipeline::carry():194}:195}(Object(Illuminate/Http/Request))
#40 D:/Website-monitoring/vendor/laravel/framework/src/Illuminate/Pipeline/Pipeline.php(219): Illuminate/Foundation/Http/Middleware/PreventRequestsDuringMaintenance->handle(Object(Illuminate/Http/Request), Object(Closure))
#41 D:/Website-monitoring/vendor/laravel/framework/src/Illuminate/Http/Middleware/HandleCors.php(74): Illuminate/Pipeline/Pipeline->{closure:{closure:Illuminate/Pipeline/Pipeline::carry():194}:195}(Object(Illuminate/Http/Request))
#42 D:/Website-monitoring/vendor/laravel/framework/src/Illuminate/Pipeline/Pipeline.php(219): Illuminate/Http/Middleware/HandleCors->handle(Object(Illuminate/Http/Request), Object(Closure))
#43 D:/Website-monitoring/vendor/laravel/framework/src/Illuminate/Http/Middleware/TrustProxies.php(58): Illuminate/Pipeline/Pipeline->{closure:{closure:Illuminate/Pipeline/Pipeline::carry():194}:195}(Object(Illuminate/Http/Request))
#44 D:/Website-monitoring/vendor/laravel/framework/src/Illuminate/Pipeline/Pipeline.php(219): Illuminate/Http/Middleware/TrustProxies->handle(Object(Illuminate/Http/Request), Object(Closure))
#45 D:/Website-monitoring/vendor/laravel/framework/src/Illuminate/Foundation/Http/Middleware/InvokeDeferredCallbacks.php(22): Illuminate/Pipeline/Pipeline->{closure:{closure:Illuminate/Pipeline/Pipeline::carry():194}:195}(Object(Illuminate/Http/Request))
#46 D:/Website-monitoring/vendor/laravel/framework/src/Illuminate/Pipeline/Pipeline.php(219): Illuminate/Foundation/Http/Middleware/InvokeDeferredCallbacks->handle(Object(Illuminate/Http/Request), Object(Closure))
#47 D:/Website-monitoring/vendor/laravel/framework/src/Illuminate/Http/Middleware/ValidatePathEncoding.php(28): Illuminate/Pipeline/Pipeline->{closure:{closure:Illuminate/Pipeline/Pipeline::carry():194}:195}(Object(Illuminate/Http/Request))
#48 D:/Website-monitoring/vendor/laravel/framework/src/Illuminate/Pipeline/Pipeline.php(219): Illuminate/Http/Middleware/ValidatePathEncoding->handle(Object(Illuminate/Http/Request), Object(Closure))
#49 D:/Website-monitoring/vendor/laravel/framework/src/Illuminate/Pipeline/Pipeline.php(137): Illuminate/Pipeline/Pipeline->{closure:{closure:Illuminate/Pipeline/Pipeline::carry():194}:195}(Object(Illuminate/Http/Request))
#50 D:/Website-monitoring/vendor/laravel/framework/src/Illuminate/Foundation/Http/Kernel.php(175): Illuminate/Pipeline/Pipeline->then(Object(Closure))
#51 D:/Website-monitoring/vendor/laravel/framework/src/Illuminate/Foundation/Http/Kernel.php(144): Illuminate/Foundation/Http/Kernel->sendRequestThroughRouter(Object(Illuminate/Http/Request))
#52 D:/Website-monitoring/vendor/laravel/framework/src/Illuminate/Foundation/Application.php(1227): Illuminate/Foundation/Http/Kernel->handle(Object(Illuminate/Http/Request))
#53 D:/Website-monitoring/public/index.php(20): Illuminate/Foundation/Application->handleRequest(Object(Illuminate/Http/Request))
#54 D:/Website-monitoring/vendor/laravel/framework/src/Illuminate/Foundation/resources/server.php(23): require_once('D://Website-moni...')
#55 {main}
"} 
[2026-09-14 02:29:25] local.ERROR: SplFileObject::__construct(D:\Website-monitoring\storage/app/firebase/service-account.json): Failed to open stream: No such file or directory {"exception":"[object] (Kreait\\Firebase\\Exception\\InvalidArgumentException(code: 0): SplFileObject::__construct(D:\\Website-monitoring\\storage/app/firebase/service-account.json): Failed to open stream: No such file or directory at D:/Website-monitoring/vendor/kreait/firebase-php/src/Valinor/Source.php:57)
[stacktrace]
#0 D:/Website-monitoring/vendor/kreait/firebase-php/src/Valinor/Source.php(40): Kreait/Firebase/Valinor/Source::file('D://Website-moni...')
#1 D:/Website-monitoring/vendor/kreait/firebase-php/src/Factory.php(666): Kreait/Firebase/Valinor/Source::parse('D://Website-moni...')
#2 D:/Website-monitoring/vendor/kreait/firebase-php/src/Factory.php(146): Kreait/Firebase/Factory->mapServiceAccount('D://Website-moni...')
#3 D:/Website-monitoring/vendor/kreait/laravel-firebase/src/FirebaseProjectManager.php(75): Kreait/Firebase/Factory->withServiceAccount(Object(SensitiveParameterValue))
#4 D:/Website-monitoring/vendor/kreait/laravel-firebase/src/FirebaseProjectManager.php(35): Kreait/Laravel/Firebase/FirebaseProjectManager->configure('app')
#5 D:/Website-monitoring/vendor/kreait/laravel-firebase/src/ServiceProvider.php(38): Kreait/Laravel/Firebase/FirebaseProjectManager->project()
#6 D:/Website-monitoring/vendor/laravel/framework/src/Illuminate/Container/Container.php(1140): Kreait/Laravel/Firebase/ServiceProvider::{closure:Kreait/Laravel/Firebase/ServiceProvider::registerComponents():38}(Object(Illuminate/Foundation/Application), Array)
#7 D:/Website-monitoring/vendor/laravel/framework/src/Illuminate/Container/Container.php(939): Illuminate/Container/Container->build(Object(Closure))
#8 D:/Website-monitoring/vendor/laravel/framework/src/Illuminate/Foundation/Application.php(1085): Illuminate/Container/Container->resolve('Kreait//Firebase...', Array, true)
#9 D:/Website-monitoring/vendor/laravel/framework/src/Illuminate/Container/Container.php(867): Illuminate/Foundation/Application->resolve('Kreait//Firebase...', Array)
#10 D:/Website-monitoring/vendor/laravel/framework/src/Illuminate/Foundation/Application.php(1065): Illuminate/Container/Container->make('Kreait//Firebase...', Array)
#11 D:/Website-monitoring/vendor/laravel/framework/src/Illuminate/Container/Container.php(1363): Illuminate/Foundation/Application->make('Kreait//Firebase...')
#12 D:/Website-monitoring/vendor/laravel/framework/src/Illuminate/Container/Container.php(1264): Illuminate/Container/Container->resolveClass(Object(ReflectionParameter), 'Kreait//Firebase...')
#13 D:/Website-monitoring/vendor/laravel/framework/src/Illuminate/Container/Container.php(1187): Illuminate/Container/Container->resolveDependencies(Array)
#14 D:/Website-monitoring/vendor/laravel/framework/src/Illuminate/Container/Container.php(939): Illuminate/Container/Container->build('App//Http//Middle...')
#15 D:/Website-monitoring/vendor/laravel/framework/src/Illuminate/Foundation/Application.php(1085): Illuminate/Container/Container->resolve('App//Http//Middle...', Array, true)
#16 D:/Website-monitoring/vendor/laravel/framework/src/Illuminate/Container/Container.php(867): Illuminate/Foundation/Application->resolve('App//Http//Middle...', Array)
#17 D:/Website-monitoring/vendor/laravel/framework/src/Illuminate/Foundation/Application.php(1065): Illuminate/Container/Container->make('App//Http//Middle...', Array)
#18 D:/Website-monitoring/vendor/laravel/framework/src/Illuminate/Foundation/Http/Kernel.php(257): Illuminate/Foundation/Application->make('App//Http//Middle...')
#19 D:/Website-monitoring/vendor/laravel/framework/src/Illuminate/Foundation/Http/Kernel.php(215): Illuminate/Foundation/Http/Kernel->terminateMiddleware(Object(Illuminate/Http/Request), Object(Illuminate/Http/JsonResponse))
#20 D:/Website-monitoring/vendor/laravel/framework/src/Illuminate/Foundation/Application.php(1229): Illuminate/Foundation/Http/Kernel->terminate(Object(Illuminate/Http/Request), Object(Illuminate/Http/JsonResponse))
#21 D:/Website-monitoring/public/index.php(20): Illuminate/Foundation/Application->handleRequest(Object(Illuminate/Http/Request))
#22 D:/Website-monitoring/vendor/laravel/framework/src/Illuminate/Foundation/resources/server.php(23): require_once('D://Website-moni...')
#23 {main}

[previous exception] [object] (RuntimeException(code: 0): SplFileObject::__construct(D:\\Website-monitoring\\storage/app/firebase/service-account.json): Failed to open stream: No such file or directory at D:/Website-monitoring/vendor/kreait/firebase-php/src/Valinor/Source.php:55)
[stacktrace]
#0 D:/Website-monitoring/vendor/kreait/firebase-php/src/Valinor/Source.php(55): SplFileObject->__construct('D://Website-moni...')
#1 D:/Website-monitoring/vendor/kreait/firebase-php/src/Valinor/Source.php(40): Kreait/Firebase/Valinor/Source::file('D://Website-moni...')
#2 D:/Website-monitoring/vendor/kreait/firebase-php/src/Factory.php(666): Kreait/Firebase/Valinor/Source::parse('D://Website-moni...')
#3 D:/Website-monitoring/vendor/kreait/firebase-php/src/Factory.php(146): Kreait/Firebase/Factory->mapServiceAccount('D://Website-moni...')
#4 D:/Website-monitoring/vendor/kreait/laravel-firebase/src/FirebaseProjectManager.php(75): Kreait/Firebase/Factory->withServiceAccount(Object(SensitiveParameterValue))
#5 D:/Website-monitoring/vendor/kreait/laravel-firebase/src/FirebaseProjectManager.php(35): Kreait/Laravel/Firebase/FirebaseProjectManager->configure('app')
#6 D:/Website-monitoring/vendor/kreait/laravel-firebase/src/ServiceProvider.php(38): Kreait/Laravel/Firebase/FirebaseProjectManager->project()
#7 D:/Website-monitoring/vendor/laravel/framework/src/Illuminate/Container/Container.php(1140): Kreait/Laravel/Firebase/ServiceProvider::{closure:Kreait/Laravel/Firebase/ServiceProvider::registerComponents():38}(Object(Illuminate/Foundation/Application), Array)
#8 D:/Website-monitoring/vendor/laravel/framework/src/Illuminate/Container/Container.php(939): Illuminate/Container/Container->build(Object(Closure))
#9 D:/Website-monitoring/vendor/laravel/framework/src/Illuminate/Foundation/Application.php(1085): Illuminate/Container/Container->resolve('Kreait//Firebase...', Array, true)
#10 D:/Website-monitoring/vendor/laravel/framework/src/Illuminate/Container/Container.php(867): Illuminate/Foundation/Application->resolve('Kreait//Firebase...', Array)
#11 D:/Website-monitoring/vendor/laravel/framework/src/Illuminate/Foundation/Application.php(1065): Illuminate/Container/Container->make('Kreait//Firebase...', Array)
#12 D:/Website-monitoring/vendor/laravel/framework/src/Illuminate/Container/Container.php(1363): Illuminate/Foundation/Application->make('Kreait//Firebase...')
#13 D:/Website-monitoring/vendor/laravel/framework/src/Illuminate/Container/Container.php(1264): Illuminate/Container/Container->resolveClass(Object(ReflectionParameter), 'Kreait//Firebase...')
#14 D:/Website-monitoring/vendor/laravel/framework/src/Illuminate/Container/Container.php(1187): Illuminate/Container/Container->resolveDependencies(Array)
#15 D:/Website-monitoring/vendor/laravel/framework/src/Illuminate/Container/Container.php(939): Illuminate/Container/Container->build('App//Http//Middle...')
#16 D:/Website-monitoring/vendor/laravel/framework/src/Illuminate/Foundation/Application.php(1085): Illuminate/Container/Container->resolve('App//Http//Middle...', Array, true)
#17 D:/Website-monitoring/vendor/laravel/framework/src/Illuminate/Container/Container.php(867): Illuminate/Foundation/Application->resolve('App//Http//Middle...', Array)
#18 D:/Website-monitoring/vendor/laravel/framework/src/Illuminate/Foundation/Application.php(1065): Illuminate/Container/Container->make('App//Http//Middle...', Array)
#19 D:/Website-monitoring/vendor/laravel/framework/src/Illuminate/Foundation/Http/Kernel.php(257): Illuminate/Foundation/Application->make('App//Http//Middle...')
#20 D:/Website-monitoring/vendor/laravel/framework/src/Illuminate/Foundation/Http/Kernel.php(215): Illuminate/Foundation/Http/Kernel->terminateMiddleware(Object(Illuminate/Http/Request), Object(Illuminate/Http/JsonResponse))
#21 D:/Website-monitoring/vendor/laravel/framework/src/Illuminate/Foundation/Application.php(1229): Illuminate/Foundation/Http/Kernel->terminate(Object(Illuminate/Http/Request), Object(Illuminate/Http/JsonResponse))
#22 D:/Website-monitoring/public/index.php(20): Illuminate/Foundation/Application->handleRequest(Object(Illuminate/Http/Request))
#23 D:/Website-monitoring/vendor/laravel/framework/src/Illuminate/Foundation/resources/server.php(23): require_once('D://Website-moni...')
#24 {main}
"} 
[2026-09-14 02:29:25] local.ERROR: Uncaught ErrorException: Cannot modify header information - headers already sent by (output started at D:\Website-monitoring\vendor\symfony\http-foundation\Response.php:393) in D:\Website-monitoring\vendor\symfony\http-foundation\Response.php:328
Stack trace:
#0 D:\Website-monitoring\vendor\laravel\framework\src\Illuminate\Foundation\Bootstrap\HandleExceptions.php(265): Illuminate\Foundation\Bootstrap\HandleExceptions->handleError(2, 'Cannot modify h...', 'D:\\Website-moni...', 328)
#1 [internal function]: Illuminate\Foundation\Bootstrap\HandleExceptions->{closure:Illuminate\Foundation\Bootstrap\HandleExceptions::forwardsTo():264}(2, 'Cannot modify h...', 'D:\\Website-moni...', 328)
#2 D:\Website-monitoring\vendor\symfony\http-foundation\Response.php(328): header('HTTP/1.0 500 In...', true, 500)
#3 D:\Website-monitoring\vendor\symfony\http-foundation\Response.php(407): Symfony\Component\HttpFoundation\Response->sendHeaders()
#4 D:\Website-monitoring\vendor\laravel\framework\src\Illuminate\Foundation\Bootstrap\HandleExceptions.php(228): Symfony\Component\HttpFoundation\Response->send()
#5 D:\Website-monitoring\vendor\laravel\framework\src\Illuminate\Foundation\Bootstrap\HandleExceptions.php(205): Illuminate\Foundation\Bootstrap\HandleExceptions->renderHttpResponse(Object(Kreait\Firebase\Exception\InvalidArgumentException))
#6 D:\Website-monitoring\vendor\laravel\framework\src\Illuminate\Foundation\Bootstrap\HandleExceptions.php(265): Illuminate\Foundation\Bootstrap\HandleExceptions->handleException(Object(Kreait\Firebase\Exception\InvalidArgumentException))
#7 [internal function]: Illuminate\Foundation\Bootstrap\HandleExceptions->{closure:Illuminate\Foundation\Bootstrap\HandleExceptions::forwardsTo():264}(Object(Kreait\Firebase\Exception\InvalidArgumentException))
#8 {main}
  thrown {"exception":"[object] (Symfony\\Component\\ErrorHandler\\Error\\FatalError(code: 0): Uncaught ErrorException: Cannot modify header information - headers already sent by (output started at D:\\Website-monitoring\\vendor\\symfony\\http-foundation\\Response.php:393) in D:\\Website-monitoring\\vendor\\symfony\\http-foundation\\Response.php:328
Stack trace:
#0 D:\\Website-monitoring\\vendor\\laravel\\framework\\src\\Illuminate\\Foundation\\Bootstrap\\HandleExceptions.php(265): Illuminate\\Foundation\\Bootstrap\\HandleExceptions->handleError(2, 'Cannot modify h...', 'D:\\\\Website-moni...', 328)
#1 [internal function]: Illuminate\\Foundation\\Bootstrap\\HandleExceptions->{closure:Illuminate\\Foundation\\Bootstrap\\HandleExceptions::forwardsTo():264}(2, 'Cannot modify h...', 'D:\\\\Website-moni...', 328)
#2 D:\\Website-monitoring\\vendor\\symfony\\http-foundation\\Response.php(328): header('HTTP/1.0 500 In...', true, 500)
#3 D:\\Website-monitoring\\vendor\\symfony\\http-foundation\\Response.php(407): Symfony\\Component\\HttpFoundation\\Response->sendHeaders()
#4 D:\\Website-monitoring\\vendor\\laravel\\framework\\src\\Illuminate\\Foundation\\Bootstrap\\HandleExceptions.php(228): Symfony\\Component\\HttpFoundation\\Response->send()
#5 D:\\Website-monitoring\\vendor\\laravel\\framework\\src\\Illuminate\\Foundation\\Bootstrap\\HandleExceptions.php(205): Illuminate\\Foundation\\Bootstrap\\HandleExceptions->renderHttpResponse(Object(Kreait\\Firebase\\Exception\\InvalidArgumentException))
#6 D:\\Website-monitoring\\vendor\\laravel\\framework\\src\\Illuminate\\Foundation\\Bootstrap\\HandleExceptions.php(265): Illuminate\\Foundation\\Bootstrap\\HandleExceptions->handleException(Object(Kreait\\Firebase\\Exception\\InvalidArgumentException))
#7 [internal function]: Illuminate\\Foundation\\Bootstrap\\HandleExceptions->{closure:Illuminate\\Foundation\\Bootstrap\\HandleExceptions::forwardsTo():264}(Object(Kreait\\Firebase\\Exception\\InvalidArgumentException))
#8 {main}
  thrown at D:/Website-monitoring/vendor/symfony/http-foundation/Response.php:328)
[stacktrace]
#0 {main}
"} 
[2026-09-14 02:29:53] local.ERROR: SplFileObject::__construct(D:\Website-monitoring\storage/app/firebase/service-account.json): Failed to open stream: No such file or directory {"exception":"[object] (Kreait\\Firebase\\Exception\\InvalidArgumentException(code: 0): SplFileObject::__construct(D:\\Website-monitoring\\storage/app/firebase/service-account.json): Failed to open stream: No such file or directory at D:/Website-monitoring/vendor/kreait/firebase-php/src/Valinor/Source.php:57)
[stacktrace]
#0 D:/Website-monitoring/vendor/kreait/firebase-php/src/Valinor/Source.php(40): Kreait/Firebase/Valinor/Source::file('D://Website-moni...')
#1 D:/Website-monitoring/vendor/kreait/firebase-php/src/Factory.php(666): Kreait/Firebase/Valinor/Source::parse('D://Website-moni...')
#2 D:/Website-monitoring/vendor/kreait/firebase-php/src/Factory.php(146): Kreait/Firebase/Factory->mapServiceAccount('D://Website-moni...')
#3 D:/Website-monitoring/vendor/kreait/laravel-firebase/src/FirebaseProjectManager.php(75): Kreait/Firebase/Factory->withServiceAccount(Object(SensitiveParameterValue))
#4 D:/Website-monitoring/vendor/kreait/laravel-firebase/src/FirebaseProjectManager.php(35): Kreait/Laravel/Firebase/FirebaseProjectManager->configure('app')
#5 D:/Website-monitoring/vendor/kreait/laravel-firebase/src/ServiceProvider.php(38): Kreait/Laravel/Firebase/FirebaseProjectManager->project()
#6 D:/Website-monitoring/vendor/laravel/framework/src/Illuminate/Container/Container.php(1140): Kreait/Laravel/Firebase/ServiceProvider::{closure:Kreait/Laravel/Firebase/ServiceProvider::registerComponents():38}(Object(Illuminate/Foundation/Application), Array)
#7 D:/Website-monitoring/vendor/laravel/framework/src/Illuminate/Container/Container.php(939): Illuminate/Container/Container->build(Object(Closure))
#8 D:/Website-monitoring/vendor/laravel/framework/src/Illuminate/Foundation/Application.php(1085): Illuminate/Container/Container->resolve('Kreait//Firebase...', Array, true)
#9 D:/Website-monitoring/vendor/laravel/framework/src/Illuminate/Container/Container.php(867): Illuminate/Foundation/Application->resolve('Kreait//Firebase...', Array)
#10 D:/Website-monitoring/vendor/laravel/framework/src/Illuminate/Foundation/Application.php(1065): Illuminate/Container/Container->make('Kreait//Firebase...', Array)
#11 D:/Website-monitoring/vendor/laravel/framework/src/Illuminate/Container/Container.php(1363): Illuminate/Foundation/Application->make('Kreait//Firebase...')
#12 D:/Website-monitoring/vendor/laravel/framework/src/Illuminate/Container/Container.php(1264): Illuminate/Container/Container->resolveClass(Object(ReflectionParameter), 'Kreait//Firebase...')
#13 D:/Website-monitoring/vendor/laravel/framework/src/Illuminate/Container/Container.php(1187): Illuminate/Container/Container->resolveDependencies(Array)
#14 D:/Website-monitoring/vendor/laravel/framework/src/Illuminate/Container/Container.php(939): Illuminate/Container/Container->build('App//Http//Contro...')
#15 D:/Website-monitoring/vendor/laravel/framework/src/Illuminate/Foundation/Application.php(1085): Illuminate/Container/Container->resolve('App//Http//Contro...', Array, true)
#16 D:/Website-monitoring/vendor/laravel/framework/src/Illuminate/Container/Container.php(867): Illuminate/Foundation/Application->resolve('App//Http//Contro...', Array)
#17 D:/Website-monitoring/vendor/laravel/framework/src/Illuminate/Foundation/Application.php(1065): Illuminate/Container/Container->make('App//Http//Contro...', Array)
#18 D:/Website-monitoring/vendor/laravel/framework/src/Illuminate/Routing/Route.php(297): Illuminate/Foundation/Application->make('App//Http//Contro...')
#19 D:/Website-monitoring/vendor/laravel/framework/src/Illuminate/Routing/Route.php(277): Illuminate/Routing/Route->getController()
#20 D:/Website-monitoring/vendor/laravel/framework/src/Illuminate/Routing/Route.php(216): Illuminate/Routing/Route->runController()
#21 D:/Website-monitoring/vendor/laravel/framework/src/Illuminate/Routing/Router.php(822): Illuminate/Routing/Route->run()
#22 D:/Website-monitoring/vendor/laravel/framework/src/Illuminate/Pipeline/Pipeline.php(180): Illuminate/Routing/Router->{closure:Illuminate/Routing/Router::runRouteWithinStack():821}(Object(Illuminate/Http/Request))
#23 D:/Website-monitoring/vendor/laravel/framework/src/Illuminate/Routing/Middleware/SubstituteBindings.php(52): Illuminate/Pipeline/Pipeline->{closure:Illuminate/Pipeline/Pipeline::prepareDestination():178}(Object(Illuminate/Http/Request))
#24 D:/Website-monitoring/vendor/laravel/framework/src/Illuminate/Pipeline/Pipeline.php(219): Illuminate/Routing/Middleware/SubstituteBindings->handle(Object(Illuminate/Http/Request), Object(Closure))
#25 D:/Website-monitoring/vendor/laravel/framework/src/Illuminate/Routing/Middleware/ThrottleRequests.php(168): Illuminate/Pipeline/Pipeline->{closure:{closure:Illuminate/Pipeline/Pipeline::carry():194}:195}(Object(Illuminate/Http/Request))
#26 D:/Website-monitoring/vendor/laravel/framework/src/Illuminate/Routing/Middleware/ThrottleRequests.php(129): Illuminate/Routing/Middleware/ThrottleRequests->handleRequest(Object(Illuminate/Http/Request), Object(Closure), Array)
#27 D:/Website-monitoring/vendor/laravel/framework/src/Illuminate/Routing/Middleware/ThrottleRequests.php(90): Illuminate/Routing/Middleware/ThrottleRequests->handleRequestUsingNamedLimiter(Object(Illuminate/Http/Request), Object(Closure), 'register', Object(Closure))
#28 D:/Website-monitoring/vendor/laravel/framework/src/Illuminate/Pipeline/Pipeline.php(219): Illuminate/Routing/Middleware/ThrottleRequests->handle(Object(Illuminate/Http/Request), Object(Closure), 'register')
#29 D:/Website-monitoring/vendor/laravel/framework/src/Illuminate/Pipeline/Pipeline.php(137): Illuminate/Pipeline/Pipeline->{closure:{closure:Illuminate/Pipeline/Pipeline::carry():194}:195}(Object(Illuminate/Http/Request))
#30 D:/Website-monitoring/vendor/laravel/framework/src/Illuminate/Routing/Router.php(821): Illuminate/Pipeline/Pipeline->then(Object(Closure))
#31 D:/Website-monitoring/vendor/laravel/framework/src/Illuminate/Routing/Router.php(800): Illuminate/Routing/Router->runRouteWithinStack(Object(Illuminate/Routing/Route), Object(Illuminate/Http/Request))
#32 D:/Website-monitoring/vendor/laravel/framework/src/Illuminate/Routing/Router.php(764): Illuminate/Routing/Router->runRoute(Object(Illuminate/Http/Request), Object(Illuminate/Routing/Route))
#33 D:/Website-monitoring/vendor/laravel/framework/src/Illuminate/Routing/Router.php(753): Illuminate/Routing/Router->dispatchToRoute(Object(Illuminate/Http/Request))
#34 D:/Website-monitoring/vendor/laravel/framework/src/Illuminate/Foundation/Http/Kernel.php(200): Illuminate/Routing/Router->dispatch(Object(Illuminate/Http/Request))
#35 D:/Website-monitoring/vendor/laravel/framework/src/Illuminate/Pipeline/Pipeline.php(180): Illuminate/Foundation/Http/Kernel->{closure:Illuminate/Foundation/Http/Kernel::dispatchToRouter():197}(Object(Illuminate/Http/Request))
#36 D:/Website-monitoring/app/Http/Middleware/SecurityHeaders.php(14): Illuminate/Pipeline/Pipeline->{closure:Illuminate/Pipeline/Pipeline::prepareDestination():178}(Object(Illuminate/Http/Request))
#37 D:/Website-monitoring/vendor/laravel/framework/src/Illuminate/Pipeline/Pipeline.php(219): App/Http/Middleware/SecurityHeaders->handle(Object(Illuminate/Http/Request), Object(Closure))
#38 D:/Website-monitoring/vendor/laravel/framework/src/Illuminate/Foundation/Http/Middleware/TransformsRequest.php(21): Illuminate/Pipeline/Pipeline->{closure:{closure:Illuminate/Pipeline/Pipeline::carry():194}:195}(Object(Illuminate/Http/Request))
#39 D:/Website-monitoring/vendor/laravel/framework/src/Illuminate/Foundation/Http/Middleware/ConvertEmptyStringsToNull.php(31): Illuminate/Foundation/Http/Middleware/TransformsRequest->handle(Object(Illuminate/Http/Request), Object(Closure))
#40 D:/Website-monitoring/vendor/laravel/framework/src/Illuminate/Pipeline/Pipeline.php(219): Illuminate/Foundation/Http/Middleware/ConvertEmptyStringsToNull->handle(Object(Illuminate/Http/Request), Object(Closure))
#41 D:/Website-monitoring/vendor/laravel/framework/src/Illuminate/Foundation/Http/Middleware/TransformsRequest.php(21): Illuminate/Pipeline/Pipeline->{closure:{closure:Illuminate/Pipeline/Pipeline::carry():194}:195}(Object(Illuminate/Http/Request))
#42 D:/Website-monitoring/vendor/laravel/framework/src/Illuminate/Foundation/Http/Middleware/TrimStrings.php(51): Illuminate/Foundation/Http/Middleware/TransformsRequest->handle(Object(Illuminate/Http/Request), Object(Closure))
#43 D:/Website-monitoring/vendor/laravel/framework/src/Illuminate/Pipeline/Pipeline.php(219): Illuminate/Foundation/Http/Middleware/TrimStrings->handle(Object(Illuminate/Http/Request), Object(Closure))
#44 D:/Website-monitoring/vendor/laravel/framework/src/Illuminate/Http/Middleware/ValidatePostSize.php(27): Illuminate/Pipeline/Pipeline->{closure:{closure:Illuminate/Pipeline/Pipeline::carry():194}:195}(Object(Illuminate/Http/Request))
#45 D:/Website-monitoring/vendor/laravel/framework/src/Illuminate/Pipeline/Pipeline.php(219): Illuminate/Http/Middleware/ValidatePostSize->handle(Object(Illuminate/Http/Request), Object(Closure))
#46 D:/Website-monitoring/vendor/laravel/framework/src/Illuminate/Foundation/Http/Middleware/PreventRequestsDuringMaintenance.php(110): Illuminate/Pipeline/Pipeline->{closure:{closure:Illuminate/Pipeline/Pipeline::carry():194}:195}(Object(Illuminate/Http/Request))
#47 D:/Website-monitoring/vendor/laravel/framework/src/Illuminate/Pipeline/Pipeline.php(219): Illuminate/Foundation/Http/Middleware/PreventRequestsDuringMaintenance->handle(Object(Illuminate/Http/Request), Object(Closure))
#48 D:/Website-monitoring/vendor/laravel/framework/src/Illuminate/Http/Middleware/HandleCors.php(74): Illuminate/Pipeline/Pipeline->{closure:{closure:Illuminate/Pipeline/Pipeline::carry():194}:195}(Object(Illuminate/Http/Request))
#49 D:/Website-monitoring/vendor/laravel/framework/src/Illuminate/Pipeline/Pipeline.php(219): Illuminate/Http/Middleware/HandleCors->handle(Object(Illuminate/Http/Request), Object(Closure))
#50 D:/Website-monitoring/vendor/laravel/framework/src/Illuminate/Http/Middleware/TrustProxies.php(58): Illuminate/Pipeline/Pipeline->{closure:{closure:Illuminate/Pipeline/Pipeline::carry():194}:195}(Object(Illuminate/Http/Request))
#51 D:/Website-monitoring/vendor/laravel/framework/src/Illuminate/Pipeline/Pipeline.php(219): Illuminate/Http/Middleware/TrustProxies->handle(Object(Illuminate/Http/Request), Object(Closure))
#52 D:/Website-monitoring/vendor/laravel/framework/src/Illuminate/Foundation/Http/Middleware/InvokeDeferredCallbacks.php(22): Illuminate/Pipeline/Pipeline->{closure:{closure:Illuminate/Pipeline/Pipeline::carry():194}:195}(Object(Illuminate/Http/Request))
#53 D:/Website-monitoring/vendor/laravel/framework/src/Illuminate/Pipeline/Pipeline.php(219): Illuminate/Foundation/Http/Middleware/InvokeDeferredCallbacks->handle(Object(Illuminate/Http/Request), Object(Closure))
#54 D:/Website-monitoring/vendor/laravel/framework/src/Illuminate/Http/Middleware/ValidatePathEncoding.php(28): Illuminate/Pipeline/Pipeline->{closure:{closure:Illuminate/Pipeline/Pipeline::carry():194}:195}(Object(Illuminate/Http/Request))
#55 D:/Website-monitoring/vendor/laravel/framework/src/Illuminate/Pipeline/Pipeline.php(219): Illuminate/Http/Middleware/ValidatePathEncoding->handle(Object(Illuminate/Http/Request), Object(Closure))
#56 D:/Website-monitoring/vendor/laravel/framework/src/Illuminate/Pipeline/Pipeline.php(137): Illuminate/Pipeline/Pipeline->{closure:{closure:Illuminate/Pipeline/Pipeline::carry():194}:195}(Object(Illuminate/Http/Request))
#57 D:/Website-monitoring/vendor/laravel/framework/src/Illuminate/Foundation/Http/Kernel.php(175): Illuminate/Pipeline/Pipeline->then(Object(Closure))
#58 D:/Website-monitoring/vendor/laravel/framework/src/Illuminate/Foundation/Http/Kernel.php(144): Illuminate/Foundation/Http/Kernel->sendRequestThroughRouter(Object(Illuminate/Http/Request))
#59 D:/Website-monitoring/vendor/laravel/framework/src/Illuminate/Foundation/Application.php(1227): Illuminate/Foundation/Http/Kernel->handle(Object(Illuminate/Http/Request))
#60 D:/Website-monitoring/public/index.php(20): Illuminate/Foundation/Application->handleRequest(Object(Illuminate/Http/Request))
#61 D:/Website-monitoring/vendor/laravel/framework/src/Illuminate/Foundation/resources/server.php(23): require_once('D://Website-moni...')
#62 {main}

[previous exception] [object] (RuntimeException(code: 0): SplFileObject::__construct(D:\\Website-monitoring\\storage/app/firebase/service-account.json): Failed to open stream: No such file or directory at D:/Website-monitoring/vendor/kreait/firebase-php/src/Valinor/Source.php:55)
[stacktrace]
#0 D:/Website-monitoring/vendor/kreait/firebase-php/src/Valinor/Source.php(55): SplFileObject->__construct('D://Website-moni...')
#1 D:/Website-monitoring/vendor/kreait/firebase-php/src/Valinor/Source.php(40): Kreait/Firebase/Valinor/Source::file('D://Website-moni...')
#2 D:/Website-monitoring/vendor/kreait/firebase-php/src/Factory.php(666): Kreait/Firebase/Valinor/Source::parse('D://Website-moni...')
#3 D:/Website-monitoring/vendor/kreait/firebase-php/src/Factory.php(146): Kreait/Firebase/Factory->mapServiceAccount('D://Website-moni...')
#4 D:/Website-monitoring/vendor/kreait/laravel-firebase/src/FirebaseProjectManager.php(75): Kreait/Firebase/Factory->withServiceAccount(Object(SensitiveParameterValue))
#5 D:/Website-monitoring/vendor/kreait/laravel-firebase/src/FirebaseProjectManager.php(35): Kreait/Laravel/Firebase/FirebaseProjectManager->configure('app')
#6 D:/Website-monitoring/vendor/kreait/laravel-firebase/src/ServiceProvider.php(38): Kreait/Laravel/Firebase/FirebaseProjectManager->project()
#7 D:/Website-monitoring/vendor/laravel/framework/src/Illuminate/Container/Container.php(1140): Kreait/Laravel/Firebase/ServiceProvider::{closure:Kreait/Laravel/Firebase/ServiceProvider::registerComponents():38}(Object(Illuminate/Foundation/Application), Array)
#8 D:/Website-monitoring/vendor/laravel/framework/src/Illuminate/Container/Container.php(939): Illuminate/Container/Container->build(Object(Closure))
#9 D:/Website-monitoring/vendor/laravel/framework/src/Illuminate/Foundation/Application.php(1085): Illuminate/Container/Container->resolve('Kreait//Firebase...', Array, true)
#10 D:/Website-monitoring/vendor/laravel/framework/src/Illuminate/Container/Container.php(867): Illuminate/Foundation/Application->resolve('Kreait//Firebase...', Array)
#11 D:/Website-monitoring/vendor/laravel/framework/src/Illuminate/Foundation/Application.php(1065): Illuminate/Container/Container->make('Kreait//Firebase...', Array)
#12 D:/Website-monitoring/vendor/laravel/framework/src/Illuminate/Container/Container.php(1363): Illuminate/Foundation/Application->make('Kreait//Firebase...')
#13 D:/Website-monitoring/vendor/laravel/framework/src/Illuminate/Container/Container.php(1264): Illuminate/Container/Container->resolveClass(Object(ReflectionParameter), 'Kreait//Firebase...')
#14 D:/Website-monitoring/vendor/laravel/framework/src/Illuminate/Container/Container.php(1187): Illuminate/Container/Container->resolveDependencies(Array)
#15 D:/Website-monitoring/vendor/laravel/framework/src/Illuminate/Container/Container.php(939): Illuminate/Container/Container->build('App//Http//Contro...')
#16 D:/Website-monitoring/vendor/laravel/framework/src/Illuminate/Foundation/Application.php(1085): Illuminate/Container/Container->resolve('App//Http//Contro...', Array, true)
#17 D:/Website-monitoring/vendor/laravel/framework/src/Illuminate/Container/Container.php(867): Illuminate/Foundation/Application->resolve('App//Http//Contro...', Array)
#18 D:/Website-monitoring/vendor/laravel/framework/src/Illuminate/Foundation/Application.php(1065): Illuminate/Container/Container->make('App//Http//Contro...', Array)
#19 D:/Website-monitoring/vendor/laravel/framework/src/Illuminate/Routing/Route.php(297): Illuminate/Foundation/Application->make('App//Http//Contro...')
#20 D:/Website-monitoring/vendor/laravel/framework/src/Illuminate/Routing/Route.php(277): Illuminate/Routing/Route->getController()
#21 D:/Website-monitoring/vendor/laravel/framework/src/Illuminate/Routing/Route.php(216): Illuminate/Routing/Route->runController()
#22 D:/Website-monitoring/vendor/laravel/framework/src/Illuminate/Routing/Router.php(822): Illuminate/Routing/Route->run()
#23 D:/Website-monitoring/vendor/laravel/framework/src/Illuminate/Pipeline/Pipeline.php(180): Illuminate/Routing/Router->{closure:Illuminate/Routing/Router::runRouteWithinStack():821}(Object(Illuminate/Http/Request))
#24 D:/Website-monitoring/vendor/laravel/framework/src/Illuminate/Routing/Middleware/SubstituteBindings.php(52): Illuminate/Pipeline/Pipeline->{closure:Illuminate/Pipeline/Pipeline::prepareDestination():178}(Object(Illuminate/Http/Request))
#25 D:/Website-monitoring/vendor/laravel/framework/src/Illuminate/Pipeline/Pipeline.php(219): Illuminate/Routing/Middleware/SubstituteBindings->handle(Object(Illuminate/Http/Request), Object(Closure))
#26 D:/Website-monitoring/vendor/laravel/framework/src/Illuminate/Routing/Middleware/ThrottleRequests.php(168): Illuminate/Pipeline/Pipeline->{closure:{closure:Illuminate/Pipeline/Pipeline::carry():194}:195}(Object(Illuminate/Http/Request))
#27 D:/Website-monitoring/vendor/laravel/framework/src/Illuminate/Routing/Middleware/ThrottleRequests.php(129): Illuminate/Routing/Middleware/ThrottleRequests->handleRequest(Object(Illuminate/Http/Request), Object(Closure), Array)
#28 D:/Website-monitoring/vendor/laravel/framework/src/Illuminate/Routing/Middleware/ThrottleRequests.php(90): Illuminate/Routing/Middleware/ThrottleRequests->handleRequestUsingNamedLimiter(Object(Illuminate/Http/Request), Object(Closure), 'register', Object(Closure))
#29 D:/Website-monitoring/vendor/laravel/framework/src/Illuminate/Pipeline/Pipeline.php(219): Illuminate/Routing/Middleware/ThrottleRequests->handle(Object(Illuminate/Http/Request), Object(Closure), 'register')
#30 D:/Website-monitoring/vendor/laravel/framework/src/Illuminate/Pipeline/Pipeline.php(137): Illuminate/Pipeline/Pipeline->{closure:{closure:Illuminate/Pipeline/Pipeline::carry():194}:195}(Object(Illuminate/Http/Request))
#31 D:/Website-monitoring/vendor/laravel/framework/src/Illuminate/Routing/Router.php(821): Illuminate/Pipeline/Pipeline->then(Object(Closure))
#32 D:/Website-monitoring/vendor/laravel/framework/src/Illuminate/Routing/Router.php(800): Illuminate/Routing/Router->runRouteWithinStack(Object(Illuminate/Routing/Route), Object(Illuminate/Http/Request))
#33 D:/Website-monitoring/vendor/laravel/framework/src/Illuminate/Routing/Router.php(764): Illuminate/Routing/Router->runRoute(Object(Illuminate/Http/Request), Object(Illuminate/Routing/Route))
#34 D:/Website-monitoring/vendor/laravel/framework/src/Illuminate/Routing/Router.php(753): Illuminate/Routing/Router->dispatchToRoute(Object(Illuminate/Http/Request))
#35 D:/Website-monitoring/vendor/laravel/framework/src/Illuminate/Foundation/Http/Kernel.php(200): Illuminate/Routing/Router->dispatch(Object(Illuminate/Http/Request))
#36 D:/Website-monitoring/vendor/laravel/framework/src/Illuminate/Pipeline/Pipeline.php(180): Illuminate/Foundation/Http/Kernel->{closure:Illuminate/Foundation/Http/Kernel::dispatchToRouter():197}(Object(Illuminate/Http/Request))
#37 D:/Website-monitoring/app/Http/Middleware/SecurityHeaders.php(14): Illuminate/Pipeline/Pipeline->{closure:Illuminate/Pipeline/Pipeline::prepareDestination():178}(Object(Illuminate/Http/Request))
#38 D:/Website-monitoring/vendor/laravel/framework/src/Illuminate/Pipeline/Pipeline.php(219): App/Http/Middleware/SecurityHeaders->handle(Object(Illuminate/Http/Request), Object(Closure))
#39 D:/Website-monitoring/vendor/laravel/framework/src/Illuminate/Foundation/Http/Middleware/TransformsRequest.php(21): Illuminate/Pipeline/Pipeline->{closure:{closure:Illuminate/Pipeline/Pipeline::carry():194}:195}(Object(Illuminate/Http/Request))
#40 D:/Website-monitoring/vendor/laravel/framework/src/Illuminate/Foundation/Http/Middleware/ConvertEmptyStringsToNull.php(31): Illuminate/Foundation/Http/Middleware/TransformsRequest->handle(Object(Illuminate/Http/Request), Object(Closure))
#41 D:/Website-monitoring/vendor/laravel/framework/src/Illuminate/Pipeline/Pipeline.php(219): Illuminate/Foundation/Http/Middleware/ConvertEmptyStringsToNull->handle(Object(Illuminate/Http/Request), Object(Closure))
#42 D:/Website-monitoring/vendor/laravel/framework/src/Illuminate/Foundation/Http/Middleware/TransformsRequest.php(21): Illuminate/Pipeline/Pipeline->{closure:{closure:Illuminate/Pipeline/Pipeline::carry():194}:195}(Object(Illuminate/Http/Request))
#43 D:/Website-monitoring/vendor/laravel/framework/src/Illuminate/Foundation/Http/Middleware/TrimStrings.php(51): Illuminate/Foundation/Http/Middleware/TransformsRequest->handle(Object(Illuminate/Http/Request), Object(Closure))
#44 D:/Website-monitoring/vendor/laravel/framework/src/Illuminate/Pipeline/Pipeline.php(219): Illuminate/Foundation/Http/Middleware/TrimStrings->handle(Object(Illuminate/Http/Request), Object(Closure))
#45 D:/Website-monitoring/vendor/laravel/framework/src/Illuminate/Http/Middleware/ValidatePostSize.php(27): Illuminate/Pipeline/Pipeline->{closure:{closure:Illuminate/Pipeline/Pipeline::carry():194}:195}(Object(Illuminate/Http/Request))
#46 D:/Website-monitoring/vendor/laravel/framework/src/Illuminate/Pipeline/Pipeline.php(219): Illuminate/Http/Middleware/ValidatePostSize->handle(Object(Illuminate/Http/Request), Object(Closure))
#47 D:/Website-monitoring/vendor/laravel/framework/src/Illuminate/Foundation/Http/Middleware/PreventRequestsDuringMaintenance.php(110): Illuminate/Pipeline/Pipeline->{closure:{closure:Illuminate/Pipeline/Pipeline::carry():194}:195}(Object(Illuminate/Http/Request))
#48 D:/Website-monitoring/vendor/laravel/framework/src/Illuminate/Pipeline/Pipeline.php(219): Illuminate/Foundation/Http/Middleware/PreventRequestsDuringMaintenance->handle(Object(Illuminate/Http/Request), Object(Closure))
#49 D:/Website-monitoring/vendor/laravel/framework/src/Illuminate/Http/Middleware/HandleCors.php(74): Illuminate/Pipeline/Pipeline->{closure:{closure:Illuminate/Pipeline/Pipeline::carry():194}:195}(Object(Illuminate/Http/Request))
#50 D:/Website-monitoring/vendor/laravel/framework/src/Illuminate/Pipeline/Pipeline.php(219): Illuminate/Http/Middleware/HandleCors->handle(Object(Illuminate/Http/Request), Object(Closure))
#51 D:/Website-monitoring/vendor/laravel/framework/src/Illuminate/Http/Middleware/TrustProxies.php(58): Illuminate/Pipeline/Pipeline->{closure:{closure:Illuminate/Pipeline/Pipeline::carry():194}:195}(Object(Illuminate/Http/Request))
#52 D:/Website-monitoring/vendor/laravel/framework/src/Illuminate/Pipeline/Pipeline.php(219): Illuminate/Http/Middleware/TrustProxies->handle(Object(Illuminate/Http/Request), Object(Closure))
#53 D:/Website-monitoring/vendor/laravel/framework/src/Illuminate/Foundation/Http/Middleware/InvokeDeferredCallbacks.php(22): Illuminate/Pipeline/Pipeline->{closure:{closure:Illuminate/Pipeline/Pipeline::carry():194}:195}(Object(Illuminate/Http/Request))
#54 D:/Website-monitoring/vendor/laravel/framework/src/Illuminate/Pipeline/Pipeline.php(219): Illuminate/Foundation/Http/Middleware/InvokeDeferredCallbacks->handle(Object(Illuminate/Http/Request), Object(Closure))
#55 D:/Website-monitoring/vendor/laravel/framework/src/Illuminate/Http/Middleware/ValidatePathEncoding.php(28): Illuminate/Pipeline/Pipeline->{closure:{closure:Illuminate/Pipeline/Pipeline::carry():194}:195}(Object(Illuminate/Http/Request))
#56 D:/Website-monitoring/vendor/laravel/framework/src/Illuminate/Pipeline/Pipeline.php(219): Illuminate/Http/Middleware/ValidatePathEncoding->handle(Object(Illuminate/Http/Request), Object(Closure))
#57 D:/Website-monitoring/vendor/laravel/framework/src/Illuminate/Pipeline/Pipeline.php(137): Illuminate/Pipeline/Pipeline->{closure:{closure:Illuminate/Pipeline/Pipeline::carry():194}:195}(Object(Illuminate/Http/Request))
#58 D:/Website-monitoring/vendor/laravel/framework/src/Illuminate/Foundation/Http/Kernel.php(175): Illuminate/Pipeline/Pipeline->then(Object(Closure))
#59 D:/Website-monitoring/vendor/laravel/framework/src/Illuminate/Foundation/Http/Kernel.php(144): Illuminate/Foundation/Http/Kernel->sendRequestThroughRouter(Object(Illuminate/Http/Request))
#60 D:/Website-monitoring/vendor/laravel/framework/src/Illuminate/Foundation/Application.php(1227): Illuminate/Foundation/Http/Kernel->handle(Object(Illuminate/Http/Request))
#61 D:/Website-monitoring/public/index.php(20): Illuminate/Foundation/Application->handleRequest(Object(Illuminate/Http/Request))
#62 D:/Website-monitoring/vendor/laravel/framework/src/Illuminate/Foundation/resources/server.php(23): require_once('D://Website-moni...')
#63 {main}
"} 
[2026-09-14 02:30:25] local.ERROR: SplFileObject::__construct(D:\Website-monitoring\storage/app/firebase/service-account.json): Failed to open stream: No such file or directory {"exception":"[object] (Kreait\\Firebase\\Exception\\InvalidArgumentException(code: 0): SplFileObject::__construct(D:\\Website-monitoring\\storage/app/firebase/service-account.json): Failed to open stream: No such file or directory at D:/Website-monitoring/vendor/kreait/firebase-php/src/Valinor/Source.php:57)
[stacktrace]
#0 D:/Website-monitoring/vendor/kreait/firebase-php/src/Valinor/Source.php(40): Kreait/Firebase/Valinor/Source::file('D://Website-moni...')
#1 D:/Website-monitoring/vendor/kreait/firebase-php/src/Factory.php(666): Kreait/Firebase/Valinor/Source::parse('D://Website-moni...')
#2 D:/Website-monitoring/vendor/kreait/firebase-php/src/Factory.php(146): Kreait/Firebase/Factory->mapServiceAccount('D://Website-moni...')
#3 D:/Website-monitoring/vendor/kreait/laravel-firebase/src/FirebaseProjectManager.php(75): Kreait/Firebase/Factory->withServiceAccount(Object(SensitiveParameterValue))
#4 D:/Website-monitoring/vendor/kreait/laravel-firebase/src/FirebaseProjectManager.php(35): Kreait/Laravel/Firebase/FirebaseProjectManager->configure('app')
#5 D:/Website-monitoring/vendor/kreait/laravel-firebase/src/ServiceProvider.php(38): Kreait/Laravel/Firebase/FirebaseProjectManager->project()
#6 D:/Website-monitoring/vendor/laravel/framework/src/Illuminate/Container/Container.php(1140): Kreait/Laravel/Firebase/ServiceProvider::{closure:Kreait/Laravel/Firebase/ServiceProvider::registerComponents():38}(Object(Illuminate/Foundation/Application), Array)
#7 D:/Website-monitoring/vendor/laravel/framework/src/Illuminate/Container/Container.php(939): Illuminate/Container/Container->build(Object(Closure))
#8 D:/Website-monitoring/vendor/laravel/framework/src/Illuminate/Foundation/Application.php(1085): Illuminate/Container/Container->resolve('Kreait//Firebase...', Array, true)
#9 D:/Website-monitoring/vendor/laravel/framework/src/Illuminate/Container/Container.php(867): Illuminate/Foundation/Application->resolve('Kreait//Firebase...', Array)
#10 D:/Website-monitoring/vendor/laravel/framework/src/Illuminate/Foundation/Application.php(1065): Illuminate/Container/Container->make('Kreait//Firebase...', Array)
#11 D:/Website-monitoring/vendor/laravel/framework/src/Illuminate/Container/Container.php(1363): Illuminate/Foundation/Application->make('Kreait//Firebase...')
#12 D:/Website-monitoring/vendor/laravel/framework/src/Illuminate/Container/Container.php(1264): Illuminate/Container/Container->resolveClass(Object(ReflectionParameter), 'Kreait//Firebase...')
#13 D:/Website-monitoring/vendor/laravel/framework/src/Illuminate/Container/Container.php(1187): Illuminate/Container/Container->resolveDependencies(Array)
#14 D:/Website-monitoring/vendor/laravel/framework/src/Illuminate/Container/Container.php(939): Illuminate/Container/Container->build('App//Http//Middle...')
#15 D:/Website-monitoring/vendor/laravel/framework/src/Illuminate/Foundation/Application.php(1085): Illuminate/Container/Container->resolve('App//Http//Middle...', Array, true)
#16 D:/Website-monitoring/vendor/laravel/framework/src/Illuminate/Container/Container.php(867): Illuminate/Foundation/Application->resolve('App//Http//Middle...', Array)
#17 D:/Website-monitoring/vendor/laravel/framework/src/Illuminate/Foundation/Application.php(1065): Illuminate/Container/Container->make('App//Http//Middle...', Array)
#18 D:/Website-monitoring/vendor/laravel/framework/src/Illuminate/Pipeline/Pipeline.php(208): Illuminate/Foundation/Application->make('App//Http//Middle...')
#19 D:/Website-monitoring/vendor/laravel/framework/src/Illuminate/Routing/Middleware/SubstituteBindings.php(52): Illuminate/Pipeline/Pipeline->{closure:{closure:Illuminate/Pipeline/Pipeline::carry():194}:195}(Object(Illuminate/Http/Request))
#20 D:/Website-monitoring/vendor/laravel/framework/src/Illuminate/Pipeline/Pipeline.php(219): Illuminate/Routing/Middleware/SubstituteBindings->handle(Object(Illuminate/Http/Request), Object(Closure))
#21 D:/Website-monitoring/vendor/laravel/framework/src/Illuminate/Pipeline/Pipeline.php(137): Illuminate/Pipeline/Pipeline->{closure:{closure:Illuminate/Pipeline/Pipeline::carry():194}:195}(Object(Illuminate/Http/Request))
#22 D:/Website-monitoring/vendor/laravel/framework/src/Illuminate/Routing/Router.php(821): Illuminate/Pipeline/Pipeline->then(Object(Closure))
#23 D:/Website-monitoring/vendor/laravel/framework/src/Illuminate/Routing/Router.php(800): Illuminate/Routing/Router->runRouteWithinStack(Object(Illuminate/Routing/Route), Object(Illuminate/Http/Request))
#24 D:/Website-monitoring/vendor/laravel/framework/src/Illuminate/Routing/Router.php(764): Illuminate/Routing/Router->runRoute(Object(Illuminate/Http/Request), Object(Illuminate/Routing/Route))
#25 D:/Website-monitoring/vendor/laravel/framework/src/Illuminate/Routing/Router.php(753): Illuminate/Routing/Router->dispatchToRoute(Object(Illuminate/Http/Request))
#26 D:/Website-monitoring/vendor/laravel/framework/src/Illuminate/Foundation/Http/Kernel.php(200): Illuminate/Routing/Router->dispatch(Object(Illuminate/Http/Request))
#27 D:/Website-monitoring/vendor/laravel/framework/src/Illuminate/Pipeline/Pipeline.php(180): Illuminate/Foundation/Http/Kernel->{closure:Illuminate/Foundation/Http/Kernel::dispatchToRouter():197}(Object(Illuminate/Http/Request))
#28 D:/Website-monitoring/app/Http/Middleware/SecurityHeaders.php(14): Illuminate/Pipeline/Pipeline->{closure:Illuminate/Pipeline/Pipeline::prepareDestination():178}(Object(Illuminate/Http/Request))
#29 D:/Website-monitoring/vendor/laravel/framework/src/Illuminate/Pipeline/Pipeline.php(219): App/Http/Middleware/SecurityHeaders->handle(Object(Illuminate/Http/Request), Object(Closure))
#30 D:/Website-monitoring/vendor/laravel/framework/src/Illuminate/Foundation/Http/Middleware/TransformsRequest.php(21): Illuminate/Pipeline/Pipeline->{closure:{closure:Illuminate/Pipeline/Pipeline::carry():194}:195}(Object(Illuminate/Http/Request))
#31 D:/Website-monitoring/vendor/laravel/framework/src/Illuminate/Foundation/Http/Middleware/ConvertEmptyStringsToNull.php(31): Illuminate/Foundation/Http/Middleware/TransformsRequest->handle(Object(Illuminate/Http/Request), Object(Closure))
#32 D:/Website-monitoring/vendor/laravel/framework/src/Illuminate/Pipeline/Pipeline.php(219): Illuminate/Foundation/Http/Middleware/ConvertEmptyStringsToNull->handle(Object(Illuminate/Http/Request), Object(Closure))
#33 D:/Website-monitoring/vendor/laravel/framework/src/Illuminate/Foundation/Http/Middleware/TransformsRequest.php(21): Illuminate/Pipeline/Pipeline->{closure:{closure:Illuminate/Pipeline/Pipeline::carry():194}:195}(Object(Illuminate/Http/Request))
#34 D:/Website-monitoring/vendor/laravel/framework/src/Illuminate/Foundation/Http/Middleware/TrimStrings.php(51): Illuminate/Foundation/Http/Middleware/TransformsRequest->handle(Object(Illuminate/Http/Request), Object(Closure))
#35 D:/Website-monitoring/vendor/laravel/framework/src/Illuminate/Pipeline/Pipeline.php(219): Illuminate/Foundation/Http/Middleware/TrimStrings->handle(Object(Illuminate/Http/Request), Object(Closure))
#36 D:/Website-monitoring/vendor/laravel/framework/src/Illuminate/Http/Middleware/ValidatePostSize.php(27): Illuminate/Pipeline/Pipeline->{closure:{closure:Illuminate/Pipeline/Pipeline::carry():194}:195}(Object(Illuminate/Http/Request))
#37 D:/Website-monitoring/vendor/laravel/framework/src/Illuminate/Pipeline/Pipeline.php(219): Illuminate/Http/Middleware/ValidatePostSize->handle(Object(Illuminate/Http/Request), Object(Closure))
#38 D:/Website-monitoring/vendor/laravel/framework/src/Illuminate/Foundation/Http/Middleware/PreventRequestsDuringMaintenance.php(110): Illuminate/Pipeline/Pipeline->{closure:{closure:Illuminate/Pipeline/Pipeline::carry():194}:195}(Object(Illuminate/Http/Request))
#39 D:/Website-monitoring/vendor/laravel/framework/src/Illuminate/Pipeline/Pipeline.php(219): Illuminate/Foundation/Http/Middleware/PreventRequestsDuringMaintenance->handle(Object(Illuminate/Http/Request), Object(Closure))
#40 D:/Website-monitoring/vendor/laravel/framework/src/Illuminate/Http/Middleware/HandleCors.php(74): Illuminate/Pipeline/Pipeline->{closure:{closure:Illuminate/Pipeline/Pipeline::carry():194}:195}(Object(Illuminate/Http/Request))
#41 D:/Website-monitoring/vendor/laravel/framework/src/Illuminate/Pipeline/Pipeline.php(219): Illuminate/Http/Middleware/HandleCors->handle(Object(Illuminate/Http/Request), Object(Closure))
#42 D:/Website-monitoring/vendor/laravel/framework/src/Illuminate/Http/Middleware/TrustProxies.php(58): Illuminate/Pipeline/Pipeline->{closure:{closure:Illuminate/Pipeline/Pipeline::carry():194}:195}(Object(Illuminate/Http/Request))
#43 D:/Website-monitoring/vendor/laravel/framework/src/Illuminate/Pipeline/Pipeline.php(219): Illuminate/Http/Middleware/TrustProxies->handle(Object(Illuminate/Http/Request), Object(Closure))
#44 D:/Website-monitoring/vendor/laravel/framework/src/Illuminate/Foundation/Http/Middleware/InvokeDeferredCallbacks.php(22): Illuminate/Pipeline/Pipeline->{closure:{closure:Illuminate/Pipeline/Pipeline::carry():194}:195}(Object(Illuminate/Http/Request))
#45 D:/Website-monitoring/vendor/laravel/framework/src/Illuminate/Pipeline/Pipeline.php(219): Illuminate/Foundation/Http/Middleware/InvokeDeferredCallbacks->handle(Object(Illuminate/Http/Request), Object(Closure))
#46 D:/Website-monitoring/vendor/laravel/framework/src/Illuminate/Http/Middleware/ValidatePathEncoding.php(28): Illuminate/Pipeline/Pipeline->{closure:{closure:Illuminate/Pipeline/Pipeline::carry():194}:195}(Object(Illuminate/Http/Request))
#47 D:/Website-monitoring/vendor/laravel/framework/src/Illuminate/Pipeline/Pipeline.php(219): Illuminate/Http/Middleware/ValidatePathEncoding->handle(Object(Illuminate/Http/Request), Object(Closure))
#48 D:/Website-monitoring/vendor/laravel/framework/src/Illuminate/Pipeline/Pipeline.php(137): Illuminate/Pipeline/Pipeline->{closure:{closure:Illuminate/Pipeline/Pipeline::carry():194}:195}(Object(Illuminate/Http/Request))
#49 D:/Website-monitoring/vendor/laravel/framework/src/Illuminate/Foundation/Http/Kernel.php(175): Illuminate/Pipeline/Pipeline->then(Object(Closure))
#50 D:/Website-monitoring/vendor/laravel/framework/src/Illuminate/Foundation/Http/Kernel.php(144): Illuminate/Foundation/Http/Kernel->sendRequestThroughRouter(Object(Illuminate/Http/Request))
#51 D:/Website-monitoring/vendor/laravel/framework/src/Illuminate/Foundation/Application.php(1227): Illuminate/Foundation/Http/Kernel->handle(Object(Illuminate/Http/Request))
#52 D:/Website-monitoring/public/index.php(20): Illuminate/Foundation/Application->handleRequest(Object(Illuminate/Http/Request))
#53 D:/Website-monitoring/vendor/laravel/framework/src/Illuminate/Foundation/resources/server.php(23): require_once('D://Website-moni...')
#54 {main}

[previous exception] [object] (RuntimeException(code: 0): SplFileObject::__construct(D:\\Website-monitoring\\storage/app/firebase/service-account.json): Failed to open stream: No such file or directory at D:/Website-monitoring/vendor/kreait/firebase-php/src/Valinor/Source.php:55)
[stacktrace]
#0 D:/Website-monitoring/vendor/kreait/firebase-php/src/Valinor/Source.php(55): SplFileObject->__construct('D://Website-moni...')
#1 D:/Website-monitoring/vendor/kreait/firebase-php/src/Valinor/Source.php(40): Kreait/Firebase/Valinor/Source::file('D://Website-moni...')
#2 D:/Website-monitoring/vendor/kreait/firebase-php/src/Factory.php(666): Kreait/Firebase/Valinor/Source::parse('D://Website-moni...')
#3 D:/Website-monitoring/vendor/kreait/firebase-php/src/Factory.php(146): Kreait/Firebase/Factory->mapServiceAccount('D://Website-moni...')
#4 D:/Website-monitoring/vendor/kreait/laravel-firebase/src/FirebaseProjectManager.php(75): Kreait/Firebase/Factory->withServiceAccount(Object(SensitiveParameterValue))
#5 D:/Website-monitoring/vendor/kreait/laravel-firebase/src/FirebaseProjectManager.php(35): Kreait/Laravel/Firebase/FirebaseProjectManager->configure('app')
#6 D:/Website-monitoring/vendor/kreait/laravel-firebase/src/ServiceProvider.php(38): Kreait/Laravel/Firebase/FirebaseProjectManager->project()
#7 D:/Website-monitoring/vendor/laravel/framework/src/Illuminate/Container/Container.php(1140): Kreait/Laravel/Firebase/ServiceProvider::{closure:Kreait/Laravel/Firebase/ServiceProvider::registerComponents():38}(Object(Illuminate/Foundation/Application), Array)
#8 D:/Website-monitoring/vendor/laravel/framework/src/Illuminate/Container/Container.php(939): Illuminate/Container/Container->build(Object(Closure))
#9 D:/Website-monitoring/vendor/laravel/framework/src/Illuminate/Foundation/Application.php(1085): Illuminate/Container/Container->resolve('Kreait//Firebase...', Array, true)
#10 D:/Website-monitoring/vendor/laravel/framework/src/Illuminate/Container/Container.php(867): Illuminate/Foundation/Application->resolve('Kreait//Firebase...', Array)
#11 D:/Website-monitoring/vendor/laravel/framework/src/Illuminate/Foundation/Application.php(1065): Illuminate/Container/Container->make('Kreait//Firebase...', Array)
#12 D:/Website-monitoring/vendor/laravel/framework/src/Illuminate/Container/Container.php(1363): Illuminate/Foundation/Application->make('Kreait//Firebase...')
#13 D:/Website-monitoring/vendor/laravel/framework/src/Illuminate/Container/Container.php(1264): Illuminate/Container/Container->resolveClass(Object(ReflectionParameter), 'Kreait//Firebase...')
#14 D:/Website-monitoring/vendor/laravel/framework/src/Illuminate/Container/Container.php(1187): Illuminate/Container/Container->resolveDependencies(Array)
#15 D:/Website-monitoring/vendor/laravel/framework/src/Illuminate/Container/Container.php(939): Illuminate/Container/Container->build('App//Http//Middle...')
#16 D:/Website-monitoring/vendor/laravel/framework/src/Illuminate/Foundation/Application.php(1085): Illuminate/Container/Container->resolve('App//Http//Middle...', Array, true)
#17 D:/Website-monitoring/vendor/laravel/framework/src/Illuminate/Container/Container.php(867): Illuminate/Foundation/Application->resolve('App//Http//Middle...', Array)
#18 D:/Website-monitoring/vendor/laravel/framework/src/Illuminate/Foundation/Application.php(1065): Illuminate/Container/Container->make('App//Http//Middle...', Array)
#19 D:/Website-monitoring/vendor/laravel/framework/src/Illuminate/Pipeline/Pipeline.php(208): Illuminate/Foundation/Application->make('App//Http//Middle...')
#20 D:/Website-monitoring/vendor/laravel/framework/src/Illuminate/Routing/Middleware/SubstituteBindings.php(52): Illuminate/Pipeline/Pipeline->{closure:{closure:Illuminate/Pipeline/Pipeline::carry():194}:195}(Object(Illuminate/Http/Request))
#21 D:/Website-monitoring/vendor/laravel/framework/src/Illuminate/Pipeline/Pipeline.php(219): Illuminate/Routing/Middleware/SubstituteBindings->handle(Object(Illuminate/Http/Request), Object(Closure))
#22 D:/Website-monitoring/vendor/laravel/framework/src/Illuminate/Pipeline/Pipeline.php(137): Illuminate/Pipeline/Pipeline->{closure:{closure:Illuminate/Pipeline/Pipeline::carry():194}:195}(Object(Illuminate/Http/Request))
#23 D:/Website-monitoring/vendor/laravel/framework/src/Illuminate/Routing/Router.php(821): Illuminate/Pipeline/Pipeline->then(Object(Closure))
#24 D:/Website-monitoring/vendor/laravel/framework/src/Illuminate/Routing/Router.php(800): Illuminate/Routing/Router->runRouteWithinStack(Object(Illuminate/Routing/Route), Object(Illuminate/Http/Request))
#25 D:/Website-monitoring/vendor/laravel/framework/src/Illuminate/Routing/Router.php(764): Illuminate/Routing/Router->runRoute(Object(Illuminate/Http/Request), Object(Illuminate/Routing/Route))
#26 D:/Website-monitoring/vendor/laravel/framework/src/Illuminate/Routing/Router.php(753): Illuminate/Routing/Router->dispatchToRoute(Object(Illuminate/Http/Request))
#27 D:/Website-monitoring/vendor/laravel/framework/src/Illuminate/Foundation/Http/Kernel.php(200): Illuminate/Routing/Router->dispatch(Object(Illuminate/Http/Request))
#28 D:/Website-monitoring/vendor/laravel/framework/src/Illuminate/Pipeline/Pipeline.php(180): Illuminate/Foundation/Http/Kernel->{closure:Illuminate/Foundation/Http/Kernel::dispatchToRouter():197}(Object(Illuminate/Http/Request))
#29 D:/Website-monitoring/app/Http/Middleware/SecurityHeaders.php(14): Illuminate/Pipeline/Pipeline->{closure:Illuminate/Pipeline/Pipeline::prepareDestination():178}(Object(Illuminate/Http/Request))
#30 D:/Website-monitoring/vendor/laravel/framework/src/Illuminate/Pipeline/Pipeline.php(219): App/Http/Middleware/SecurityHeaders->handle(Object(Illuminate/Http/Request), Object(Closure))
#31 D:/Website-monitoring/vendor/laravel/framework/src/Illuminate/Foundation/Http/Middleware/TransformsRequest.php(21): Illuminate/Pipeline/Pipeline->{closure:{closure:Illuminate/Pipeline/Pipeline::carry():194}:195}(Object(Illuminate/Http/Request))
#32 D:/Website-monitoring/vendor/laravel/framework/src/Illuminate/Foundation/Http/Middleware/ConvertEmptyStringsToNull.php(31): Illuminate/Foundation/Http/Middleware/TransformsRequest->handle(Object(Illuminate/Http/Request), Object(Closure))
#33 D:/Website-monitoring/vendor/laravel/framework/src/Illuminate/Pipeline/Pipeline.php(219): Illuminate/Foundation/Http/Middleware/ConvertEmptyStringsToNull->handle(Object(Illuminate/Http/Request), Object(Closure))
#34 D:/Website-monitoring/vendor/laravel/framework/src/Illuminate/Foundation/Http/Middleware/TransformsRequest.php(21): Illuminate/Pipeline/Pipeline->{closure:{closure:Illuminate/Pipeline/Pipeline::carry():194}:195}(Object(Illuminate/Http/Request))
#35 D:/Website-monitoring/vendor/laravel/framework/src/Illuminate/Foundation/Http/Middleware/TrimStrings.php(51): Illuminate/Foundation/Http/Middleware/TransformsRequest->handle(Object(Illuminate/Http/Request), Object(Closure))
#36 D:/Website-monitoring/vendor/laravel/framework/src/Illuminate/Pipeline/Pipeline.php(219): Illuminate/Foundation/Http/Middleware/TrimStrings->handle(Object(Illuminate/Http/Request), Object(Closure))
#37 D:/Website-monitoring/vendor/laravel/framework/src/Illuminate/Http/Middleware/ValidatePostSize.php(27): Illuminate/Pipeline/Pipeline->{closure:{closure:Illuminate/Pipeline/Pipeline::carry():194}:195}(Object(Illuminate/Http/Request))
#38 D:/Website-monitoring/vendor/laravel/framework/src/Illuminate/Pipeline/Pipeline.php(219): Illuminate/Http/Middleware/ValidatePostSize->handle(Object(Illuminate/Http/Request), Object(Closure))
#39 D:/Website-monitoring/vendor/laravel/framework/src/Illuminate/Foundation/Http/Middleware/PreventRequestsDuringMaintenance.php(110): Illuminate/Pipeline/Pipeline->{closure:{closure:Illuminate/Pipeline/Pipeline::carry():194}:195}(Object(Illuminate/Http/Request))
#40 D:/Website-monitoring/vendor/laravel/framework/src/Illuminate/Pipeline/Pipeline.php(219): Illuminate/Foundation/Http/Middleware/PreventRequestsDuringMaintenance->handle(Object(Illuminate/Http/Request), Object(Closure))
#41 D:/Website-monitoring/vendor/laravel/framework/src/Illuminate/Http/Middleware/HandleCors.php(74): Illuminate/Pipeline/Pipeline->{closure:{closure:Illuminate/Pipeline/Pipeline::carry():194}:195}(Object(Illuminate/Http/Request))
#42 D:/Website-monitoring/vendor/laravel/framework/src/Illuminate/Pipeline/Pipeline.php(219): Illuminate/Http/Middleware/HandleCors->handle(Object(Illuminate/Http/Request), Object(Closure))
#43 D:/Website-monitoring/vendor/laravel/framework/src/Illuminate/Http/Middleware/TrustProxies.php(58): Illuminate/Pipeline/Pipeline->{closure:{closure:Illuminate/Pipeline/Pipeline::carry():194}:195}(Object(Illuminate/Http/Request))
#44 D:/Website-monitoring/vendor/laravel/framework/src/Illuminate/Pipeline/Pipeline.php(219): Illuminate/Http/Middleware/TrustProxies->handle(Object(Illuminate/Http/Request), Object(Closure))
#45 D:/Website-monitoring/vendor/laravel/framework/src/Illuminate/Foundation/Http/Middleware/InvokeDeferredCallbacks.php(22): Illuminate/Pipeline/Pipeline->{closure:{closure:Illuminate/Pipeline/Pipeline::carry():194}:195}(Object(Illuminate/Http/Request))
#46 D:/Website-monitoring/vendor/laravel/framework/src/Illuminate/Pipeline/Pipeline.php(219): Illuminate/Foundation/Http/Middleware/InvokeDeferredCallbacks->handle(Object(Illuminate/Http/Request), Object(Closure))
#47 D:/Website-monitoring/vendor/laravel/framework/src/Illuminate/Http/Middleware/ValidatePathEncoding.php(28): Illuminate/Pipeline/Pipeline->{closure:{closure:Illuminate/Pipeline/Pipeline::carry():194}:195}(Object(Illuminate/Http/Request))
#48 D:/Website-monitoring/vendor/laravel/framework/src/Illuminate/Pipeline/Pipeline.php(219): Illuminate/Http/Middleware/ValidatePathEncoding->handle(Object(Illuminate/Http/Request), Object(Closure))
#49 D:/Website-monitoring/vendor/laravel/framework/src/Illuminate/Pipeline/Pipeline.php(137): Illuminate/Pipeline/Pipeline->{closure:{closure:Illuminate/Pipeline/Pipeline::carry():194}:195}(Object(Illuminate/Http/Request))
#50 D:/Website-monitoring/vendor/laravel/framework/src/Illuminate/Foundation/Http/Kernel.php(175): Illuminate/Pipeline/Pipeline->then(Object(Closure))
#51 D:/Website-monitoring/vendor/laravel/framework/src/Illuminate/Foundation/Http/Kernel.php(144): Illuminate/Foundation/Http/Kernel->sendRequestThroughRouter(Object(Illuminate/Http/Request))
#52 D:/Website-monitoring/vendor/laravel/framework/src/Illuminate/Foundation/Application.php(1227): Illuminate/Foundation/Http/Kernel->handle(Object(Illuminate/Http/Request))
#53 D:/Website-monitoring/public/index.php(20): Illuminate/Foundation/Application->handleRequest(Object(Illuminate/Http/Request))
#54 D:/Website-monitoring/vendor/laravel/framework/src/Illuminate/Foundation/resources/server.php(23): require_once('D://Website-moni...')
#55 {main}
"} 
[2026-09-14 02:30:25] local.ERROR: SplFileObject::__construct(D:\Website-monitoring\storage/app/firebase/service-account.json): Failed to open stream: No such file or directory {"exception":"[object] (Kreait\\Firebase\\Exception\\InvalidArgumentException(code: 0): SplFileObject::__construct(D:\\Website-monitoring\\storage/app/firebase/service-account.json): Failed to open stream: No such file or directory at D:/Website-monitoring/vendor/kreait/firebase-php/src/Valinor/Source.php:57)
[stacktrace]
#0 D:/Website-monitoring/vendor/kreait/firebase-php/src/Valinor/Source.php(40): Kreait/Firebase/Valinor/Source::file('D://Website-moni...')
#1 D:/Website-monitoring/vendor/kreait/firebase-php/src/Factory.php(666): Kreait/Firebase/Valinor/Source::parse('D://Website-moni...')
#2 D:/Website-monitoring/vendor/kreait/firebase-php/src/Factory.php(146): Kreait/Firebase/Factory->mapServiceAccount('D://Website-moni...')
#3 D:/Website-monitoring/vendor/kreait/laravel-firebase/src/FirebaseProjectManager.php(75): Kreait/Firebase/Factory->withServiceAccount(Object(SensitiveParameterValue))
#4 D:/Website-monitoring/vendor/kreait/laravel-firebase/src/FirebaseProjectManager.php(35): Kreait/Laravel/Firebase/FirebaseProjectManager->configure('app')
#5 D:/Website-monitoring/vendor/kreait/laravel-firebase/src/ServiceProvider.php(38): Kreait/Laravel/Firebase/FirebaseProjectManager->project()
#6 D:/Website-monitoring/vendor/laravel/framework/src/Illuminate/Container/Container.php(1140): Kreait/Laravel/Firebase/ServiceProvider::{closure:Kreait/Laravel/Firebase/ServiceProvider::registerComponents():38}(Object(Illuminate/Foundation/Application), Array)
#7 D:/Website-monitoring/vendor/laravel/framework/src/Illuminate/Container/Container.php(939): Illuminate/Container/Container->build(Object(Closure))
#8 D:/Website-monitoring/vendor/laravel/framework/src/Illuminate/Foundation/Application.php(1085): Illuminate/Container/Container->resolve('Kreait//Firebase...', Array, true)
#9 D:/Website-monitoring/vendor/laravel/framework/src/Illuminate/Container/Container.php(867): Illuminate/Foundation/Application->resolve('Kreait//Firebase...', Array)
#10 D:/Website-monitoring/vendor/laravel/framework/src/Illuminate/Foundation/Application.php(1065): Illuminate/Container/Container->make('Kreait//Firebase...', Array)
#11 D:/Website-monitoring/vendor/laravel/framework/src/Illuminate/Container/Container.php(1363): Illuminate/Foundation/Application->make('Kreait//Firebase...')
#12 D:/Website-monitoring/vendor/laravel/framework/src/Illuminate/Container/Container.php(1264): Illuminate/Container/Container->resolveClass(Object(ReflectionParameter), 'Kreait//Firebase...')
#13 D:/Website-monitoring/vendor/laravel/framework/src/Illuminate/Container/Container.php(1187): Illuminate/Container/Container->resolveDependencies(Array)
#14 D:/Website-monitoring/vendor/laravel/framework/src/Illuminate/Container/Container.php(939): Illuminate/Container/Container->build('App//Http//Middle...')
#15 D:/Website-monitoring/vendor/laravel/framework/src/Illuminate/Foundation/Application.php(1085): Illuminate/Container/Container->resolve('App//Http//Middle...', Array, true)
#16 D:/Website-monitoring/vendor/laravel/framework/src/Illuminate/Container/Container.php(867): Illuminate/Foundation/Application->resolve('App//Http//Middle...', Array)
#17 D:/Website-monitoring/vendor/laravel/framework/src/Illuminate/Foundation/Application.php(1065): Illuminate/Container/Container->make('App//Http//Middle...', Array)
#18 D:/Website-monitoring/vendor/laravel/framework/src/Illuminate/Foundation/Http/Kernel.php(257): Illuminate/Foundation/Application->make('App//Http//Middle...')
#19 D:/Website-monitoring/vendor/laravel/framework/src/Illuminate/Foundation/Http/Kernel.php(215): Illuminate/Foundation/Http/Kernel->terminateMiddleware(Object(Illuminate/Http/Request), Object(Illuminate/Http/JsonResponse))
#20 D:/Website-monitoring/vendor/laravel/framework/src/Illuminate/Foundation/Application.php(1229): Illuminate/Foundation/Http/Kernel->terminate(Object(Illuminate/Http/Request), Object(Illuminate/Http/JsonResponse))
#21 D:/Website-monitoring/public/index.php(20): Illuminate/Foundation/Application->handleRequest(Object(Illuminate/Http/Request))
#22 D:/Website-monitoring/vendor/laravel/framework/src/Illuminate/Foundation/resources/server.php(23): require_once('D://Website-moni...')
#23 {main}

[previous exception] [object] (RuntimeException(code: 0): SplFileObject::__construct(D:\\Website-monitoring\\storage/app/firebase/service-account.json): Failed to open stream: No such file or directory at D:/Website-monitoring/vendor/kreait/firebase-php/src/Valinor/Source.php:55)
[stacktrace]
#0 D:/Website-monitoring/vendor/kreait/firebase-php/src/Valinor/Source.php(55): SplFileObject->__construct('D://Website-moni...')
#1 D:/Website-monitoring/vendor/kreait/firebase-php/src/Valinor/Source.php(40): Kreait/Firebase/Valinor/Source::file('D://Website-moni...')
#2 D:/Website-monitoring/vendor/kreait/firebase-php/src/Factory.php(666): Kreait/Firebase/Valinor/Source::parse('D://Website-moni...')
#3 D:/Website-monitoring/vendor/kreait/firebase-php/src/Factory.php(146): Kreait/Firebase/Factory->mapServiceAccount('D://Website-moni...')
#4 D:/Website-monitoring/vendor/kreait/laravel-firebase/src/FirebaseProjectManager.php(75): Kreait/Firebase/Factory->withServiceAccount(Object(SensitiveParameterValue))
#5 D:/Website-monitoring/vendor/kreait/laravel-firebase/src/FirebaseProjectManager.php(35): Kreait/Laravel/Firebase/FirebaseProjectManager->configure('app')
#6 D:/Website-monitoring/vendor/kreait/laravel-firebase/src/ServiceProvider.php(38): Kreait/Laravel/Firebase/FirebaseProjectManager->project()
#7 D:/Website-monitoring/vendor/laravel/framework/src/Illuminate/Container/Container.php(1140): Kreait/Laravel/Firebase/ServiceProvider::{closure:Kreait/Laravel/Firebase/ServiceProvider::registerComponents():38}(Object(Illuminate/Foundation/Application), Array)
#8 D:/Website-monitoring/vendor/laravel/framework/src/Illuminate/Container/Container.php(939): Illuminate/Container/Container->build(Object(Closure))
#9 D:/Website-monitoring/vendor/laravel/framework/src/Illuminate/Foundation/Application.php(1085): Illuminate/Container/Container->resolve('Kreait//Firebase...', Array, true)
#10 D:/Website-monitoring/vendor/laravel/framework/src/Illuminate/Container/Container.php(867): Illuminate/Foundation/Application->resolve('Kreait//Firebase...', Array)
#11 D:/Website-monitoring/vendor/laravel/framework/src/Illuminate/Foundation/Application.php(1065): Illuminate/Container/Container->make('Kreait//Firebase...', Array)
#12 D:/Website-monitoring/vendor/laravel/framework/src/Illuminate/Container/Container.php(1363): Illuminate/Foundation/Application->make('Kreait//Firebase...')
#13 D:/Website-monitoring/vendor/laravel/framework/src/Illuminate/Container/Container.php(1264): Illuminate/Container/Container->resolveClass(Object(ReflectionParameter), 'Kreait//Firebase...')
#14 D:/Website-monitoring/vendor/laravel/framework/src/Illuminate/Container/Container.php(1187): Illuminate/Container/Container->resolveDependencies(Array)
#15 D:/Website-monitoring/vendor/laravel/framework/src/Illuminate/Container/Container.php(939): Illuminate/Container/Container->build('App//Http//Middle...')
#16 D:/Website-monitoring/vendor/laravel/framework/src/Illuminate/Foundation/Application.php(1085): Illuminate/Container/Container->resolve('App//Http//Middle...', Array, true)
#17 D:/Website-monitoring/vendor/laravel/framework/src/Illuminate/Container/Container.php(867): Illuminate/Foundation/Application->resolve('App//Http//Middle...', Array)
#18 D:/Website-monitoring/vendor/laravel/framework/src/Illuminate/Foundation/Application.php(1065): Illuminate/Container/Container->make('App//Http//Middle...', Array)
#19 D:/Website-monitoring/vendor/laravel/framework/src/Illuminate/Foundation/Http/Kernel.php(257): Illuminate/Foundation/Application->make('App//Http//Middle...')
#20 D:/Website-monitoring/vendor/laravel/framework/src/Illuminate/Foundation/Http/Kernel.php(215): Illuminate/Foundation/Http/Kernel->terminateMiddleware(Object(Illuminate/Http/Request), Object(Illuminate/Http/JsonResponse))
#21 D:/Website-monitoring/vendor/laravel/framework/src/Illuminate/Foundation/Application.php(1229): Illuminate/Foundation/Http/Kernel->terminate(Object(Illuminate/Http/Request), Object(Illuminate/Http/JsonResponse))
#22 D:/Website-monitoring/public/index.php(20): Illuminate/Foundation/Application->handleRequest(Object(Illuminate/Http/Request))
#23 D:/Website-monitoring/vendor/laravel/framework/src/Illuminate/Foundation/resources/server.php(23): require_once('D://Website-moni...')
#24 {main}
"} 
[2026-09-14 02:30:25] local.ERROR: Uncaught ErrorException: Cannot modify header information - headers already sent by (output started at D:\Website-monitoring\vendor\symfony\http-foundation\Response.php:393) in D:\Website-monitoring\vendor\symfony\http-foundation\Response.php:328
Stack trace:
#0 D:\Website-monitoring\vendor\laravel\framework\src\Illuminate\Foundation\Bootstrap\HandleExceptions.php(265): Illuminate\Foundation\Bootstrap\HandleExceptions->handleError(2, 'Cannot modify h...', 'D:\\Website-moni...', 328)
#1 [internal function]: Illuminate\Foundation\Bootstrap\HandleExceptions->{closure:Illuminate\Foundation\Bootstrap\HandleExceptions::forwardsTo():264}(2, 'Cannot modify h...', 'D:\\Website-moni...', 328)
#2 D:\Website-monitoring\vendor\symfony\http-foundation\Response.php(328): header('HTTP/1.0 500 In...', true, 500)
#3 D:\Website-monitoring\vendor\symfony\http-foundation\Response.php(407): Symfony\Component\HttpFoundation\Response->sendHeaders()
#4 D:\Website-monitoring\vendor\laravel\framework\src\Illuminate\Foundation\Bootstrap\HandleExceptions.php(228): Symfony\Component\HttpFoundation\Response->send()
#5 D:\Website-monitoring\vendor\laravel\framework\src\Illuminate\Foundation\Bootstrap\HandleExceptions.php(205): Illuminate\Foundation\Bootstrap\HandleExceptions->renderHttpResponse(Object(Kreait\Firebase\Exception\InvalidArgumentException))
#6 D:\Website-monitoring\vendor\laravel\framework\src\Illuminate\Foundation\Bootstrap\HandleExceptions.php(265): Illuminate\Foundation\Bootstrap\HandleExceptions->handleException(Object(Kreait\Firebase\Exception\InvalidArgumentException))
#7 [internal function]: Illuminate\Foundation\Bootstrap\HandleExceptions->{closure:Illuminate\Foundation\Bootstrap\HandleExceptions::forwardsTo():264}(Object(Kreait\Firebase\Exception\InvalidArgumentException))
#8 {main}
  thrown {"exception":"[object] (Symfony\\Component\\ErrorHandler\\Error\\FatalError(code: 0): Uncaught ErrorException: Cannot modify header information - headers already sent by (output started at D:\\Website-monitoring\\vendor\\symfony\\http-foundation\\Response.php:393) in D:\\Website-monitoring\\vendor\\symfony\\http-foundation\\Response.php:328
Stack trace:
#0 D:\\Website-monitoring\\vendor\\laravel\\framework\\src\\Illuminate\\Foundation\\Bootstrap\\HandleExceptions.php(265): Illuminate\\Foundation\\Bootstrap\\HandleExceptions->handleError(2, 'Cannot modify h...', 'D:\\\\Website-moni...', 328)
#1 [internal function]: Illuminate\\Foundation\\Bootstrap\\HandleExceptions->{closure:Illuminate\\Foundation\\Bootstrap\\HandleExceptions::forwardsTo():264}(2, 'Cannot modify h...', 'D:\\\\Website-moni...', 328)
#2 D:\\Website-monitoring\\vendor\\symfony\\http-foundation\\Response.php(328): header('HTTP/1.0 500 In...', true, 500)
#3 D:\\Website-monitoring\\vendor\\symfony\\http-foundation\\Response.php(407): Symfony\\Component\\HttpFoundation\\Response->sendHeaders()
#4 D:\\Website-monitoring\\vendor\\laravel\\framework\\src\\Illuminate\\Foundation\\Bootstrap\\HandleExceptions.php(228): Symfony\\Component\\HttpFoundation\\Response->send()
#5 D:\\Website-monitoring\\vendor\\laravel\\framework\\src\\Illuminate\\Foundation\\Bootstrap\\HandleExceptions.php(205): Illuminate\\Foundation\\Bootstrap\\HandleExceptions->renderHttpResponse(Object(Kreait\\Firebase\\Exception\\InvalidArgumentException))
#6 D:\\Website-monitoring\\vendor\\laravel\\framework\\src\\Illuminate\\Foundation\\Bootstrap\\HandleExceptions.php(265): Illuminate\\Foundation\\Bootstrap\\HandleExceptions->handleException(Object(Kreait\\Firebase\\Exception\\InvalidArgumentException))
#7 [internal function]: Illuminate\\Foundation\\Bootstrap\\HandleExceptions->{closure:Illuminate\\Foundation\\Bootstrap\\HandleExceptions::forwardsTo():264}(Object(Kreait\\Firebase\\Exception\\InvalidArgumentException))
#8 {main}
  thrown at D:/Website-monitoring/vendor/symfony/http-foundation/Response.php:328)
[stacktrace]
#0 {main}
"} 
[2026-09-14 02:30:32] local.ERROR: SplFileObject::__construct(D:\Website-monitoring\storage/app/firebase/service-account.json): Failed to open stream: No such file or directory {"exception":"[object] (Kreait\\Firebase\\Exception\\InvalidArgumentException(code: 0): SplFileObject::__construct(D:\\Website-monitoring\\storage/app/firebase/service-account.json): Failed to open stream: No such file or directory at D:/Website-monitoring/vendor/kreait/firebase-php/src/Valinor/Source.php:57)
[stacktrace]
#0 D:/Website-monitoring/vendor/kreait/firebase-php/src/Valinor/Source.php(40): Kreait/Firebase/Valinor/Source::file('D://Website-moni...')
#1 D:/Website-monitoring/vendor/kreait/firebase-php/src/Factory.php(666): Kreait/Firebase/Valinor/Source::parse('D://Website-moni...')
#2 D:/Website-monitoring/vendor/kreait/firebase-php/src/Factory.php(146): Kreait/Firebase/Factory->mapServiceAccount('D://Website-moni...')
#3 D:/Website-monitoring/vendor/kreait/laravel-firebase/src/FirebaseProjectManager.php(75): Kreait/Firebase/Factory->withServiceAccount(Object(SensitiveParameterValue))
#4 D:/Website-monitoring/vendor/kreait/laravel-firebase/src/FirebaseProjectManager.php(35): Kreait/Laravel/Firebase/FirebaseProjectManager->configure('app')
#5 D:/Website-monitoring/vendor/kreait/laravel-firebase/src/ServiceProvider.php(38): Kreait/Laravel/Firebase/FirebaseProjectManager->project()
#6 D:/Website-monitoring/vendor/laravel/framework/src/Illuminate/Container/Container.php(1140): Kreait/Laravel/Firebase/ServiceProvider::{closure:Kreait/Laravel/Firebase/ServiceProvider::registerComponents():38}(Object(Illuminate/Foundation/Application), Array)
#7 D:/Website-monitoring/vendor/laravel/framework/src/Illuminate/Container/Container.php(939): Illuminate/Container/Container->build(Object(Closure))
#8 D:/Website-monitoring/vendor/laravel/framework/src/Illuminate/Foundation/Application.php(1085): Illuminate/Container/Container->resolve('Kreait//Firebase...', Array, true)
#9 D:/Website-monitoring/vendor/laravel/framework/src/Illuminate/Container/Container.php(867): Illuminate/Foundation/Application->resolve('Kreait//Firebase...', Array)
#10 D:/Website-monitoring/vendor/laravel/framework/src/Illuminate/Foundation/Application.php(1065): Illuminate/Container/Container->make('Kreait//Firebase...', Array)
#11 D:/Website-monitoring/vendor/laravel/framework/src/Illuminate/Container/Container.php(1363): Illuminate/Foundation/Application->make('Kreait//Firebase...')
#12 D:/Website-monitoring/vendor/laravel/framework/src/Illuminate/Container/Container.php(1264): Illuminate/Container/Container->resolveClass(Object(ReflectionParameter), 'Kreait//Firebase...')
#13 D:/Website-monitoring/vendor/laravel/framework/src/Illuminate/Container/Container.php(1187): Illuminate/Container/Container->resolveDependencies(Array)
#14 D:/Website-monitoring/vendor/laravel/framework/src/Illuminate/Container/Container.php(939): Illuminate/Container/Container->build('App//Http//Middle...')
#15 D:/Website-monitoring/vendor/laravel/framework/src/Illuminate/Foundation/Application.php(1085): Illuminate/Container/Container->resolve('App//Http//Middle...', Array, true)
#16 D:/Website-monitoring/vendor/laravel/framework/src/Illuminate/Container/Container.php(867): Illuminate/Foundation/Application->resolve('App//Http//Middle...', Array)
#17 D:/Website-monitoring/vendor/laravel/framework/src/Illuminate/Foundation/Application.php(1065): Illuminate/Container/Container->make('App//Http//Middle...', Array)
#18 D:/Website-monitoring/vendor/laravel/framework/src/Illuminate/Pipeline/Pipeline.php(208): Illuminate/Foundation/Application->make('App//Http//Middle...')
#19 D:/Website-monitoring/vendor/laravel/framework/src/Illuminate/Routing/Middleware/SubstituteBindings.php(52): Illuminate/Pipeline/Pipeline->{closure:{closure:Illuminate/Pipeline/Pipeline::carry():194}:195}(Object(Illuminate/Http/Request))
#20 D:/Website-monitoring/vendor/laravel/framework/src/Illuminate/Pipeline/Pipeline.php(219): Illuminate/Routing/Middleware/SubstituteBindings->handle(Object(Illuminate/Http/Request), Object(Closure))
#21 D:/Website-monitoring/vendor/laravel/framework/src/Illuminate/Pipeline/Pipeline.php(137): Illuminate/Pipeline/Pipeline->{closure:{closure:Illuminate/Pipeline/Pipeline::carry():194}:195}(Object(Illuminate/Http/Request))
#22 D:/Website-monitoring/vendor/laravel/framework/src/Illuminate/Routing/Router.php(821): Illuminate/Pipeline/Pipeline->then(Object(Closure))
#23 D:/Website-monitoring/vendor/laravel/framework/src/Illuminate/Routing/Router.php(800): Illuminate/Routing/Router->runRouteWithinStack(Object(Illuminate/Routing/Route), Object(Illuminate/Http/Request))
#24 D:/Website-monitoring/vendor/laravel/framework/src/Illuminate/Routing/Router.php(764): Illuminate/Routing/Router->runRoute(Object(Illuminate/Http/Request), Object(Illuminate/Routing/Route))
#25 D:/Website-monitoring/vendor/laravel/framework/src/Illuminate/Routing/Router.php(753): Illuminate/Routing/Router->dispatchToRoute(Object(Illuminate/Http/Request))
#26 D:/Website-monitoring/vendor/laravel/framework/src/Illuminate/Foundation/Http/Kernel.php(200): Illuminate/Routing/Router->dispatch(Object(Illuminate/Http/Request))
#27 D:/Website-monitoring/vendor/laravel/framework/src/Illuminate/Pipeline/Pipeline.php(180): Illuminate/Foundation/Http/Kernel->{closure:Illuminate/Foundation/Http/Kernel::dispatchToRouter():197}(Object(Illuminate/Http/Request))
#28 D:/Website-monitoring/app/Http/Middleware/SecurityHeaders.php(14): Illuminate/Pipeline/Pipeline->{closure:Illuminate/Pipeline/Pipeline::prepareDestination():178}(Object(Illuminate/Http/Request))
#29 D:/Website-monitoring/vendor/laravel/framework/src/Illuminate/Pipeline/Pipeline.php(219): App/Http/Middleware/SecurityHeaders->handle(Object(Illuminate/Http/Request), Object(Closure))
#30 D:/Website-monitoring/vendor/laravel/framework/src/Illuminate/Foundation/Http/Middleware/TransformsRequest.php(21): Illuminate/Pipeline/Pipeline->{closure:{closure:Illuminate/Pipeline/Pipeline::carry():194}:195}(Object(Illuminate/Http/Request))
#31 D:/Website-monitoring/vendor/laravel/framework/src/Illuminate/Foundation/Http/Middleware/ConvertEmptyStringsToNull.php(31): Illuminate/Foundation/Http/Middleware/TransformsRequest->handle(Object(Illuminate/Http/Request), Object(Closure))
#32 D:/Website-monitoring/vendor/laravel/framework/src/Illuminate/Pipeline/Pipeline.php(219): Illuminate/Foundation/Http/Middleware/ConvertEmptyStringsToNull->handle(Object(Illuminate/Http/Request), Object(Closure))
#33 D:/Website-monitoring/vendor/laravel/framework/src/Illuminate/Foundation/Http/Middleware/TransformsRequest.php(21): Illuminate/Pipeline/Pipeline->{closure:{closure:Illuminate/Pipeline/Pipeline::carry():194}:195}(Object(Illuminate/Http/Request))
#34 D:/Website-monitoring/vendor/laravel/framework/src/Illuminate/Foundation/Http/Middleware/TrimStrings.php(51): Illuminate/Foundation/Http/Middleware/TransformsRequest->handle(Object(Illuminate/Http/Request), Object(Closure))
#35 D:/Website-monitoring/vendor/laravel/framework/src/Illuminate/Pipeline/Pipeline.php(219): Illuminate/Foundation/Http/Middleware/TrimStrings->handle(Object(Illuminate/Http/Request), Object(Closure))
#36 D:/Website-monitoring/vendor/laravel/framework/src/Illuminate/Http/Middleware/ValidatePostSize.php(27): Illuminate/Pipeline/Pipeline->{closure:{closure:Illuminate/Pipeline/Pipeline::carry():194}:195}(Object(Illuminate/Http/Request))
#37 D:/Website-monitoring/vendor/laravel/framework/src/Illuminate/Pipeline/Pipeline.php(219): Illuminate/Http/Middleware/ValidatePostSize->handle(Object(Illuminate/Http/Request), Object(Closure))
#38 D:/Website-monitoring/vendor/laravel/framework/src/Illuminate/Foundation/Http/Middleware/PreventRequestsDuringMaintenance.php(110): Illuminate/Pipeline/Pipeline->{closure:{closure:Illuminate/Pipeline/Pipeline::carry():194}:195}(Object(Illuminate/Http/Request))
#39 D:/Website-monitoring/vendor/laravel/framework/src/Illuminate/Pipeline/Pipeline.php(219): Illuminate/Foundation/Http/Middleware/PreventRequestsDuringMaintenance->handle(Object(Illuminate/Http/Request), Object(Closure))
#40 D:/Website-monitoring/vendor/laravel/framework/src/Illuminate/Http/Middleware/HandleCors.php(74): Illuminate/Pipeline/Pipeline->{closure:{closure:Illuminate/Pipeline/Pipeline::carry():194}:195}(Object(Illuminate/Http/Request))
#41 D:/Website-monitoring/vendor/laravel/framework/src/Illuminate/Pipeline/Pipeline.php(219): Illuminate/Http/Middleware/HandleCors->handle(Object(Illuminate/Http/Request), Object(Closure))
#42 D:/Website-monitoring/vendor/laravel/framework/src/Illuminate/Http/Middleware/TrustProxies.php(58): Illuminate/Pipeline/Pipeline->{closure:{closure:Illuminate/Pipeline/Pipeline::carry():194}:195}(Object(Illuminate/Http/Request))
#43 D:/Website-monitoring/vendor/laravel/framework/src/Illuminate/Pipeline/Pipeline.php(219): Illuminate/Http/Middleware/TrustProxies->handle(Object(Illuminate/Http/Request), Object(Closure))
#44 D:/Website-monitoring/vendor/laravel/framework/src/Illuminate/Foundation/Http/Middleware/InvokeDeferredCallbacks.php(22): Illuminate/Pipeline/Pipeline->{closure:{closure:Illuminate/Pipeline/Pipeline::carry():194}:195}(Object(Illuminate/Http/Request))
#45 D:/Website-monitoring/vendor/laravel/framework/src/Illuminate/Pipeline/Pipeline.php(219): Illuminate/Foundation/Http/Middleware/InvokeDeferredCallbacks->handle(Object(Illuminate/Http/Request), Object(Closure))
#46 D:/Website-monitoring/vendor/laravel/framework/src/Illuminate/Http/Middleware/ValidatePathEncoding.php(28): Illuminate/Pipeline/Pipeline->{closure:{closure:Illuminate/Pipeline/Pipeline::carry():194}:195}(Object(Illuminate/Http/Request))
#47 D:/Website-monitoring/vendor/laravel/framework/src/Illuminate/Pipeline/Pipeline.php(219): Illuminate/Http/Middleware/ValidatePathEncoding->handle(Object(Illuminate/Http/Request), Object(Closure))
#48 D:/Website-monitoring/vendor/laravel/framework/src/Illuminate/Pipeline/Pipeline.php(137): Illuminate/Pipeline/Pipeline->{closure:{closure:Illuminate/Pipeline/Pipeline::carry():194}:195}(Object(Illuminate/Http/Request))
#49 D:/Website-monitoring/vendor/laravel/framework/src/Illuminate/Foundation/Http/Kernel.php(175): Illuminate/Pipeline/Pipeline->then(Object(Closure))
#50 D:/Website-monitoring/vendor/laravel/framework/src/Illuminate/Foundation/Http/Kernel.php(144): Illuminate/Foundation/Http/Kernel->sendRequestThroughRouter(Object(Illuminate/Http/Request))
#51 D:/Website-monitoring/vendor/laravel/framework/src/Illuminate/Foundation/Application.php(1227): Illuminate/Foundation/Http/Kernel->handle(Object(Illuminate/Http/Request))
#52 D:/Website-monitoring/public/index.php(20): Illuminate/Foundation/Application->handleRequest(Object(Illuminate/Http/Request))
#53 D:/Website-monitoring/vendor/laravel/framework/src/Illuminate/Foundation/resources/server.php(23): require_once('D://Website-moni...')
#54 {main}

[previous exception] [object] (RuntimeException(code: 0): SplFileObject::__construct(D:\\Website-monitoring\\storage/app/firebase/service-account.json): Failed to open stream: No such file or directory at D:/Website-monitoring/vendor/kreait/firebase-php/src/Valinor/Source.php:55)
[stacktrace]
#0 D:/Website-monitoring/vendor/kreait/firebase-php/src/Valinor/Source.php(55): SplFileObject->__construct('D://Website-moni...')
#1 D:/Website-monitoring/vendor/kreait/firebase-php/src/Valinor/Source.php(40): Kreait/Firebase/Valinor/Source::file('D://Website-moni...')
#2 D:/Website-monitoring/vendor/kreait/firebase-php/src/Factory.php(666): Kreait/Firebase/Valinor/Source::parse('D://Website-moni...')
#3 D:/Website-monitoring/vendor/kreait/firebase-php/src/Factory.php(146): Kreait/Firebase/Factory->mapServiceAccount('D://Website-moni...')
#4 D:/Website-monitoring/vendor/kreait/laravel-firebase/src/FirebaseProjectManager.php(75): Kreait/Firebase/Factory->withServiceAccount(Object(SensitiveParameterValue))
#5 D:/Website-monitoring/vendor/kreait/laravel-firebase/src/FirebaseProjectManager.php(35): Kreait/Laravel/Firebase/FirebaseProjectManager->configure('app')
#6 D:/Website-monitoring/vendor/kreait/laravel-firebase/src/ServiceProvider.php(38): Kreait/Laravel/Firebase/FirebaseProjectManager->project()
#7 D:/Website-monitoring/vendor/laravel/framework/src/Illuminate/Container/Container.php(1140): Kreait/Laravel/Firebase/ServiceProvider::{closure:Kreait/Laravel/Firebase/ServiceProvider::registerComponents():38}(Object(Illuminate/Foundation/Application), Array)
#8 D:/Website-monitoring/vendor/laravel/framework/src/Illuminate/Container/Container.php(939): Illuminate/Container/Container->build(Object(Closure))
#9 D:/Website-monitoring/vendor/laravel/framework/src/Illuminate/Foundation/Application.php(1085): Illuminate/Container/Container->resolve('Kreait//Firebase...', Array, true)
#10 D:/Website-monitoring/vendor/laravel/framework/src/Illuminate/Container/Container.php(867): Illuminate/Foundation/Application->resolve('Kreait//Firebase...', Array)
#11 D:/Website-monitoring/vendor/laravel/framework/src/Illuminate/Foundation/Application.php(1065): Illuminate/Container/Container->make('Kreait//Firebase...', Array)
#12 D:/Website-monitoring/vendor/laravel/framework/src/Illuminate/Container/Container.php(1363): Illuminate/Foundation/Application->make('Kreait//Firebase...')
#13 D:/Website-monitoring/vendor/laravel/framework/src/Illuminate/Container/Container.php(1264): Illuminate/Container/Container->resolveClass(Object(ReflectionParameter), 'Kreait//Firebase...')
#14 D:/Website-monitoring/vendor/laravel/framework/src/Illuminate/Container/Container.php(1187): Illuminate/Container/Container->resolveDependencies(Array)
#15 D:/Website-monitoring/vendor/laravel/framework/src/Illuminate/Container/Container.php(939): Illuminate/Container/Container->build('App//Http//Middle...')
#16 D:/Website-monitoring/vendor/laravel/framework/src/Illuminate/Foundation/Application.php(1085): Illuminate/Container/Container->resolve('App//Http//Middle...', Array, true)
#17 D:/Website-monitoring/vendor/laravel/framework/src/Illuminate/Container/Container.php(867): Illuminate/Foundation/Application->resolve('App//Http//Middle...', Array)
#18 D:/Website-monitoring/vendor/laravel/framework/src/Illuminate/Foundation/Application.php(1065): Illuminate/Container/Container->make('App//Http//Middle...', Array)
#19 D:/Website-monitoring/vendor/laravel/framework/src/Illuminate/Pipeline/Pipeline.php(208): Illuminate/Foundation/Application->make('App//Http//Middle...')
#20 D:/Website-monitoring/vendor/laravel/framework/src/Illuminate/Routing/Middleware/SubstituteBindings.php(52): Illuminate/Pipeline/Pipeline->{closure:{closure:Illuminate/Pipeline/Pipeline::carry():194}:195}(Object(Illuminate/Http/Request))
#21 D:/Website-monitoring/vendor/laravel/framework/src/Illuminate/Pipeline/Pipeline.php(219): Illuminate/Routing/Middleware/SubstituteBindings->handle(Object(Illuminate/Http/Request), Object(Closure))
#22 D:/Website-monitoring/vendor/laravel/framework/src/Illuminate/Pipeline/Pipeline.php(137): Illuminate/Pipeline/Pipeline->{closure:{closure:Illuminate/Pipeline/Pipeline::carry():194}:195}(Object(Illuminate/Http/Request))
#23 D:/Website-monitoring/vendor/laravel/framework/src/Illuminate/Routing/Router.php(821): Illuminate/Pipeline/Pipeline->then(Object(Closure))
#24 D:/Website-monitoring/vendor/laravel/framework/src/Illuminate/Routing/Router.php(800): Illuminate/Routing/Router->runRouteWithinStack(Object(Illuminate/Routing/Route), Object(Illuminate/Http/Request))
#25 D:/Website-monitoring/vendor/laravel/framework/src/Illuminate/Routing/Router.php(764): Illuminate/Routing/Router->runRoute(Object(Illuminate/Http/Request), Object(Illuminate/Routing/Route))
#26 D:/Website-monitoring/vendor/laravel/framework/src/Illuminate/Routing/Router.php(753): Illuminate/Routing/Router->dispatchToRoute(Object(Illuminate/Http/Request))
#27 D:/Website-monitoring/vendor/laravel/framework/src/Illuminate/Foundation/Http/Kernel.php(200): Illuminate/Routing/Router->dispatch(Object(Illuminate/Http/Request))
#28 D:/Website-monitoring/vendor/laravel/framework/src/Illuminate/Pipeline/Pipeline.php(180): Illuminate/Foundation/Http/Kernel->{closure:Illuminate/Foundation/Http/Kernel::dispatchToRouter():197}(Object(Illuminate/Http/Request))
#29 D:/Website-monitoring/app/Http/Middleware/SecurityHeaders.php(14): Illuminate/Pipeline/Pipeline->{closure:Illuminate/Pipeline/Pipeline::prepareDestination():178}(Object(Illuminate/Http/Request))
#30 D:/Website-monitoring/vendor/laravel/framework/src/Illuminate/Pipeline/Pipeline.php(219): App/Http/Middleware/SecurityHeaders->handle(Object(Illuminate/Http/Request), Object(Closure))
#31 D:/Website-monitoring/vendor/laravel/framework/src/Illuminate/Foundation/Http/Middleware/TransformsRequest.php(21): Illuminate/Pipeline/Pipeline->{closure:{closure:Illuminate/Pipeline/Pipeline::carry():194}:195}(Object(Illuminate/Http/Request))
#32 D:/Website-monitoring/vendor/laravel/framework/src/Illuminate/Foundation/Http/Middleware/ConvertEmptyStringsToNull.php(31): Illuminate/Foundation/Http/Middleware/TransformsRequest->handle(Object(Illuminate/Http/Request), Object(Closure))
#33 D:/Website-monitoring/vendor/laravel/framework/src/Illuminate/Pipeline/Pipeline.php(219): Illuminate/Foundation/Http/Middleware/ConvertEmptyStringsToNull->handle(Object(Illuminate/Http/Request), Object(Closure))
#34 D:/Website-monitoring/vendor/laravel/framework/src/Illuminate/Foundation/Http/Middleware/TransformsRequest.php(21): Illuminate/Pipeline/Pipeline->{closure:{closure:Illuminate/Pipeline/Pipeline::carry():194}:195}(Object(Illuminate/Http/Request))
#35 D:/Website-monitoring/vendor/laravel/framework/src/Illuminate/Foundation/Http/Middleware/TrimStrings.php(51): Illuminate/Foundation/Http/Middleware/TransformsRequest->handle(Object(Illuminate/Http/Request), Object(Closure))
#36 D:/Website-monitoring/vendor/laravel/framework/src/Illuminate/Pipeline/Pipeline.php(219): Illuminate/Foundation/Http/Middleware/TrimStrings->handle(Object(Illuminate/Http/Request), Object(Closure))
#37 D:/Website-monitoring/vendor/laravel/framework/src/Illuminate/Http/Middleware/ValidatePostSize.php(27): Illuminate/Pipeline/Pipeline->{closure:{closure:Illuminate/Pipeline/Pipeline::carry():194}:195}(Object(Illuminate/Http/Request))
#38 D:/Website-monitoring/vendor/laravel/framework/src/Illuminate/Pipeline/Pipeline.php(219): Illuminate/Http/Middleware/ValidatePostSize->handle(Object(Illuminate/Http/Request), Object(Closure))
#39 D:/Website-monitoring/vendor/laravel/framework/src/Illuminate/Foundation/Http/Middleware/PreventRequestsDuringMaintenance.php(110): Illuminate/Pipeline/Pipeline->{closure:{closure:Illuminate/Pipeline/Pipeline::carry():194}:195}(Object(Illuminate/Http/Request))
#40 D:/Website-monitoring/vendor/laravel/framework/src/Illuminate/Pipeline/Pipeline.php(219): Illuminate/Foundation/Http/Middleware/PreventRequestsDuringMaintenance->handle(Object(Illuminate/Http/Request), Object(Closure))
#41 D:/Website-monitoring/vendor/laravel/framework/src/Illuminate/Http/Middleware/HandleCors.php(74): Illuminate/Pipeline/Pipeline->{closure:{closure:Illuminate/Pipeline/Pipeline::carry():194}:195}(Object(Illuminate/Http/Request))
#42 D:/Website-monitoring/vendor/laravel/framework/src/Illuminate/Pipeline/Pipeline.php(219): Illuminate/Http/Middleware/HandleCors->handle(Object(Illuminate/Http/Request), Object(Closure))
#43 D:/Website-monitoring/vendor/laravel/framework/src/Illuminate/Http/Middleware/TrustProxies.php(58): Illuminate/Pipeline/Pipeline->{closure:{closure:Illuminate/Pipeline/Pipeline::carry():194}:195}(Object(Illuminate/Http/Request))
#44 D:/Website-monitoring/vendor/laravel/framework/src/Illuminate/Pipeline/Pipeline.php(219): Illuminate/Http/Middleware/TrustProxies->handle(Object(Illuminate/Http/Request), Object(Closure))
#45 D:/Website-monitoring/vendor/laravel/framework/src/Illuminate/Foundation/Http/Middleware/InvokeDeferredCallbacks.php(22): Illuminate/Pipeline/Pipeline->{closure:{closure:Illuminate/Pipeline/Pipeline::carry():194}:195}(Object(Illuminate/Http/Request))
#46 D:/Website-monitoring/vendor/laravel/framework/src/Illuminate/Pipeline/Pipeline.php(219): Illuminate/Foundation/Http/Middleware/InvokeDeferredCallbacks->handle(Object(Illuminate/Http/Request), Object(Closure))
#47 D:/Website-monitoring/vendor/laravel/framework/src/Illuminate/Http/Middleware/ValidatePathEncoding.php(28): Illuminate/Pipeline/Pipeline->{closure:{closure:Illuminate/Pipeline/Pipeline::carry():194}:195}(Object(Illuminate/Http/Request))
#48 D:/Website-monitoring/vendor/laravel/framework/src/Illuminate/Pipeline/Pipeline.php(219): Illuminate/Http/Middleware/ValidatePathEncoding->handle(Object(Illuminate/Http/Request), Object(Closure))
#49 D:/Website-monitoring/vendor/laravel/framework/src/Illuminate/Pipeline/Pipeline.php(137): Illuminate/Pipeline/Pipeline->{closure:{closure:Illuminate/Pipeline/Pipeline::carry():194}:195}(Object(Illuminate/Http/Request))
#50 D:/Website-monitoring/vendor/laravel/framework/src/Illuminate/Foundation/Http/Kernel.php(175): Illuminate/Pipeline/Pipeline->then(Object(Closure))
#51 D:/Website-monitoring/vendor/laravel/framework/src/Illuminate/Foundation/Http/Kernel.php(144): Illuminate/Foundation/Http/Kernel->sendRequestThroughRouter(Object(Illuminate/Http/Request))
#52 D:/Website-monitoring/vendor/laravel/framework/src/Illuminate/Foundation/Application.php(1227): Illuminate/Foundation/Http/Kernel->handle(Object(Illuminate/Http/Request))
#53 D:/Website-monitoring/public/index.php(20): Illuminate/Foundation/Application->handleRequest(Object(Illuminate/Http/Request))
#54 D:/Website-monitoring/vendor/laravel/framework/src/Illuminate/Foundation/resources/server.php(23): require_once('D://Website-moni...')
#55 {main}
"} 
[2026-09-14 02:30:32] local.ERROR: SplFileObject::__construct(D:\Website-monitoring\storage/app/firebase/service-account.json): Failed to open stream: No such file or directory {"exception":"[object] (Kreait\\Firebase\\Exception\\InvalidArgumentException(code: 0): SplFileObject::__construct(D:\\Website-monitoring\\storage/app/firebase/service-account.json): Failed to open stream: No such file or directory at D:/Website-monitoring/vendor/kreait/firebase-php/src/Valinor/Source.php:57)
[stacktrace]
#0 D:/Website-monitoring/vendor/kreait/firebase-php/src/Valinor/Source.php(40): Kreait/Firebase/Valinor/Source::file('D://Website-moni...')
#1 D:/Website-monitoring/vendor/kreait/firebase-php/src/Factory.php(666): Kreait/Firebase/Valinor/Source::parse('D://Website-moni...')
#2 D:/Website-monitoring/vendor/kreait/firebase-php/src/Factory.php(146): Kreait/Firebase/Factory->mapServiceAccount('D://Website-moni...')
#3 D:/Website-monitoring/vendor/kreait/laravel-firebase/src/FirebaseProjectManager.php(75): Kreait/Firebase/Factory->withServiceAccount(Object(SensitiveParameterValue))
#4 D:/Website-monitoring/vendor/kreait/laravel-firebase/src/FirebaseProjectManager.php(35): Kreait/Laravel/Firebase/FirebaseProjectManager->configure('app')
#5 D:/Website-monitoring/vendor/kreait/laravel-firebase/src/ServiceProvider.php(38): Kreait/Laravel/Firebase/FirebaseProjectManager->project()
#6 D:/Website-monitoring/vendor/laravel/framework/src/Illuminate/Container/Container.php(1140): Kreait/Laravel/Firebase/ServiceProvider::{closure:Kreait/Laravel/Firebase/ServiceProvider::registerComponents():38}(Object(Illuminate/Foundation/Application), Array)
#7 D:/Website-monitoring/vendor/laravel/framework/src/Illuminate/Container/Container.php(939): Illuminate/Container/Container->build(Object(Closure))
#8 D:/Website-monitoring/vendor/laravel/framework/src/Illuminate/Foundation/Application.php(1085): Illuminate/Container/Container->resolve('Kreait//Firebase...', Array, true)
#9 D:/Website-monitoring/vendor/laravel/framework/src/Illuminate/Container/Container.php(867): Illuminate/Foundation/Application->resolve('Kreait//Firebase...', Array)
#10 D:/Website-monitoring/vendor/laravel/framework/src/Illuminate/Foundation/Application.php(1065): Illuminate/Container/Container->make('Kreait//Firebase...', Array)
#11 D:/Website-monitoring/vendor/laravel/framework/src/Illuminate/Container/Container.php(1363): Illuminate/Foundation/Application->make('Kreait//Firebase...')
#12 D:/Website-monitoring/vendor/laravel/framework/src/Illuminate/Container/Container.php(1264): Illuminate/Container/Container->resolveClass(Object(ReflectionParameter), 'Kreait//Firebase...')
#13 D:/Website-monitoring/vendor/laravel/framework/src/Illuminate/Container/Container.php(1187): Illuminate/Container/Container->resolveDependencies(Array)
#14 D:/Website-monitoring/vendor/laravel/framework/src/Illuminate/Container/Container.php(939): Illuminate/Container/Container->build('App//Http//Middle...')
#15 D:/Website-monitoring/vendor/laravel/framework/src/Illuminate/Foundation/Application.php(1085): Illuminate/Container/Container->resolve('App//Http//Middle...', Array, true)
#16 D:/Website-monitoring/vendor/laravel/framework/src/Illuminate/Container/Container.php(867): Illuminate/Foundation/Application->resolve('App//Http//Middle...', Array)
#17 D:/Website-monitoring/vendor/laravel/framework/src/Illuminate/Foundation/Application.php(1065): Illuminate/Container/Container->make('App//Http//Middle...', Array)
#18 D:/Website-monitoring/vendor/laravel/framework/src/Illuminate/Foundation/Http/Kernel.php(257): Illuminate/Foundation/Application->make('App//Http//Middle...')
#19 D:/Website-monitoring/vendor/laravel/framework/src/Illuminate/Foundation/Http/Kernel.php(215): Illuminate/Foundation/Http/Kernel->terminateMiddleware(Object(Illuminate/Http/Request), Object(Illuminate/Http/JsonResponse))
#20 D:/Website-monitoring/vendor/laravel/framework/src/Illuminate/Foundation/Application.php(1229): Illuminate/Foundation/Http/Kernel->terminate(Object(Illuminate/Http/Request), Object(Illuminate/Http/JsonResponse))
#21 D:/Website-monitoring/public/index.php(20): Illuminate/Foundation/Application->handleRequest(Object(Illuminate/Http/Request))
#22 D:/Website-monitoring/vendor/laravel/framework/src/Illuminate/Foundation/resources/server.php(23): require_once('D://Website-moni...')
#23 {main}

[previous exception] [object] (RuntimeException(code: 0): SplFileObject::__construct(D:\\Website-monitoring\\storage/app/firebase/service-account.json): Failed to open stream: No such file or directory at D:/Website-monitoring/vendor/kreait/firebase-php/src/Valinor/Source.php:55)
[stacktrace]
#0 D:/Website-monitoring/vendor/kreait/firebase-php/src/Valinor/Source.php(55): SplFileObject->__construct('D://Website-moni...')
#1 D:/Website-monitoring/vendor/kreait/firebase-php/src/Valinor/Source.php(40): Kreait/Firebase/Valinor/Source::file('D://Website-moni...')
#2 D:/Website-monitoring/vendor/kreait/firebase-php/src/Factory.php(666): Kreait/Firebase/Valinor/Source::parse('D://Website-moni...')
#3 D:/Website-monitoring/vendor/kreait/firebase-php/src/Factory.php(146): Kreait/Firebase/Factory->mapServiceAccount('D://Website-moni...')
#4 D:/Website-monitoring/vendor/kreait/laravel-firebase/src/FirebaseProjectManager.php(75): Kreait/Firebase/Factory->withServiceAccount(Object(SensitiveParameterValue))
#5 D:/Website-monitoring/vendor/kreait/laravel-firebase/src/FirebaseProjectManager.php(35): Kreait/Laravel/Firebase/FirebaseProjectManager->configure('app')
#6 D:/Website-monitoring/vendor/kreait/laravel-firebase/src/ServiceProvider.php(38): Kreait/Laravel/Firebase/FirebaseProjectManager->project()
#7 D:/Website-monitoring/vendor/laravel/framework/src/Illuminate/Container/Container.php(1140): Kreait/Laravel/Firebase/ServiceProvider::{closure:Kreait/Laravel/Firebase/ServiceProvider::registerComponents():38}(Object(Illuminate/Foundation/Application), Array)
#8 D:/Website-monitoring/vendor/laravel/framework/src/Illuminate/Container/Container.php(939): Illuminate/Container/Container->build(Object(Closure))
#9 D:/Website-monitoring/vendor/laravel/framework/src/Illuminate/Foundation/Application.php(1085): Illuminate/Container/Container->resolve('Kreait//Firebase...', Array, true)
#10 D:/Website-monitoring/vendor/laravel/framework/src/Illuminate/Container/Container.php(867): Illuminate/Foundation/Application->resolve('Kreait//Firebase...', Array)
#11 D:/Website-monitoring/vendor/laravel/framework/src/Illuminate/Foundation/Application.php(1065): Illuminate/Container/Container->make('Kreait//Firebase...', Array)
#12 D:/Website-monitoring/vendor/laravel/framework/src/Illuminate/Container/Container.php(1363): Illuminate/Foundation/Application->make('Kreait//Firebase...')
#13 D:/Website-monitoring/vendor/laravel/framework/src/Illuminate/Container/Container.php(1264): Illuminate/Container/Container->resolveClass(Object(ReflectionParameter), 'Kreait//Firebase...')
#14 D:/Website-monitoring/vendor/laravel/framework/src/Illuminate/Container/Container.php(1187): Illuminate/Container/Container->resolveDependencies(Array)
#15 D:/Website-monitoring/vendor/laravel/framework/src/Illuminate/Container/Container.php(939): Illuminate/Container/Container->build('App//Http//Middle...')
#16 D:/Website-monitoring/vendor/laravel/framework/src/Illuminate/Foundation/Application.php(1085): Illuminate/Container/Container->resolve('App//Http//Middle...', Array, true)
#17 D:/Website-monitoring/vendor/laravel/framework/src/Illuminate/Container/Container.php(867): Illuminate/Foundation/Application->resolve('App//Http//Middle...', Array)
#18 D:/Website-monitoring/vendor/laravel/framework/src/Illuminate/Foundation/Application.php(1065): Illuminate/Container/Container->make('App//Http//Middle...', Array)
#19 D:/Website-monitoring/vendor/laravel/framework/src/Illuminate/Foundation/Http/Kernel.php(257): Illuminate/Foundation/Application->make('App//Http//Middle...')
#20 D:/Website-monitoring/vendor/laravel/framework/src/Illuminate/Foundation/Http/Kernel.php(215): Illuminate/Foundation/Http/Kernel->terminateMiddleware(Object(Illuminate/Http/Request), Object(Illuminate/Http/JsonResponse))
#21 D:/Website-monitoring/vendor/laravel/framework/src/Illuminate/Foundation/Application.php(1229): Illuminate/Foundation/Http/Kernel->terminate(Object(Illuminate/Http/Request), Object(Illuminate/Http/JsonResponse))
#22 D:/Website-monitoring/public/index.php(20): Illuminate/Foundation/Application->handleRequest(Object(Illuminate/Http/Request))
#23 D:/Website-monitoring/vendor/laravel/framework/src/Illuminate/Foundation/resources/server.php(23): require_once('D://Website-moni...')
#24 {main}
"} 
[2026-09-14 02:30:32] local.ERROR: Uncaught ErrorException: Cannot modify header information - headers already sent by (output started at D:\Website-monitoring\vendor\symfony\http-foundation\Response.php:393) in D:\Website-monitoring\vendor\symfony\http-foundation\Response.php:328
Stack trace:
#0 D:\Website-monitoring\vendor\laravel\framework\src\Illuminate\Foundation\Bootstrap\HandleExceptions.php(265): Illuminate\Foundation\Bootstrap\HandleExceptions->handleError(2, 'Cannot modify h...', 'D:\\Website-moni...', 328)
#1 [internal function]: Illuminate\Foundation\Bootstrap\HandleExceptions->{closure:Illuminate\Foundation\Bootstrap\HandleExceptions::forwardsTo():264}(2, 'Cannot modify h...', 'D:\\Website-moni...', 328)
#2 D:\Website-monitoring\vendor\symfony\http-foundation\Response.php(328): header('HTTP/1.0 500 In...', true, 500)
#3 D:\Website-monitoring\vendor\symfony\http-foundation\Response.php(407): Symfony\Component\HttpFoundation\Response->sendHeaders()
#4 D:\Website-monitoring\vendor\laravel\framework\src\Illuminate\Foundation\Bootstrap\HandleExceptions.php(228): Symfony\Component\HttpFoundation\Response->send()
#5 D:\Website-monitoring\vendor\laravel\framework\src\Illuminate\Foundation\Bootstrap\HandleExceptions.php(205): Illuminate\Foundation\Bootstrap\HandleExceptions->renderHttpResponse(Object(Kreait\Firebase\Exception\InvalidArgumentException))
#6 D:\Website-monitoring\vendor\laravel\framework\src\Illuminate\Foundation\Bootstrap\HandleExceptions.php(265): Illuminate\Foundation\Bootstrap\HandleExceptions->handleException(Object(Kreait\Firebase\Exception\InvalidArgumentException))
#7 [internal function]: Illuminate\Foundation\Bootstrap\HandleExceptions->{closure:Illuminate\Foundation\Bootstrap\HandleExceptions::forwardsTo():264}(Object(Kreait\Firebase\Exception\InvalidArgumentException))
#8 {main}
  thrown {"exception":"[object] (Symfony\\Component\\ErrorHandler\\Error\\FatalError(code: 0): Uncaught ErrorException: Cannot modify header information - headers already sent by (output started at D:\\Website-monitoring\\vendor\\symfony\\http-foundation\\Response.php:393) in D:\\Website-monitoring\\vendor\\symfony\\http-foundation\\Response.php:328
Stack trace:
#0 D:\\Website-monitoring\\vendor\\laravel\\framework\\src\\Illuminate\\Foundation\\Bootstrap\\HandleExceptions.php(265): Illuminate\\Foundation\\Bootstrap\\HandleExceptions->handleError(2, 'Cannot modify h...', 'D:\\\\Website-moni...', 328)
#1 [internal function]: Illuminate\\Foundation\\Bootstrap\\HandleExceptions->{closure:Illuminate\\Foundation\\Bootstrap\\HandleExceptions::forwardsTo():264}(2, 'Cannot modify h...', 'D:\\\\Website-moni...', 328)
#2 D:\\Website-monitoring\\vendor\\symfony\\http-foundation\\Response.php(328): header('HTTP/1.0 500 In...', true, 500)
#3 D:\\Website-monitoring\\vendor\\symfony\\http-foundation\\Response.php(407): Symfony\\Component\\HttpFoundation\\Response->sendHeaders()
#4 D:\\Website-monitoring\\vendor\\laravel\\framework\\src\\Illuminate\\Foundation\\Bootstrap\\HandleExceptions.php(228): Symfony\\Component\\HttpFoundation\\Response->send()
#5 D:\\Website-monitoring\\vendor\\laravel\\framework\\src\\Illuminate\\Foundation\\Bootstrap\\HandleExceptions.php(205): Illuminate\\Foundation\\Bootstrap\\HandleExceptions->renderHttpResponse(Object(Kreait\\Firebase\\Exception\\InvalidArgumentException))
#6 D:\\Website-monitoring\\vendor\\laravel\\framework\\src\\Illuminate\\Foundation\\Bootstrap\\HandleExceptions.php(265): Illuminate\\Foundation\\Bootstrap\\HandleExceptions->handleException(Object(Kreait\\Firebase\\Exception\\InvalidArgumentException))
#7 [internal function]: Illuminate\\Foundation\\Bootstrap\\HandleExceptions->{closure:Illuminate\\Foundation\\Bootstrap\\HandleExceptions::forwardsTo():264}(Object(Kreait\\Firebase\\Exception\\InvalidArgumentException))
#8 {main}
  thrown at D:/Website-monitoring/vendor/symfony/http-foundation/Response.php:328)
[stacktrace]
#0 {main}
"} 
[2026-09-14 02:30:33] local.ERROR: SplFileObject::__construct(D:\Website-monitoring\storage/app/firebase/service-account.json): Failed to open stream: No such file or directory {"exception":"[object] (Kreait\\Firebase\\Exception\\InvalidArgumentException(code: 0): SplFileObject::__construct(D:\\Website-monitoring\\storage/app/firebase/service-account.json): Failed to open stream: No such file or directory at D:/Website-monitoring/vendor/kreait/firebase-php/src/Valinor/Source.php:57)
[stacktrace]
#0 D:/Website-monitoring/vendor/kreait/firebase-php/src/Valinor/Source.php(40): Kreait/Firebase/Valinor/Source::file('D://Website-moni...')
#1 D:/Website-monitoring/vendor/kreait/firebase-php/src/Factory.php(666): Kreait/Firebase/Valinor/Source::parse('D://Website-moni...')
#2 D:/Website-monitoring/vendor/kreait/firebase-php/src/Factory.php(146): Kreait/Firebase/Factory->mapServiceAccount('D://Website-moni...')
#3 D:/Website-monitoring/vendor/kreait/laravel-firebase/src/FirebaseProjectManager.php(75): Kreait/Firebase/Factory->withServiceAccount(Object(SensitiveParameterValue))
#4 D:/Website-monitoring/vendor/kreait/laravel-firebase/src/FirebaseProjectManager.php(35): Kreait/Laravel/Firebase/FirebaseProjectManager->configure('app')
#5 D:/Website-monitoring/vendor/kreait/laravel-firebase/src/ServiceProvider.php(38): Kreait/Laravel/Firebase/FirebaseProjectManager->project()
#6 D:/Website-monitoring/vendor/laravel/framework/src/Illuminate/Container/Container.php(1140): Kreait/Laravel/Firebase/ServiceProvider::{closure:Kreait/Laravel/Firebase/ServiceProvider::registerComponents():38}(Object(Illuminate/Foundation/Application), Array)
#7 D:/Website-monitoring/vendor/laravel/framework/src/Illuminate/Container/Container.php(939): Illuminate/Container/Container->build(Object(Closure))
#8 D:/Website-monitoring/vendor/laravel/framework/src/Illuminate/Foundation/Application.php(1085): Illuminate/Container/Container->resolve('Kreait//Firebase...', Array, true)
#9 D:/Website-monitoring/vendor/laravel/framework/src/Illuminate/Container/Container.php(867): Illuminate/Foundation/Application->resolve('Kreait//Firebase...', Array)
#10 D:/Website-monitoring/vendor/laravel/framework/src/Illuminate/Foundation/Application.php(1065): Illuminate/Container/Container->make('Kreait//Firebase...', Array)
#11 D:/Website-monitoring/vendor/laravel/framework/src/Illuminate/Container/Container.php(1363): Illuminate/Foundation/Application->make('Kreait//Firebase...')
#12 D:/Website-monitoring/vendor/laravel/framework/src/Illuminate/Container/Container.php(1264): Illuminate/Container/Container->resolveClass(Object(ReflectionParameter), 'Kreait//Firebase...')
#13 D:/Website-monitoring/vendor/laravel/framework/src/Illuminate/Container/Container.php(1187): Illuminate/Container/Container->resolveDependencies(Array)
#14 D:/Website-monitoring/vendor/laravel/framework/src/Illuminate/Container/Container.php(939): Illuminate/Container/Container->build('App//Http//Middle...')
#15 D:/Website-monitoring/vendor/laravel/framework/src/Illuminate/Foundation/Application.php(1085): Illuminate/Container/Container->resolve('App//Http//Middle...', Array, true)
#16 D:/Website-monitoring/vendor/laravel/framework/src/Illuminate/Container/Container.php(867): Illuminate/Foundation/Application->resolve('App//Http//Middle...', Array)
#17 D:/Website-monitoring/vendor/laravel/framework/src/Illuminate/Foundation/Application.php(1065): Illuminate/Container/Container->make('App//Http//Middle...', Array)
#18 D:/Website-monitoring/vendor/laravel/framework/src/Illuminate/Pipeline/Pipeline.php(208): Illuminate/Foundation/Application->make('App//Http//Middle...')
#19 D:/Website-monitoring/vendor/laravel/framework/src/Illuminate/Routing/Middleware/SubstituteBindings.php(52): Illuminate/Pipeline/Pipeline->{closure:{closure:Illuminate/Pipeline/Pipeline::carry():194}:195}(Object(Illuminate/Http/Request))
#20 D:/Website-monitoring/vendor/laravel/framework/src/Illuminate/Pipeline/Pipeline.php(219): Illuminate/Routing/Middleware/SubstituteBindings->handle(Object(Illuminate/Http/Request), Object(Closure))
#21 D:/Website-monitoring/vendor/laravel/framework/src/Illuminate/Pipeline/Pipeline.php(137): Illuminate/Pipeline/Pipeline->{closure:{closure:Illuminate/Pipeline/Pipeline::carry():194}:195}(Object(Illuminate/Http/Request))
#22 D:/Website-monitoring/vendor/laravel/framework/src/Illuminate/Routing/Router.php(821): Illuminate/Pipeline/Pipeline->then(Object(Closure))
#23 D:/Website-monitoring/vendor/laravel/framework/src/Illuminate/Routing/Router.php(800): Illuminate/Routing/Router->runRouteWithinStack(Object(Illuminate/Routing/Route), Object(Illuminate/Http/Request))
#24 D:/Website-monitoring/vendor/laravel/framework/src/Illuminate/Routing/Router.php(764): Illuminate/Routing/Router->runRoute(Object(Illuminate/Http/Request), Object(Illuminate/Routing/Route))
#25 D:/Website-monitoring/vendor/laravel/framework/src/Illuminate/Routing/Router.php(753): Illuminate/Routing/Router->dispatchToRoute(Object(Illuminate/Http/Request))
#26 D:/Website-monitoring/vendor/laravel/framework/src/Illuminate/Foundation/Http/Kernel.php(200): Illuminate/Routing/Router->dispatch(Object(Illuminate/Http/Request))
#27 D:/Website-monitoring/vendor/laravel/framework/src/Illuminate/Pipeline/Pipeline.php(180): Illuminate/Foundation/Http/Kernel->{closure:Illuminate/Foundation/Http/Kernel::dispatchToRouter():197}(Object(Illuminate/Http/Request))
#28 D:/Website-monitoring/app/Http/Middleware/SecurityHeaders.php(14): Illuminate/Pipeline/Pipeline->{closure:Illuminate/Pipeline/Pipeline::prepareDestination():178}(Object(Illuminate/Http/Request))
#29 D:/Website-monitoring/vendor/laravel/framework/src/Illuminate/Pipeline/Pipeline.php(219): App/Http/Middleware/SecurityHeaders->handle(Object(Illuminate/Http/Request), Object(Closure))
#30 D:/Website-monitoring/vendor/laravel/framework/src/Illuminate/Foundation/Http/Middleware/TransformsRequest.php(21): Illuminate/Pipeline/Pipeline->{closure:{closure:Illuminate/Pipeline/Pipeline::carry():194}:195}(Object(Illuminate/Http/Request))
#31 D:/Website-monitoring/vendor/laravel/framework/src/Illuminate/Foundation/Http/Middleware/ConvertEmptyStringsToNull.php(31): Illuminate/Foundation/Http/Middleware/TransformsRequest->handle(Object(Illuminate/Http/Request), Object(Closure))
#32 D:/Website-monitoring/vendor/laravel/framework/src/Illuminate/Pipeline/Pipeline.php(219): Illuminate/Foundation/Http/Middleware/ConvertEmptyStringsToNull->handle(Object(Illuminate/Http/Request), Object(Closure))
#33 D:/Website-monitoring/vendor/laravel/framework/src/Illuminate/Foundation/Http/Middleware/TransformsRequest.php(21): Illuminate/Pipeline/Pipeline->{closure:{closure:Illuminate/Pipeline/Pipeline::carry():194}:195}(Object(Illuminate/Http/Request))
#34 D:/Website-monitoring/vendor/laravel/framework/src/Illuminate/Foundation/Http/Middleware/TrimStrings.php(51): Illuminate/Foundation/Http/Middleware/TransformsRequest->handle(Object(Illuminate/Http/Request), Object(Closure))
#35 D:/Website-monitoring/vendor/laravel/framework/src/Illuminate/Pipeline/Pipeline.php(219): Illuminate/Foundation/Http/Middleware/TrimStrings->handle(Object(Illuminate/Http/Request), Object(Closure))
#36 D:/Website-monitoring/vendor/laravel/framework/src/Illuminate/Http/Middleware/ValidatePostSize.php(27): Illuminate/Pipeline/Pipeline->{closure:{closure:Illuminate/Pipeline/Pipeline::carry():194}:195}(Object(Illuminate/Http/Request))
#37 D:/Website-monitoring/vendor/laravel/framework/src/Illuminate/Pipeline/Pipeline.php(219): Illuminate/Http/Middleware/ValidatePostSize->handle(Object(Illuminate/Http/Request), Object(Closure))
#38 D:/Website-monitoring/vendor/laravel/framework/src/Illuminate/Foundation/Http/Middleware/PreventRequestsDuringMaintenance.php(110): Illuminate/Pipeline/Pipeline->{closure:{closure:Illuminate/Pipeline/Pipeline::carry():194}:195}(Object(Illuminate/Http/Request))
#39 D:/Website-monitoring/vendor/laravel/framework/src/Illuminate/Pipeline/Pipeline.php(219): Illuminate/Foundation/Http/Middleware/PreventRequestsDuringMaintenance->handle(Object(Illuminate/Http/Request), Object(Closure))
#40 D:/Website-monitoring/vendor/laravel/framework/src/Illuminate/Http/Middleware/HandleCors.php(74): Illuminate/Pipeline/Pipeline->{closure:{closure:Illuminate/Pipeline/Pipeline::carry():194}:195}(Object(Illuminate/Http/Request))
#41 D:/Website-monitoring/vendor/laravel/framework/src/Illuminate/Pipeline/Pipeline.php(219): Illuminate/Http/Middleware/HandleCors->handle(Object(Illuminate/Http/Request), Object(Closure))
#42 D:/Website-monitoring/vendor/laravel/framework/src/Illuminate/Http/Middleware/TrustProxies.php(58): Illuminate/Pipeline/Pipeline->{closure:{closure:Illuminate/Pipeline/Pipeline::carry():194}:195}(Object(Illuminate/Http/Request))
#43 D:/Website-monitoring/vendor/laravel/framework/src/Illuminate/Pipeline/Pipeline.php(219): Illuminate/Http/Middleware/TrustProxies->handle(Object(Illuminate/Http/Request), Object(Closure))
#44 D:/Website-monitoring/vendor/laravel/framework/src/Illuminate/Foundation/Http/Middleware/InvokeDeferredCallbacks.php(22): Illuminate/Pipeline/Pipeline->{closure:{closure:Illuminate/Pipeline/Pipeline::carry():194}:195}(Object(Illuminate/Http/Request))
#45 D:/Website-monitoring/vendor/laravel/framework/src/Illuminate/Pipeline/Pipeline.php(219): Illuminate/Foundation/Http/Middleware/InvokeDeferredCallbacks->handle(Object(Illuminate/Http/Request), Object(Closure))
#46 D:/Website-monitoring/vendor/laravel/framework/src/Illuminate/Http/Middleware/ValidatePathEncoding.php(28): Illuminate/Pipeline/Pipeline->{closure:{closure:Illuminate/Pipeline/Pipeline::carry():194}:195}(Object(Illuminate/Http/Request))
#47 D:/Website-monitoring/vendor/laravel/framework/src/Illuminate/Pipeline/Pipeline.php(219): Illuminate/Http/Middleware/ValidatePathEncoding->handle(Object(Illuminate/Http/Request), Object(Closure))
#48 D:/Website-monitoring/vendor/laravel/framework/src/Illuminate/Pipeline/Pipeline.php(137): Illuminate/Pipeline/Pipeline->{closure:{closure:Illuminate/Pipeline/Pipeline::carry():194}:195}(Object(Illuminate/Http/Request))
#49 D:/Website-monitoring/vendor/laravel/framework/src/Illuminate/Foundation/Http/Kernel.php(175): Illuminate/Pipeline/Pipeline->then(Object(Closure))
#50 D:/Website-monitoring/vendor/laravel/framework/src/Illuminate/Foundation/Http/Kernel.php(144): Illuminate/Foundation/Http/Kernel->sendRequestThroughRouter(Object(Illuminate/Http/Request))
#51 D:/Website-monitoring/vendor/laravel/framework/src/Illuminate/Foundation/Application.php(1227): Illuminate/Foundation/Http/Kernel->handle(Object(Illuminate/Http/Request))
#52 D:/Website-monitoring/public/index.php(20): Illuminate/Foundation/Application->handleRequest(Object(Illuminate/Http/Request))
#53 D:/Website-monitoring/vendor/laravel/framework/src/Illuminate/Foundation/resources/server.php(23): require_once('D://Website-moni...')
#54 {main}

[previous exception] [object] (RuntimeException(code: 0): SplFileObject::__construct(D:\\Website-monitoring\\storage/app/firebase/service-account.json): Failed to open stream: No such file or directory at D:/Website-monitoring/vendor/kreait/firebase-php/src/Valinor/Source.php:55)
[stacktrace]
#0 D:/Website-monitoring/vendor/kreait/firebase-php/src/Valinor/Source.php(55): SplFileObject->__construct('D://Website-moni...')
#1 D:/Website-monitoring/vendor/kreait/firebase-php/src/Valinor/Source.php(40): Kreait/Firebase/Valinor/Source::file('D://Website-moni...')
#2 D:/Website-monitoring/vendor/kreait/firebase-php/src/Factory.php(666): Kreait/Firebase/Valinor/Source::parse('D://Website-moni...')
#3 D:/Website-monitoring/vendor/kreait/firebase-php/src/Factory.php(146): Kreait/Firebase/Factory->mapServiceAccount('D://Website-moni...')
#4 D:/Website-monitoring/vendor/kreait/laravel-firebase/src/FirebaseProjectManager.php(75): Kreait/Firebase/Factory->withServiceAccount(Object(SensitiveParameterValue))
#5 D:/Website-monitoring/vendor/kreait/laravel-firebase/src/FirebaseProjectManager.php(35): Kreait/Laravel/Firebase/FirebaseProjectManager->configure('app')
#6 D:/Website-monitoring/vendor/kreait/laravel-firebase/src/ServiceProvider.php(38): Kreait/Laravel/Firebase/FirebaseProjectManager->project()
#7 D:/Website-monitoring/vendor/laravel/framework/src/Illuminate/Container/Container.php(1140): Kreait/Laravel/Firebase/ServiceProvider::{closure:Kreait/Laravel/Firebase/ServiceProvider::registerComponents():38}(Object(Illuminate/Foundation/Application), Array)
#8 D:/Website-monitoring/vendor/laravel/framework/src/Illuminate/Container/Container.php(939): Illuminate/Container/Container->build(Object(Closure))
#9 D:/Website-monitoring/vendor/laravel/framework/src/Illuminate/Foundation/Application.php(1085): Illuminate/Container/Container->resolve('Kreait//Firebase...', Array, true)
#10 D:/Website-monitoring/vendor/laravel/framework/src/Illuminate/Container/Container.php(867): Illuminate/Foundation/Application->resolve('Kreait//Firebase...', Array)
#11 D:/Website-monitoring/vendor/laravel/framework/src/Illuminate/Foundation/Application.php(1065): Illuminate/Container/Container->make('Kreait//Firebase...', Array)
#12 D:/Website-monitoring/vendor/laravel/framework/src/Illuminate/Container/Container.php(1363): Illuminate/Foundation/Application->make('Kreait//Firebase...')
#13 D:/Website-monitoring/vendor/laravel/framework/src/Illuminate/Container/Container.php(1264): Illuminate/Container/Container->resolveClass(Object(ReflectionParameter), 'Kreait//Firebase...')
#14 D:/Website-monitoring/vendor/laravel/framework/src/Illuminate/Container/Container.php(1187): Illuminate/Container/Container->resolveDependencies(Array)
#15 D:/Website-monitoring/vendor/laravel/framework/src/Illuminate/Container/Container.php(939): Illuminate/Container/Container->build('App//Http//Middle...')
#16 D:/Website-monitoring/vendor/laravel/framework/src/Illuminate/Foundation/Application.php(1085): Illuminate/Container/Container->resolve('App//Http//Middle...', Array, true)
#17 D:/Website-monitoring/vendor/laravel/framework/src/Illuminate/Container/Container.php(867): Illuminate/Foundation/Application->resolve('App//Http//Middle...', Array)
#18 D:/Website-monitoring/vendor/laravel/framework/src/Illuminate/Foundation/Application.php(1065): Illuminate/Container/Container->make('App//Http//Middle...', Array)
#19 D:/Website-monitoring/vendor/laravel/framework/src/Illuminate/Pipeline/Pipeline.php(208): Illuminate/Foundation/Application->make('App//Http//Middle...')
#20 D:/Website-monitoring/vendor/laravel/framework/src/Illuminate/Routing/Middleware/SubstituteBindings.php(52): Illuminate/Pipeline/Pipeline->{closure:{closure:Illuminate/Pipeline/Pipeline::carry():194}:195}(Object(Illuminate/Http/Request))
#21 D:/Website-monitoring/vendor/laravel/framework/src/Illuminate/Pipeline/Pipeline.php(219): Illuminate/Routing/Middleware/SubstituteBindings->handle(Object(Illuminate/Http/Request), Object(Closure))
#22 D:/Website-monitoring/vendor/laravel/framework/src/Illuminate/Pipeline/Pipeline.php(137): Illuminate/Pipeline/Pipeline->{closure:{closure:Illuminate/Pipeline/Pipeline::carry():194}:195}(Object(Illuminate/Http/Request))
#23 D:/Website-monitoring/vendor/laravel/framework/src/Illuminate/Routing/Router.php(821): Illuminate/Pipeline/Pipeline->then(Object(Closure))
#24 D:/Website-monitoring/vendor/laravel/framework/src/Illuminate/Routing/Router.php(800): Illuminate/Routing/Router->runRouteWithinStack(Object(Illuminate/Routing/Route), Object(Illuminate/Http/Request))
#25 D:/Website-monitoring/vendor/laravel/framework/src/Illuminate/Routing/Router.php(764): Illuminate/Routing/Router->runRoute(Object(Illuminate/Http/Request), Object(Illuminate/Routing/Route))
#26 D:/Website-monitoring/vendor/laravel/framework/src/Illuminate/Routing/Router.php(753): Illuminate/Routing/Router->dispatchToRoute(Object(Illuminate/Http/Request))
#27 D:/Website-monitoring/vendor/laravel/framework/src/Illuminate/Foundation/Http/Kernel.php(200): Illuminate/Routing/Router->dispatch(Object(Illuminate/Http/Request))
#28 D:/Website-monitoring/vendor/laravel/framework/src/Illuminate/Pipeline/Pipeline.php(180): Illuminate/Foundation/Http/Kernel->{closure:Illuminate/Foundation/Http/Kernel::dispatchToRouter():197}(Object(Illuminate/Http/Request))
#29 D:/Website-monitoring/app/Http/Middleware/SecurityHeaders.php(14): Illuminate/Pipeline/Pipeline->{closure:Illuminate/Pipeline/Pipeline::prepareDestination():178}(Object(Illuminate/Http/Request))
#30 D:/Website-monitoring/vendor/laravel/framework/src/Illuminate/Pipeline/Pipeline.php(219): App/Http/Middleware/SecurityHeaders->handle(Object(Illuminate/Http/Request), Object(Closure))
#31 D:/Website-monitoring/vendor/laravel/framework/src/Illuminate/Foundation/Http/Middleware/TransformsRequest.php(21): Illuminate/Pipeline/Pipeline->{closure:{closure:Illuminate/Pipeline/Pipeline::carry():194}:195}(Object(Illuminate/Http/Request))
#32 D:/Website-monitoring/vendor/laravel/framework/src/Illuminate/Foundation/Http/Middleware/ConvertEmptyStringsToNull.php(31): Illuminate/Foundation/Http/Middleware/TransformsRequest->handle(Object(Illuminate/Http/Request), Object(Closure))
#33 D:/Website-monitoring/vendor/laravel/framework/src/Illuminate/Pipeline/Pipeline.php(219): Illuminate/Foundation/Http/Middleware/ConvertEmptyStringsToNull->handle(Object(Illuminate/Http/Request), Object(Closure))
#34 D:/Website-monitoring/vendor/laravel/framework/src/Illuminate/Foundation/Http/Middleware/TransformsRequest.php(21): Illuminate/Pipeline/Pipeline->{closure:{closure:Illuminate/Pipeline/Pipeline::carry():194}:195}(Object(Illuminate/Http/Request))
#35 D:/Website-monitoring/vendor/laravel/framework/src/Illuminate/Foundation/Http/Middleware/TrimStrings.php(51): Illuminate/Foundation/Http/Middleware/TransformsRequest->handle(Object(Illuminate/Http/Request), Object(Closure))
#36 D:/Website-monitoring/vendor/laravel/framework/src/Illuminate/Pipeline/Pipeline.php(219): Illuminate/Foundation/Http/Middleware/TrimStrings->handle(Object(Illuminate/Http/Request), Object(Closure))
#37 D:/Website-monitoring/vendor/laravel/framework/src/Illuminate/Http/Middleware/ValidatePostSize.php(27): Illuminate/Pipeline/Pipeline->{closure:{closure:Illuminate/Pipeline/Pipeline::carry():194}:195}(Object(Illuminate/Http/Request))
#38 D:/Website-monitoring/vendor/laravel/framework/src/Illuminate/Pipeline/Pipeline.php(219): Illuminate/Http/Middleware/ValidatePostSize->handle(Object(Illuminate/Http/Request), Object(Closure))
#39 D:/Website-monitoring/vendor/laravel/framework/src/Illuminate/Foundation/Http/Middleware/PreventRequestsDuringMaintenance.php(110): Illuminate/Pipeline/Pipeline->{closure:{closure:Illuminate/Pipeline/Pipeline::carry():194}:195}(Object(Illuminate/Http/Request))
#40 D:/Website-monitoring/vendor/laravel/framework/src/Illuminate/Pipeline/Pipeline.php(219): Illuminate/Foundation/Http/Middleware/PreventRequestsDuringMaintenance->handle(Object(Illuminate/Http/Request), Object(Closure))
#41 D:/Website-monitoring/vendor/laravel/framework/src/Illuminate/Http/Middleware/HandleCors.php(74): Illuminate/Pipeline/Pipeline->{closure:{closure:Illuminate/Pipeline/Pipeline::carry():194}:195}(Object(Illuminate/Http/Request))
#42 D:/Website-monitoring/vendor/laravel/framework/src/Illuminate/Pipeline/Pipeline.php(219): Illuminate/Http/Middleware/HandleCors->handle(Object(Illuminate/Http/Request), Object(Closure))
#43 D:/Website-monitoring/vendor/laravel/framework/src/Illuminate/Http/Middleware/TrustProxies.php(58): Illuminate/Pipeline/Pipeline->{closure:{closure:Illuminate/Pipeline/Pipeline::carry():194}:195}(Object(Illuminate/Http/Request))
#44 D:/Website-monitoring/vendor/laravel/framework/src/Illuminate/Pipeline/Pipeline.php(219): Illuminate/Http/Middleware/TrustProxies->handle(Object(Illuminate/Http/Request), Object(Closure))
#45 D:/Website-monitoring/vendor/laravel/framework/src/Illuminate/Foundation/Http/Middleware/InvokeDeferredCallbacks.php(22): Illuminate/Pipeline/Pipeline->{closure:{closure:Illuminate/Pipeline/Pipeline::carry():194}:195}(Object(Illuminate/Http/Request))
#46 D:/Website-monitoring/vendor/laravel/framework/src/Illuminate/Pipeline/Pipeline.php(219): Illuminate/Foundation/Http/Middleware/InvokeDeferredCallbacks->handle(Object(Illuminate/Http/Request), Object(Closure))
#47 D:/Website-monitoring/vendor/laravel/framework/src/Illuminate/Http/Middleware/ValidatePathEncoding.php(28): Illuminate/Pipeline/Pipeline->{closure:{closure:Illuminate/Pipeline/Pipeline::carry():194}:195}(Object(Illuminate/Http/Request))
#48 D:/Website-monitoring/vendor/laravel/framework/src/Illuminate/Pipeline/Pipeline.php(219): Illuminate/Http/Middleware/ValidatePathEncoding->handle(Object(Illuminate/Http/Request), Object(Closure))
#49 D:/Website-monitoring/vendor/laravel/framework/src/Illuminate/Pipeline/Pipeline.php(137): Illuminate/Pipeline/Pipeline->{closure:{closure:Illuminate/Pipeline/Pipeline::carry():194}:195}(Object(Illuminate/Http/Request))
#50 D:/Website-monitoring/vendor/laravel/framework/src/Illuminate/Foundation/Http/Kernel.php(175): Illuminate/Pipeline/Pipeline->then(Object(Closure))
#51 D:/Website-monitoring/vendor/laravel/framework/src/Illuminate/Foundation/Http/Kernel.php(144): Illuminate/Foundation/Http/Kernel->sendRequestThroughRouter(Object(Illuminate/Http/Request))
#52 D:/Website-monitoring/vendor/laravel/framework/src/Illuminate/Foundation/Application.php(1227): Illuminate/Foundation/Http/Kernel->handle(Object(Illuminate/Http/Request))
#53 D:/Website-monitoring/public/index.php(20): Illuminate/Foundation/Application->handleRequest(Object(Illuminate/Http/Request))
#54 D:/Website-monitoring/vendor/laravel/framework/src/Illuminate/Foundation/resources/server.php(23): require_once('D://Website-moni...')
#55 {main}
"} 
[2026-09-14 02:30:33] local.ERROR: SplFileObject::__construct(D:\Website-monitoring\storage/app/firebase/service-account.json): Failed to open stream: No such file or directory {"exception":"[object] (Kreait\\Firebase\\Exception\\InvalidArgumentException(code: 0): SplFileObject::__construct(D:\\Website-monitoring\\storage/app/firebase/service-account.json): Failed to open stream: No such file or directory at D:/Website-monitoring/vendor/kreait/firebase-php/src/Valinor/Source.php:57)
[stacktrace]
#0 D:/Website-monitoring/vendor/kreait/firebase-php/src/Valinor/Source.php(40): Kreait/Firebase/Valinor/Source::file('D://Website-moni...')
#1 D:/Website-monitoring/vendor/kreait/firebase-php/src/Factory.php(666): Kreait/Firebase/Valinor/Source::parse('D://Website-moni...')
#2 D:/Website-monitoring/vendor/kreait/firebase-php/src/Factory.php(146): Kreait/Firebase/Factory->mapServiceAccount('D://Website-moni...')
#3 D:/Website-monitoring/vendor/kreait/laravel-firebase/src/FirebaseProjectManager.php(75): Kreait/Firebase/Factory->withServiceAccount(Object(SensitiveParameterValue))
#4 D:/Website-monitoring/vendor/kreait/laravel-firebase/src/FirebaseProjectManager.php(35): Kreait/Laravel/Firebase/FirebaseProjectManager->configure('app')
#5 D:/Website-monitoring/vendor/kreait/laravel-firebase/src/ServiceProvider.php(38): Kreait/Laravel/Firebase/FirebaseProjectManager->project()
#6 D:/Website-monitoring/vendor/laravel/framework/src/Illuminate/Container/Container.php(1140): Kreait/Laravel/Firebase/ServiceProvider::{closure:Kreait/Laravel/Firebase/ServiceProvider::registerComponents():38}(Object(Illuminate/Foundation/Application), Array)
#7 D:/Website-monitoring/vendor/laravel/framework/src/Illuminate/Container/Container.php(939): Illuminate/Container/Container->build(Object(Closure))
#8 D:/Website-monitoring/vendor/laravel/framework/src/Illuminate/Foundation/Application.php(1085): Illuminate/Container/Container->resolve('Kreait//Firebase...', Array, true)
#9 D:/Website-monitoring/vendor/laravel/framework/src/Illuminate/Container/Container.php(867): Illuminate/Foundation/Application->resolve('Kreait//Firebase...', Array)
#10 D:/Website-monitoring/vendor/laravel/framework/src/Illuminate/Foundation/Application.php(1065): Illuminate/Container/Container->make('Kreait//Firebase...', Array)
#11 D:/Website-monitoring/vendor/laravel/framework/src/Illuminate/Container/Container.php(1363): Illuminate/Foundation/Application->make('Kreait//Firebase...')
#12 D:/Website-monitoring/vendor/laravel/framework/src/Illuminate/Container/Container.php(1264): Illuminate/Container/Container->resolveClass(Object(ReflectionParameter), 'Kreait//Firebase...')
#13 D:/Website-monitoring/vendor/laravel/framework/src/Illuminate/Container/Container.php(1187): Illuminate/Container/Container->resolveDependencies(Array)
#14 D:/Website-monitoring/vendor/laravel/framework/src/Illuminate/Container/Container.php(939): Illuminate/Container/Container->build('App//Http//Middle...')
#15 D:/Website-monitoring/vendor/laravel/framework/src/Illuminate/Foundation/Application.php(1085): Illuminate/Container/Container->resolve('App//Http//Middle...', Array, true)
#16 D:/Website-monitoring/vendor/laravel/framework/src/Illuminate/Container/Container.php(867): Illuminate/Foundation/Application->resolve('App//Http//Middle...', Array)
#17 D:/Website-monitoring/vendor/laravel/framework/src/Illuminate/Foundation/Application.php(1065): Illuminate/Container/Container->make('App//Http//Middle...', Array)
#18 D:/Website-monitoring/vendor/laravel/framework/src/Illuminate/Foundation/Http/Kernel.php(257): Illuminate/Foundation/Application->make('App//Http//Middle...')
#19 D:/Website-monitoring/vendor/laravel/framework/src/Illuminate/Foundation/Http/Kernel.php(215): Illuminate/Foundation/Http/Kernel->terminateMiddleware(Object(Illuminate/Http/Request), Object(Illuminate/Http/JsonResponse))
#20 D:/Website-monitoring/vendor/laravel/framework/src/Illuminate/Foundation/Application.php(1229): Illuminate/Foundation/Http/Kernel->terminate(Object(Illuminate/Http/Request), Object(Illuminate/Http/JsonResponse))
#21 D:/Website-monitoring/public/index.php(20): Illuminate/Foundation/Application->handleRequest(Object(Illuminate/Http/Request))
#22 D:/Website-monitoring/vendor/laravel/framework/src/Illuminate/Foundation/resources/server.php(23): require_once('D://Website-moni...')
#23 {main}

[previous exception] [object] (RuntimeException(code: 0): SplFileObject::__construct(D:\\Website-monitoring\\storage/app/firebase/service-account.json): Failed to open stream: No such file or directory at D:/Website-monitoring/vendor/kreait/firebase-php/src/Valinor/Source.php:55)
[stacktrace]
#0 D:/Website-monitoring/vendor/kreait/firebase-php/src/Valinor/Source.php(55): SplFileObject->__construct('D://Website-moni...')
#1 D:/Website-monitoring/vendor/kreait/firebase-php/src/Valinor/Source.php(40): Kreait/Firebase/Valinor/Source::file('D://Website-moni...')
#2 D:/Website-monitoring/vendor/kreait/firebase-php/src/Factory.php(666): Kreait/Firebase/Valinor/Source::parse('D://Website-moni...')
#3 D:/Website-monitoring/vendor/kreait/firebase-php/src/Factory.php(146): Kreait/Firebase/Factory->mapServiceAccount('D://Website-moni...')
#4 D:/Website-monitoring/vendor/kreait/laravel-firebase/src/FirebaseProjectManager.php(75): Kreait/Firebase/Factory->withServiceAccount(Object(SensitiveParameterValue))
#5 D:/Website-monitoring/vendor/kreait/laravel-firebase/src/FirebaseProjectManager.php(35): Kreait/Laravel/Firebase/FirebaseProjectManager->configure('app')
#6 D:/Website-monitoring/vendor/kreait/laravel-firebase/src/ServiceProvider.php(38): Kreait/Laravel/Firebase/FirebaseProjectManager->project()
#7 D:/Website-monitoring/vendor/laravel/framework/src/Illuminate/Container/Container.php(1140): Kreait/Laravel/Firebase/ServiceProvider::{closure:Kreait/Laravel/Firebase/ServiceProvider::registerComponents():38}(Object(Illuminate/Foundation/Application), Array)
#8 D:/Website-monitoring/vendor/laravel/framework/src/Illuminate/Container/Container.php(939): Illuminate/Container/Container->build(Object(Closure))
#9 D:/Website-monitoring/vendor/laravel/framework/src/Illuminate/Foundation/Application.php(1085): Illuminate/Container/Container->resolve('Kreait//Firebase...', Array, true)
#10 D:/Website-monitoring/vendor/laravel/framework/src/Illuminate/Container/Container.php(867): Illuminate/Foundation/Application->resolve('Kreait//Firebase...', Array)
#11 D:/Website-monitoring/vendor/laravel/framework/src/Illuminate/Foundation/Application.php(1065): Illuminate/Container/Container->make('Kreait//Firebase...', Array)
#12 D:/Website-monitoring/vendor/laravel/framework/src/Illuminate/Container/Container.php(1363): Illuminate/Foundation/Application->make('Kreait//Firebase...')
#13 D:/Website-monitoring/vendor/laravel/framework/src/Illuminate/Container/Container.php(1264): Illuminate/Container/Container->resolveClass(Object(ReflectionParameter), 'Kreait//Firebase...')
#14 D:/Website-monitoring/vendor/laravel/framework/src/Illuminate/Container/Container.php(1187): Illuminate/Container/Container->resolveDependencies(Array)
#15 D:/Website-monitoring/vendor/laravel/framework/src/Illuminate/Container/Container.php(939): Illuminate/Container/Container->build('App//Http//Middle...')
#16 D:/Website-monitoring/vendor/laravel/framework/src/Illuminate/Foundation/Application.php(1085): Illuminate/Container/Container->resolve('App//Http//Middle...', Array, true)
#17 D:/Website-monitoring/vendor/laravel/framework/src/Illuminate/Container/Container.php(867): Illuminate/Foundation/Application->resolve('App//Http//Middle...', Array)
#18 D:/Website-monitoring/vendor/laravel/framework/src/Illuminate/Foundation/Application.php(1065): Illuminate/Container/Container->make('App//Http//Middle...', Array)
#19 D:/Website-monitoring/vendor/laravel/framework/src/Illuminate/Foundation/Http/Kernel.php(257): Illuminate/Foundation/Application->make('App//Http//Middle...')
#20 D:/Website-monitoring/vendor/laravel/framework/src/Illuminate/Foundation/Http/Kernel.php(215): Illuminate/Foundation/Http/Kernel->terminateMiddleware(Object(Illuminate/Http/Request), Object(Illuminate/Http/JsonResponse))
#21 D:/Website-monitoring/vendor/laravel/framework/src/Illuminate/Foundation/Application.php(1229): Illuminate/Foundation/Http/Kernel->terminate(Object(Illuminate/Http/Request), Object(Illuminate/Http/JsonResponse))
#22 D:/Website-monitoring/public/index.php(20): Illuminate/Foundation/Application->handleRequest(Object(Illuminate/Http/Request))
#23 D:/Website-monitoring/vendor/laravel/framework/src/Illuminate/Foundation/resources/server.php(23): require_once('D://Website-moni...')
#24 {main}
"} 
[2026-09-14 02:30:33] local.ERROR: Uncaught ErrorException: Cannot modify header information - headers already sent by (output started at D:\Website-monitoring\vendor\symfony\http-foundation\Response.php:393) in D:\Website-monitoring\vendor\symfony\http-foundation\Response.php:328
Stack trace:
#0 D:\Website-monitoring\vendor\laravel\framework\src\Illuminate\Foundation\Bootstrap\HandleExceptions.php(265): Illuminate\Foundation\Bootstrap\HandleExceptions->handleError(2, 'Cannot modify h...', 'D:\\Website-moni...', 328)
#1 [internal function]: Illuminate\Foundation\Bootstrap\HandleExceptions->{closure:Illuminate\Foundation\Bootstrap\HandleExceptions::forwardsTo():264}(2, 'Cannot modify h...', 'D:\\Website-moni...', 328)
#2 D:\Website-monitoring\vendor\symfony\http-foundation\Response.php(328): header('HTTP/1.0 500 In...', true, 500)
#3 D:\Website-monitoring\vendor\symfony\http-foundation\Response.php(407): Symfony\Component\HttpFoundation\Response->sendHeaders()
#4 D:\Website-monitoring\vendor\laravel\framework\src\Illuminate\Foundation\Bootstrap\HandleExceptions.php(228): Symfony\Component\HttpFoundation\Response->send()
#5 D:\Website-monitoring\vendor\laravel\framework\src\Illuminate\Foundation\Bootstrap\HandleExceptions.php(205): Illuminate\Foundation\Bootstrap\HandleExceptions->renderHttpResponse(Object(Kreait\Firebase\Exception\InvalidArgumentException))
#6 D:\Website-monitoring\vendor\laravel\framework\src\Illuminate\Foundation\Bootstrap\HandleExceptions.php(265): Illuminate\Foundation\Bootstrap\HandleExceptions->handleException(Object(Kreait\Firebase\Exception\InvalidArgumentException))
#7 [internal function]: Illuminate\Foundation\Bootstrap\HandleExceptions->{closure:Illuminate\Foundation\Bootstrap\HandleExceptions::forwardsTo():264}(Object(Kreait\Firebase\Exception\InvalidArgumentException))
#8 {main}
  thrown {"exception":"[object] (Symfony\\Component\\ErrorHandler\\Error\\FatalError(code: 0): Uncaught ErrorException: Cannot modify header information - headers already sent by (output started at D:\\Website-monitoring\\vendor\\symfony\\http-foundation\\Response.php:393) in D:\\Website-monitoring\\vendor\\symfony\\http-foundation\\Response.php:328
Stack trace:
#0 D:\\Website-monitoring\\vendor\\laravel\\framework\\src\\Illuminate\\Foundation\\Bootstrap\\HandleExceptions.php(265): Illuminate\\Foundation\\Bootstrap\\HandleExceptions->handleError(2, 'Cannot modify h...', 'D:\\\\Website-moni...', 328)
#1 [internal function]: Illuminate\\Foundation\\Bootstrap\\HandleExceptions->{closure:Illuminate\\Foundation\\Bootstrap\\HandleExceptions::forwardsTo():264}(2, 'Cannot modify h...', 'D:\\\\Website-moni...', 328)
#2 D:\\Website-monitoring\\vendor\\symfony\\http-foundation\\Response.php(328): header('HTTP/1.0 500 In...', true, 500)
#3 D:\\Website-monitoring\\vendor\\symfony\\http-foundation\\Response.php(407): Symfony\\Component\\HttpFoundation\\Response->sendHeaders()
#4 D:\\Website-monitoring\\vendor\\laravel\\framework\\src\\Illuminate\\Foundation\\Bootstrap\\HandleExceptions.php(228): Symfony\\Component\\HttpFoundation\\Response->send()
#5 D:\\Website-monitoring\\vendor\\laravel\\framework\\src\\Illuminate\\Foundation\\Bootstrap\\HandleExceptions.php(205): Illuminate\\Foundation\\Bootstrap\\HandleExceptions->renderHttpResponse(Object(Kreait\\Firebase\\Exception\\InvalidArgumentException))
#6 D:\\Website-monitoring\\vendor\\laravel\\framework\\src\\Illuminate\\Foundation\\Bootstrap\\HandleExceptions.php(265): Illuminate\\Foundation\\Bootstrap\\HandleExceptions->handleException(Object(Kreait\\Firebase\\Exception\\InvalidArgumentException))
#7 [internal function]: Illuminate\\Foundation\\Bootstrap\\HandleExceptions->{closure:Illuminate\\Foundation\\Bootstrap\\HandleExceptions::forwardsTo():264}(Object(Kreait\\Firebase\\Exception\\InvalidArgumentException))
#8 {main}
  thrown at D:/Website-monitoring/vendor/symfony/http-foundation/Response.php:328)
[stacktrace]
#0 {main}
"} 
[2026-09-14 02:30:58] local.ERROR: SplFileObject::__construct(D:\Website-monitoring\storage/app/firebase/service-account.json): Failed to open stream: No such file or directory {"exception":"[object] (Kreait\\Firebase\\Exception\\InvalidArgumentException(code: 0): SplFileObject::__construct(D:\\Website-monitoring\\storage/app/firebase/service-account.json): Failed to open stream: No such file or directory at D:/Website-monitoring/vendor/kreait/firebase-php/src/Valinor/Source.php:57)
[stacktrace]
#0 D:/Website-monitoring/vendor/kreait/firebase-php/src/Valinor/Source.php(40): Kreait/Firebase/Valinor/Source::file('D://Website-moni...')
#1 D:/Website-monitoring/vendor/kreait/firebase-php/src/Factory.php(666): Kreait/Firebase/Valinor/Source::parse('D://Website-moni...')
#2 D:/Website-monitoring/vendor/kreait/firebase-php/src/Factory.php(146): Kreait/Firebase/Factory->mapServiceAccount('D://Website-moni...')
#3 D:/Website-monitoring/vendor/kreait/laravel-firebase/src/FirebaseProjectManager.php(75): Kreait/Firebase/Factory->withServiceAccount(Object(SensitiveParameterValue))
#4 D:/Website-monitoring/vendor/kreait/laravel-firebase/src/FirebaseProjectManager.php(35): Kreait/Laravel/Firebase/FirebaseProjectManager->configure('app')
#5 D:/Website-monitoring/vendor/kreait/laravel-firebase/src/ServiceProvider.php(38): Kreait/Laravel/Firebase/FirebaseProjectManager->project()
#6 D:/Website-monitoring/vendor/laravel/framework/src/Illuminate/Container/Container.php(1140): Kreait/Laravel/Firebase/ServiceProvider::{closure:Kreait/Laravel/Firebase/ServiceProvider::registerComponents():38}(Object(Illuminate/Foundation/Application), Array)
#7 D:/Website-monitoring/vendor/laravel/framework/src/Illuminate/Container/Container.php(939): Illuminate/Container/Container->build(Object(Closure))
#8 D:/Website-monitoring/vendor/laravel/framework/src/Illuminate/Foundation/Application.php(1085): Illuminate/Container/Container->resolve('Kreait//Firebase...', Array, true)
#9 D:/Website-monitoring/vendor/laravel/framework/src/Illuminate/Container/Container.php(867): Illuminate/Foundation/Application->resolve('Kreait//Firebase...', Array)
#10 D:/Website-monitoring/vendor/laravel/framework/src/Illuminate/Foundation/Application.php(1065): Illuminate/Container/Container->make('Kreait//Firebase...', Array)
#11 D:/Website-monitoring/vendor/laravel/framework/src/Illuminate/Container/Container.php(1363): Illuminate/Foundation/Application->make('Kreait//Firebase...')
#12 D:/Website-monitoring/vendor/laravel/framework/src/Illuminate/Container/Container.php(1264): Illuminate/Container/Container->resolveClass(Object(ReflectionParameter), 'Kreait//Firebase...')
#13 D:/Website-monitoring/vendor/laravel/framework/src/Illuminate/Container/Container.php(1187): Illuminate/Container/Container->resolveDependencies(Array)
#14 D:/Website-monitoring/vendor/laravel/framework/src/Illuminate/Container/Container.php(939): Illuminate/Container/Container->build('App//Http//Contro...')
#15 D:/Website-monitoring/vendor/laravel/framework/src/Illuminate/Foundation/Application.php(1085): Illuminate/Container/Container->resolve('App//Http//Contro...', Array, true)
#16 D:/Website-monitoring/vendor/laravel/framework/src/Illuminate/Container/Container.php(867): Illuminate/Foundation/Application->resolve('App//Http//Contro...', Array)
#17 D:/Website-monitoring/vendor/laravel/framework/src/Illuminate/Foundation/Application.php(1065): Illuminate/Container/Container->make('App//Http//Contro...', Array)
#18 D:/Website-monitoring/vendor/laravel/framework/src/Illuminate/Routing/Route.php(297): Illuminate/Foundation/Application->make('App//Http//Contro...')
#19 D:/Website-monitoring/vendor/laravel/framework/src/Illuminate/Routing/Route.php(277): Illuminate/Routing/Route->getController()
#20 D:/Website-monitoring/vendor/laravel/framework/src/Illuminate/Routing/Route.php(216): Illuminate/Routing/Route->runController()
#21 D:/Website-monitoring/vendor/laravel/framework/src/Illuminate/Routing/Router.php(822): Illuminate/Routing/Route->run()
#22 D:/Website-monitoring/vendor/laravel/framework/src/Illuminate/Pipeline/Pipeline.php(180): Illuminate/Routing/Router->{closure:Illuminate/Routing/Router::runRouteWithinStack():821}(Object(Illuminate/Http/Request))
#23 D:/Website-monitoring/vendor/laravel/framework/src/Illuminate/Routing/Middleware/SubstituteBindings.php(52): Illuminate/Pipeline/Pipeline->{closure:Illuminate/Pipeline/Pipeline::prepareDestination():178}(Object(Illuminate/Http/Request))
#24 D:/Website-monitoring/vendor/laravel/framework/src/Illuminate/Pipeline/Pipeline.php(219): Illuminate/Routing/Middleware/SubstituteBindings->handle(Object(Illuminate/Http/Request), Object(Closure))
#25 D:/Website-monitoring/vendor/laravel/framework/src/Illuminate/Routing/Middleware/ThrottleRequests.php(168): Illuminate/Pipeline/Pipeline->{closure:{closure:Illuminate/Pipeline/Pipeline::carry():194}:195}(Object(Illuminate/Http/Request))
#26 D:/Website-monitoring/vendor/laravel/framework/src/Illuminate/Routing/Middleware/ThrottleRequests.php(129): Illuminate/Routing/Middleware/ThrottleRequests->handleRequest(Object(Illuminate/Http/Request), Object(Closure), Array)
#27 D:/Website-monitoring/vendor/laravel/framework/src/Illuminate/Routing/Middleware/ThrottleRequests.php(90): Illuminate/Routing/Middleware/ThrottleRequests->handleRequestUsingNamedLimiter(Object(Illuminate/Http/Request), Object(Closure), 'register', Object(Closure))
#28 D:/Website-monitoring/vendor/laravel/framework/src/Illuminate/Pipeline/Pipeline.php(219): Illuminate/Routing/Middleware/ThrottleRequests->handle(Object(Illuminate/Http/Request), Object(Closure), 'register')
#29 D:/Website-monitoring/vendor/laravel/framework/src/Illuminate/Pipeline/Pipeline.php(137): Illuminate/Pipeline/Pipeline->{closure:{closure:Illuminate/Pipeline/Pipeline::carry():194}:195}(Object(Illuminate/Http/Request))
#30 D:/Website-monitoring/vendor/laravel/framework/src/Illuminate/Routing/Router.php(821): Illuminate/Pipeline/Pipeline->then(Object(Closure))
#31 D:/Website-monitoring/vendor/laravel/framework/src/Illuminate/Routing/Router.php(800): Illuminate/Routing/Router->runRouteWithinStack(Object(Illuminate/Routing/Route), Object(Illuminate/Http/Request))
#32 D:/Website-monitoring/vendor/laravel/framework/src/Illuminate/Routing/Router.php(764): Illuminate/Routing/Router->runRoute(Object(Illuminate/Http/Request), Object(Illuminate/Routing/Route))
#33 D:/Website-monitoring/vendor/laravel/framework/src/Illuminate/Routing/Router.php(753): Illuminate/Routing/Router->dispatchToRoute(Object(Illuminate/Http/Request))
#34 D:/Website-monitoring/vendor/laravel/framework/src/Illuminate/Foundation/Http/Kernel.php(200): Illuminate/Routing/Router->dispatch(Object(Illuminate/Http/Request))
#35 D:/Website-monitoring/vendor/laravel/framework/src/Illuminate/Pipeline/Pipeline.php(180): Illuminate/Foundation/Http/Kernel->{closure:Illuminate/Foundation/Http/Kernel::dispatchToRouter():197}(Object(Illuminate/Http/Request))
#36 D:/Website-monitoring/app/Http/Middleware/SecurityHeaders.php(14): Illuminate/Pipeline/Pipeline->{closure:Illuminate/Pipeline/Pipeline::prepareDestination():178}(Object(Illuminate/Http/Request))
#37 D:/Website-monitoring/vendor/laravel/framework/src/Illuminate/Pipeline/Pipeline.php(219): App/Http/Middleware/SecurityHeaders->handle(Object(Illuminate/Http/Request), Object(Closure))
#38 D:/Website-monitoring/vendor/laravel/framework/src/Illuminate/Foundation/Http/Middleware/TransformsRequest.php(21): Illuminate/Pipeline/Pipeline->{closure:{closure:Illuminate/Pipeline/Pipeline::carry():194}:195}(Object(Illuminate/Http/Request))
#39 D:/Website-monitoring/vendor/laravel/framework/src/Illuminate/Foundation/Http/Middleware/ConvertEmptyStringsToNull.php(31): Illuminate/Foundation/Http/Middleware/TransformsRequest->handle(Object(Illuminate/Http/Request), Object(Closure))
#40 D:/Website-monitoring/vendor/laravel/framework/src/Illuminate/Pipeline/Pipeline.php(219): Illuminate/Foundation/Http/Middleware/ConvertEmptyStringsToNull->handle(Object(Illuminate/Http/Request), Object(Closure))
#41 D:/Website-monitoring/vendor/laravel/framework/src/Illuminate/Foundation/Http/Middleware/TransformsRequest.php(21): Illuminate/Pipeline/Pipeline->{closure:{closure:Illuminate/Pipeline/Pipeline::carry():194}:195}(Object(Illuminate/Http/Request))
#42 D:/Website-monitoring/vendor/laravel/framework/src/Illuminate/Foundation/Http/Middleware/TrimStrings.php(51): Illuminate/Foundation/Http/Middleware/TransformsRequest->handle(Object(Illuminate/Http/Request), Object(Closure))
#43 D:/Website-monitoring/vendor/laravel/framework/src/Illuminate/Pipeline/Pipeline.php(219): Illuminate/Foundation/Http/Middleware/TrimStrings->handle(Object(Illuminate/Http/Request), Object(Closure))
#44 D:/Website-monitoring/vendor/laravel/framework/src/Illuminate/Http/Middleware/ValidatePostSize.php(27): Illuminate/Pipeline/Pipeline->{closure:{closure:Illuminate/Pipeline/Pipeline::carry():194}:195}(Object(Illuminate/Http/Request))
#45 D:/Website-monitoring/vendor/laravel/framework/src/Illuminate/Pipeline/Pipeline.php(219): Illuminate/Http/Middleware/ValidatePostSize->handle(Object(Illuminate/Http/Request), Object(Closure))
#46 D:/Website-monitoring/vendor/laravel/framework/src/Illuminate/Foundation/Http/Middleware/PreventRequestsDuringMaintenance.php(110): Illuminate/Pipeline/Pipeline->{closure:{closure:Illuminate/Pipeline/Pipeline::carry():194}:195}(Object(Illuminate/Http/Request))
#47 D:/Website-monitoring/vendor/laravel/framework/src/Illuminate/Pipeline/Pipeline.php(219): Illuminate/Foundation/Http/Middleware/PreventRequestsDuringMaintenance->handle(Object(Illuminate/Http/Request), Object(Closure))
#48 D:/Website-monitoring/vendor/laravel/framework/src/Illuminate/Http/Middleware/HandleCors.php(74): Illuminate/Pipeline/Pipeline->{closure:{closure:Illuminate/Pipeline/Pipeline::carry():194}:195}(Object(Illuminate/Http/Request))
#49 D:/Website-monitoring/vendor/laravel/framework/src/Illuminate/Pipeline/Pipeline.php(219): Illuminate/Http/Middleware/HandleCors->handle(Object(Illuminate/Http/Request), Object(Closure))
#50 D:/Website-monitoring/vendor/laravel/framework/src/Illuminate/Http/Middleware/TrustProxies.php(58): Illuminate/Pipeline/Pipeline->{closure:{closure:Illuminate/Pipeline/Pipeline::carry():194}:195}(Object(Illuminate/Http/Request))
#51 D:/Website-monitoring/vendor/laravel/framework/src/Illuminate/Pipeline/Pipeline.php(219): Illuminate/Http/Middleware/TrustProxies->handle(Object(Illuminate/Http/Request), Object(Closure))
#52 D:/Website-monitoring/vendor/laravel/framework/src/Illuminate/Foundation/Http/Middleware/InvokeDeferredCallbacks.php(22): Illuminate/Pipeline/Pipeline->{closure:{closure:Illuminate/Pipeline/Pipeline::carry():194}:195}(Object(Illuminate/Http/Request))
#53 D:/Website-monitoring/vendor/laravel/framework/src/Illuminate/Pipeline/Pipeline.php(219): Illuminate/Foundation/Http/Middleware/InvokeDeferredCallbacks->handle(Object(Illuminate/Http/Request), Object(Closure))
#54 D:/Website-monitoring/vendor/laravel/framework/src/Illuminate/Http/Middleware/ValidatePathEncoding.php(28): Illuminate/Pipeline/Pipeline->{closure:{closure:Illuminate/Pipeline/Pipeline::carry():194}:195}(Object(Illuminate/Http/Request))
#55 D:/Website-monitoring/vendor/laravel/framework/src/Illuminate/Pipeline/Pipeline.php(219): Illuminate/Http/Middleware/ValidatePathEncoding->handle(Object(Illuminate/Http/Request), Object(Closure))
#56 D:/Website-monitoring/vendor/laravel/framework/src/Illuminate/Pipeline/Pipeline.php(137): Illuminate/Pipeline/Pipeline->{closure:{closure:Illuminate/Pipeline/Pipeline::carry():194}:195}(Object(Illuminate/Http/Request))
#57 D:/Website-monitoring/vendor/laravel/framework/src/Illuminate/Foundation/Http/Kernel.php(175): Illuminate/Pipeline/Pipeline->then(Object(Closure))
#58 D:/Website-monitoring/vendor/laravel/framework/src/Illuminate/Foundation/Http/Kernel.php(144): Illuminate/Foundation/Http/Kernel->sendRequestThroughRouter(Object(Illuminate/Http/Request))
#59 D:/Website-monitoring/vendor/laravel/framework/src/Illuminate/Foundation/Application.php(1227): Illuminate/Foundation/Http/Kernel->handle(Object(Illuminate/Http/Request))
#60 D:/Website-monitoring/public/index.php(20): Illuminate/Foundation/Application->handleRequest(Object(Illuminate/Http/Request))
#61 D:/Website-monitoring/vendor/laravel/framework/src/Illuminate/Foundation/resources/server.php(23): require_once('D://Website-moni...')
#62 {main}

[previous exception] [object] (RuntimeException(code: 0): SplFileObject::__construct(D:\\Website-monitoring\\storage/app/firebase/service-account.json): Failed to open stream: No such file or directory at D:/Website-monitoring/vendor/kreait/firebase-php/src/Valinor/Source.php:55)
[stacktrace]
#0 D:/Website-monitoring/vendor/kreait/firebase-php/src/Valinor/Source.php(55): SplFileObject->__construct('D://Website-moni...')
#1 D:/Website-monitoring/vendor/kreait/firebase-php/src/Valinor/Source.php(40): Kreait/Firebase/Valinor/Source::file('D://Website-moni...')
#2 D:/Website-monitoring/vendor/kreait/firebase-php/src/Factory.php(666): Kreait/Firebase/Valinor/Source::parse('D://Website-moni...')
#3 D:/Website-monitoring/vendor/kreait/firebase-php/src/Factory.php(146): Kreait/Firebase/Factory->mapServiceAccount('D://Website-moni...')
#4 D:/Website-monitoring/vendor/kreait/laravel-firebase/src/FirebaseProjectManager.php(75): Kreait/Firebase/Factory->withServiceAccount(Object(SensitiveParameterValue))
#5 D:/Website-monitoring/vendor/kreait/laravel-firebase/src/FirebaseProjectManager.php(35): Kreait/Laravel/Firebase/FirebaseProjectManager->configure('app')
#6 D:/Website-monitoring/vendor/kreait/laravel-firebase/src/ServiceProvider.php(38): Kreait/Laravel/Firebase/FirebaseProjectManager->project()
#7 D:/Website-monitoring/vendor/laravel/framework/src/Illuminate/Container/Container.php(1140): Kreait/Laravel/Firebase/ServiceProvider::{closure:Kreait/Laravel/Firebase/ServiceProvider::registerComponents():38}(Object(Illuminate/Foundation/Application), Array)
#8 D:/Website-monitoring/vendor/laravel/framework/src/Illuminate/Container/Container.php(939): Illuminate/Container/Container->build(Object(Closure))
#9 D:/Website-monitoring/vendor/laravel/framework/src/Illuminate/Foundation/Application.php(1085): Illuminate/Container/Container->resolve('Kreait//Firebase...', Array, true)
#10 D:/Website-monitoring/vendor/laravel/framework/src/Illuminate/Container/Container.php(867): Illuminate/Foundation/Application->resolve('Kreait//Firebase...', Array)
#11 D:/Website-monitoring/vendor/laravel/framework/src/Illuminate/Foundation/Application.php(1065): Illuminate/Container/Container->make('Kreait//Firebase...', Array)
#12 D:/Website-monitoring/vendor/laravel/framework/src/Illuminate/Container/Container.php(1363): Illuminate/Foundation/Application->make('Kreait//Firebase...')
#13 D:/Website-monitoring/vendor/laravel/framework/src/Illuminate/Container/Container.php(1264): Illuminate/Container/Container->resolveClass(Object(ReflectionParameter), 'Kreait//Firebase...')
#14 D:/Website-monitoring/vendor/laravel/framework/src/Illuminate/Container/Container.php(1187): Illuminate/Container/Container->resolveDependencies(Array)
#15 D:/Website-monitoring/vendor/laravel/framework/src/Illuminate/Container/Container.php(939): Illuminate/Container/Container->build('App//Http//Contro...')
#16 D:/Website-monitoring/vendor/laravel/framework/src/Illuminate/Foundation/Application.php(1085): Illuminate/Container/Container->resolve('App//Http//Contro...', Array, true)
#17 D:/Website-monitoring/vendor/laravel/framework/src/Illuminate/Container/Container.php(867): Illuminate/Foundation/Application->resolve('App//Http//Contro...', Array)
#18 D:/Website-monitoring/vendor/laravel/framework/src/Illuminate/Foundation/Application.php(1065): Illuminate/Container/Container->make('App//Http//Contro...', Array)
#19 D:/Website-monitoring/vendor/laravel/framework/src/Illuminate/Routing/Route.php(297): Illuminate/Foundation/Application->make('App//Http//Contro...')
#20 D:/Website-monitoring/vendor/laravel/framework/src/Illuminate/Routing/Route.php(277): Illuminate/Routing/Route->getController()
#21 D:/Website-monitoring/vendor/laravel/framework/src/Illuminate/Routing/Route.php(216): Illuminate/Routing/Route->runController()
#22 D:/Website-monitoring/vendor/laravel/framework/src/Illuminate/Routing/Router.php(822): Illuminate/Routing/Route->run()
#23 D:/Website-monitoring/vendor/laravel/framework/src/Illuminate/Pipeline/Pipeline.php(180): Illuminate/Routing/Router->{closure:Illuminate/Routing/Router::runRouteWithinStack():821}(Object(Illuminate/Http/Request))
#24 D:/Website-monitoring/vendor/laravel/framework/src/Illuminate/Routing/Middleware/SubstituteBindings.php(52): Illuminate/Pipeline/Pipeline->{closure:Illuminate/Pipeline/Pipeline::prepareDestination():178}(Object(Illuminate/Http/Request))
#25 D:/Website-monitoring/vendor/laravel/framework/src/Illuminate/Pipeline/Pipeline.php(219): Illuminate/Routing/Middleware/SubstituteBindings->handle(Object(Illuminate/Http/Request), Object(Closure))
#26 D:/Website-monitoring/vendor/laravel/framework/src/Illuminate/Routing/Middleware/ThrottleRequests.php(168): Illuminate/Pipeline/Pipeline->{closure:{closure:Illuminate/Pipeline/Pipeline::carry():194}:195}(Object(Illuminate/Http/Request))
#27 D:/Website-monitoring/vendor/laravel/framework/src/Illuminate/Routing/Middleware/ThrottleRequests.php(129): Illuminate/Routing/Middleware/ThrottleRequests->handleRequest(Object(Illuminate/Http/Request), Object(Closure), Array)
#28 D:/Website-monitoring/vendor/laravel/framework/src/Illuminate/Routing/Middleware/ThrottleRequests.php(90): Illuminate/Routing/Middleware/ThrottleRequests->handleRequestUsingNamedLimiter(Object(Illuminate/Http/Request), Object(Closure), 'register', Object(Closure))
#29 D:/Website-monitoring/vendor/laravel/framework/src/Illuminate/Pipeline/Pipeline.php(219): Illuminate/Routing/Middleware/ThrottleRequests->handle(Object(Illuminate/Http/Request), Object(Closure), 'register')
#30 D:/Website-monitoring/vendor/laravel/framework/src/Illuminate/Pipeline/Pipeline.php(137): Illuminate/Pipeline/Pipeline->{closure:{closure:Illuminate/Pipeline/Pipeline::carry():194}:195}(Object(Illuminate/Http/Request))
#31 D:/Website-monitoring/vendor/laravel/framework/src/Illuminate/Routing/Router.php(821): Illuminate/Pipeline/Pipeline->then(Object(Closure))
#32 D:/Website-monitoring/vendor/laravel/framework/src/Illuminate/Routing/Router.php(800): Illuminate/Routing/Router->runRouteWithinStack(Object(Illuminate/Routing/Route), Object(Illuminate/Http/Request))
#33 D:/Website-monitoring/vendor/laravel/framework/src/Illuminate/Routing/Router.php(764): Illuminate/Routing/Router->runRoute(Object(Illuminate/Http/Request), Object(Illuminate/Routing/Route))
#34 D:/Website-monitoring/vendor/laravel/framework/src/Illuminate/Routing/Router.php(753): Illuminate/Routing/Router->dispatchToRoute(Object(Illuminate/Http/Request))
#35 D:/Website-monitoring/vendor/laravel/framework/src/Illuminate/Foundation/Http/Kernel.php(200): Illuminate/Routing/Router->dispatch(Object(Illuminate/Http/Request))
#36 D:/Website-monitoring/vendor/laravel/framework/src/Illuminate/Pipeline/Pipeline.php(180): Illuminate/Foundation/Http/Kernel->{closure:Illuminate/Foundation/Http/Kernel::dispatchToRouter():197}(Object(Illuminate/Http/Request))
#37 D:/Website-monitoring/app/Http/Middleware/SecurityHeaders.php(14): Illuminate/Pipeline/Pipeline->{closure:Illuminate/Pipeline/Pipeline::prepareDestination():178}(Object(Illuminate/Http/Request))
#38 D:/Website-monitoring/vendor/laravel/framework/src/Illuminate/Pipeline/Pipeline.php(219): App/Http/Middleware/SecurityHeaders->handle(Object(Illuminate/Http/Request), Object(Closure))
#39 D:/Website-monitoring/vendor/laravel/framework/src/Illuminate/Foundation/Http/Middleware/TransformsRequest.php(21): Illuminate/Pipeline/Pipeline->{closure:{closure:Illuminate/Pipeline/Pipeline::carry():194}:195}(Object(Illuminate/Http/Request))
#40 D:/Website-monitoring/vendor/laravel/framework/src/Illuminate/Foundation/Http/Middleware/ConvertEmptyStringsToNull.php(31): Illuminate/Foundation/Http/Middleware/TransformsRequest->handle(Object(Illuminate/Http/Request), Object(Closure))
#41 D:/Website-monitoring/vendor/laravel/framework/src/Illuminate/Pipeline/Pipeline.php(219): Illuminate/Foundation/Http/Middleware/ConvertEmptyStringsToNull->handle(Object(Illuminate/Http/Request), Object(Closure))
#42 D:/Website-monitoring/vendor/laravel/framework/src/Illuminate/Foundation/Http/Middleware/TransformsRequest.php(21): Illuminate/Pipeline/Pipeline->{closure:{closure:Illuminate/Pipeline/Pipeline::carry():194}:195}(Object(Illuminate/Http/Request))
#43 D:/Website-monitoring/vendor/laravel/framework/src/Illuminate/Foundation/Http/Middleware/TrimStrings.php(51): Illuminate/Foundation/Http/Middleware/TransformsRequest->handle(Object(Illuminate/Http/Request), Object(Closure))
#44 D:/Website-monitoring/vendor/laravel/framework/src/Illuminate/Pipeline/Pipeline.php(219): Illuminate/Foundation/Http/Middleware/TrimStrings->handle(Object(Illuminate/Http/Request), Object(Closure))
#45 D:/Website-monitoring/vendor/laravel/framework/src/Illuminate/Http/Middleware/ValidatePostSize.php(27): Illuminate/Pipeline/Pipeline->{closure:{closure:Illuminate/Pipeline/Pipeline::carry():194}:195}(Object(Illuminate/Http/Request))
#46 D:/Website-monitoring/vendor/laravel/framework/src/Illuminate/Pipeline/Pipeline.php(219): Illuminate/Http/Middleware/ValidatePostSize->handle(Object(Illuminate/Http/Request), Object(Closure))
#47 D:/Website-monitoring/vendor/laravel/framework/src/Illuminate/Foundation/Http/Middleware/PreventRequestsDuringMaintenance.php(110): Illuminate/Pipeline/Pipeline->{closure:{closure:Illuminate/Pipeline/Pipeline::carry():194}:195}(Object(Illuminate/Http/Request))
#48 D:/Website-monitoring/vendor/laravel/framework/src/Illuminate/Pipeline/Pipeline.php(219): Illuminate/Foundation/Http/Middleware/PreventRequestsDuringMaintenance->handle(Object(Illuminate/Http/Request), Object(Closure))
#49 D:/Website-monitoring/vendor/laravel/framework/src/Illuminate/Http/Middleware/HandleCors.php(74): Illuminate/Pipeline/Pipeline->{closure:{closure:Illuminate/Pipeline/Pipeline::carry():194}:195}(Object(Illuminate/Http/Request))
#50 D:/Website-monitoring/vendor/laravel/framework/src/Illuminate/Pipeline/Pipeline.php(219): Illuminate/Http/Middleware/HandleCors->handle(Object(Illuminate/Http/Request), Object(Closure))
#51 D:/Website-monitoring/vendor/laravel/framework/src/Illuminate/Http/Middleware/TrustProxies.php(58): Illuminate/Pipeline/Pipeline->{closure:{closure:Illuminate/Pipeline/Pipeline::carry():194}:195}(Object(Illuminate/Http/Request))
#52 D:/Website-monitoring/vendor/laravel/framework/src/Illuminate/Pipeline/Pipeline.php(219): Illuminate/Http/Middleware/TrustProxies->handle(Object(Illuminate/Http/Request), Object(Closure))
#53 D:/Website-monitoring/vendor/laravel/framework/src/Illuminate/Foundation/Http/Middleware/InvokeDeferredCallbacks.php(22): Illuminate/Pipeline/Pipeline->{closure:{closure:Illuminate/Pipeline/Pipeline::carry():194}:195}(Object(Illuminate/Http/Request))
#54 D:/Website-monitoring/vendor/laravel/framework/src/Illuminate/Pipeline/Pipeline.php(219): Illuminate/Foundation/Http/Middleware/InvokeDeferredCallbacks->handle(Object(Illuminate/Http/Request), Object(Closure))
#55 D:/Website-monitoring/vendor/laravel/framework/src/Illuminate/Http/Middleware/ValidatePathEncoding.php(28): Illuminate/Pipeline/Pipeline->{closure:{closure:Illuminate/Pipeline/Pipeline::carry():194}:195}(Object(Illuminate/Http/Request))
#56 D:/Website-monitoring/vendor/laravel/framework/src/Illuminate/Pipeline/Pipeline.php(219): Illuminate/Http/Middleware/ValidatePathEncoding->handle(Object(Illuminate/Http/Request), Object(Closure))
#57 D:/Website-monitoring/vendor/laravel/framework/src/Illuminate/Pipeline/Pipeline.php(137): Illuminate/Pipeline/Pipeline->{closure:{closure:Illuminate/Pipeline/Pipeline::carry():194}:195}(Object(Illuminate/Http/Request))
#58 D:/Website-monitoring/vendor/laravel/framework/src/Illuminate/Foundation/Http/Kernel.php(175): Illuminate/Pipeline/Pipeline->then(Object(Closure))
#59 D:/Website-monitoring/vendor/laravel/framework/src/Illuminate/Foundation/Http/Kernel.php(144): Illuminate/Foundation/Http/Kernel->sendRequestThroughRouter(Object(Illuminate/Http/Request))
#60 D:/Website-monitoring/vendor/laravel/framework/src/Illuminate/Foundation/Application.php(1227): Illuminate/Foundation/Http/Kernel->handle(Object(Illuminate/Http/Request))
#61 D:/Website-monitoring/public/index.php(20): Illuminate/Foundation/Application->handleRequest(Object(Illuminate/Http/Request))
#62 D:/Website-monitoring/vendor/laravel/framework/src/Illuminate/Foundation/resources/server.php(23): require_once('D://Website-moni...')
#63 {main}
"} 
[2026-09-14 02:44:02] local.ERROR: FirebaseSyncService error: 

The database at

    https://your-project-id-default-rtdb.asia-southeast1.firebasedatabase.app

could not be found. You can find the correct name at

    https://console.firebase.google.com/project/_/database

If you haven't configured the SDK otherwise and if you don't use multiple
Realtime Databases, the name you will find will most likely be

    https://your-project-id-default-rtdb-default-rtdb.asia-southeast1.firebasedatabase.app

The reason for this is that during the lifetime of the Firebase Admin SDK,
Firebase has changed the name of the default database. Previously, the default
database had the same identifier as the project. Since approximately September
2020, Realtime Databases in newly created projects have the '-default-rtdb'
suffix.

For instructions on how to set the name of the used Realtime Database, please
see https://firebase-php.readthedocs.io/latest/#quick-start

  
[2026-09-14 02:44:53] local.ERROR: FirebaseSyncService error: 

The database at

    https://your-project-id-default-rtdb.asia-southeast1.firebasedatabase.app

could not be found. You can find the correct name at

    https://console.firebase.google.com/project/_/database

If you haven't configured the SDK otherwise and if you don't use multiple
Realtime Databases, the name you will find will most likely be

    https://your-project-id-default-rtdb-default-rtdb.asia-southeast1.firebasedatabase.app

The reason for this is that during the lifetime of the Firebase Admin SDK,
Firebase has changed the name of the default database. Previously, the default
database had the same identifier as the project. Since approximately September
2020, Realtime Databases in newly created projects have the '-default-rtdb'
suffix.

For instructions on how to set the name of the used Realtime Database, please
see https://firebase-php.readthedocs.io/latest/#quick-start

  
[2026-09-14 02:45:55] local.ERROR: FirebaseSyncService error: 

The database at

    https://your-project-id-default-rtdb.asia-southeast1.firebasedatabase.app

could not be found. You can find the correct name at

    https://console.firebase.google.com/project/_/database

If you haven't configured the SDK otherwise and if you don't use multiple
Realtime Databases, the name you will find will most likely be

    https://your-project-id-default-rtdb-default-rtdb.asia-southeast1.firebasedatabase.app

The reason for this is that during the lifetime of the Firebase Admin SDK,
Firebase has changed the name of the default database. Previously, the default
database had the same identifier as the project. Since approximately September
2020, Realtime Databases in newly created projects have the '-default-rtdb'
suffix.

For instructions on how to set the name of the used Realtime Database, please
see https://firebase-php.readthedocs.io/latest/#quick-start

  
[2026-09-14 02:46:04] local.ERROR: FirebaseSyncService error: 

The database at

    https://your-project-id-default-rtdb.asia-southeast1.firebasedatabase.app

could not be found. You can find the correct name at

    https://console.firebase.google.com/project/_/database

If you haven't configured the SDK otherwise and if you don't use multiple
Realtime Databases, the name you will find will most likely be

    https://your-project-id-default-rtdb-default-rtdb.asia-southeast1.firebasedatabase.app

The reason for this is that during the lifetime of the Firebase Admin SDK,
Firebase has changed the name of the default database. Previously, the default
database had the same identifier as the project. Since approximately September
2020, Realtime Databases in newly created projects have the '-default-rtdb'
suffix.

For instructions on how to set the name of the used Realtime Database, please
see https://firebase-php.readthedocs.io/latest/#quick-start

  
[2026-09-14 02:46:12] local.ERROR: FirebaseSyncService error: 

The database at

    https://your-project-id-default-rtdb.asia-southeast1.firebasedatabase.app

could not be found. You can find the correct name at

    https://console.firebase.google.com/project/_/database

If you haven't configured the SDK otherwise and if you don't use multiple
Realtime Databases, the name you will find will most likely be

    https://your-project-id-default-rtdb-default-rtdb.asia-southeast1.firebasedatabase.app

The reason for this is that during the lifetime of the Firebase Admin SDK,
Firebase has changed the name of the default database. Previously, the default
database had the same identifier as the project. Since approximately September
2020, Realtime Databases in newly created projects have the '-default-rtdb'
suffix.

For instructions on how to set the name of the used Realtime Database, please
see https://firebase-php.readthedocs.io/latest/#quick-start

  
[2026-09-14 02:46:25] local.ERROR: FirebaseSyncService error: 

The database at

    https://your-project-id-default-rtdb.asia-southeast1.firebasedatabase.app

could not be found. You can find the correct name at

    https://console.firebase.google.com/project/_/database

If you haven't configured the SDK otherwise and if you don't use multiple
Realtime Databases, the name you will find will most likely be

    https://your-project-id-default-rtdb-default-rtdb.asia-southeast1.firebasedatabase.app

The reason for this is that during the lifetime of the Firebase Admin SDK,
Firebase has changed the name of the default database. Previously, the default
database had the same identifier as the project. Since approximately September
2020, Realtime Databases in newly created projects have the '-default-rtdb'
suffix.

For instructions on how to set the name of the used Realtime Database, please
see https://firebase-php.readthedocs.io/latest/#quick-start

  
[2026-09-14 02:46:37] local.ERROR: FirebaseSyncService error: 

The database at

    https://your-project-id-default-rtdb.asia-southeast1.firebasedatabase.app

could not be found. You can find the correct name at

    https://console.firebase.google.com/project/_/database

If you haven't configured the SDK otherwise and if you don't use multiple
Realtime Databases, the name you will find will most likely be

    https://your-project-id-default-rtdb-default-rtdb.asia-southeast1.firebasedatabase.app

The reason for this is that during the lifetime of the Firebase Admin SDK,
Firebase has changed the name of the default database. Previously, the default
database had the same identifier as the project. Since approximately September
2020, Realtime Databases in newly created projects have the '-default-rtdb'
suffix.

For instructions on how to set the name of the used Realtime Database, please
see https://firebase-php.readthedocs.io/latest/#quick-start

  
[2026-09-14 02:46:50] local.ERROR: FirebaseSyncService error: 

The database at

    https://your-project-id-default-rtdb.asia-southeast1.firebasedatabase.app

could not be found. You can find the correct name at

    https://console.firebase.google.com/project/_/database

If you haven't configured the SDK otherwise and if you don't use multiple
Realtime Databases, the name you will find will most likely be

    https://your-project-id-default-rtdb-default-rtdb.asia-southeast1.firebasedatabase.app

The reason for this is that during the lifetime of the Firebase Admin SDK,
Firebase has changed the name of the default database. Previously, the default
database had the same identifier as the project. Since approximately September
2020, Realtime Databases in newly created projects have the '-default-rtdb'
suffix.

For instructions on how to set the name of the used Realtime Database, please
see https://firebase-php.readthedocs.io/latest/#quick-start

  
[2026-09-14 02:46:56] local.ERROR: FirebaseSyncService error: 

The database at

    https://your-project-id-default-rtdb.asia-southeast1.firebasedatabase.app

could not be found. You can find the correct name at

    https://console.firebase.google.com/project/_/database

If you haven't configured the SDK otherwise and if you don't use multiple
Realtime Databases, the name you will find will most likely be

    https://your-project-id-default-rtdb-default-rtdb.asia-southeast1.firebasedatabase.app

The reason for this is that during the lifetime of the Firebase Admin SDK,
Firebase has changed the name of the default database. Previously, the default
database had the same identifier as the project. Since approximately September
2020, Realtime Databases in newly created projects have the '-default-rtdb'
suffix.

For instructions on how to set the name of the used Realtime Database, please
see https://firebase-php.readthedocs.io/latest/#quick-start

  
[2026-09-14 04:01:25] local.ERROR: There are no commands defined in the "boost" namespace. {"exception":"[object] (Symfony\\Component\\Console\\Exception\\NamespaceNotFoundException(code: 0): There are no commands defined in the \"boost\" namespace. at D:/Website-monitoring/vendor/symfony/console/Application.php:716)
[stacktrace]
#0 D:/Website-monitoring/vendor/symfony/console/Application.php(769): Symfony/Component/Console/Application->findNamespace('boost')
#1 D:/Website-monitoring/vendor/symfony/console/Application.php(321): Symfony/Component/Console/Application->find('boost:install')
#2 D:/Website-monitoring/vendor/symfony/console/Application.php(218): Symfony/Component/Console/Application->doRun(Object(Symfony/Component/Console/Input/ArgvInput), Object(Symfony/Component/Console/Output/ConsoleOutput))
#3 D:/Website-monitoring/vendor/laravel/framework/src/Illuminate/Foundation/Console/Kernel.php(198): Symfony/Component/Console/Application->run(Object(Symfony/Component/Console/Input/ArgvInput), Object(Symfony/Component/Console/Output/ConsoleOutput))
#4 D:/Website-monitoring/vendor/laravel/framework/src/Illuminate/Foundation/Application.php(1242): Illuminate/Foundation/Console/Kernel->handle(Object(Symfony/Component/Console/Input/ArgvInput), Object(Symfony/Component/Console/Output/ConsoleOutput))
#5 D:/Website-monitoring/artisan(16): Illuminate/Foundation/Application->handleCommand(Object(Symfony/Component/Console/Input/ArgvInput))
#6 {main}
"} 
[2026-09-16 04:36:01] local.ERROR: There are no commands defined in the "boost" namespace. {"exception":"[object] (Symfony\\Component\\Console\\Exception\\NamespaceNotFoundException(code: 0): There are no commands defined in the \"boost\" namespace. at E:/Pkl_pemda/Bulan1/Website-monitoring111/vendor/symfony/console/Application.php:716)
[stacktrace]
#0 E:/Pkl_pemda/Bulan1/Website-monitoring111/vendor/symfony/console/Application.php(769): Symfony/Component/Console/Application->findNamespace('boost')
#1 E:/Pkl_pemda/Bulan1/Website-monitoring111/vendor/symfony/console/Application.php(321): Symfony/Component/Console/Application->find('boost:install')
#2 E:/Pkl_pemda/Bulan1/Website-monitoring111/vendor/symfony/console/Application.php(218): Symfony/Component/Console/Application->doRun(Object(Symfony/Component/Console/Input/ArgvInput), Object(Symfony/Component/Console/Output/ConsoleOutput))
#3 E:/Pkl_pemda/Bulan1/Website-monitoring111/vendor/laravel/framework/src/Illuminate/Foundation/Console/Kernel.php(198): Symfony/Component/Console/Application->run(Object(Symfony/Component/Console/Input/ArgvInput), Object(Symfony/Component/Console/Output/ConsoleOutput))
#4 E:/Pkl_pemda/Bulan1/Website-monitoring111/vendor/laravel/framework/src/Illuminate/Foundation/Application.php(1242): Illuminate/Foundation/Console/Kernel->handle(Object(Symfony/Component/Console/Input/ArgvInput), Object(Symfony/Component/Console/Output/ConsoleOutput))
#5 E:/Pkl_pemda/Bulan1/Website-monitoring111/artisan(16): Illuminate/Foundation/Application->handleCommand(Object(Symfony/Component/Console/Input/ArgvInput))
#6 {main}
"} 
[2026-09-16 04:58:10] local.ERROR: Undefined array key "driver" {"exception":"[object] (ErrorException(code: 0): Undefined array key \"driver\" at E:/Pkl_pemda/Bulan1/Website-monitoring111/vendor/laravel/framework/src/Illuminate/Database/DatabaseManager.php:204)
[stacktrace]
#0 E:/Pkl_pemda/Bulan1/Website-monitoring111/vendor/laravel/framework/src/Illuminate/Foundation/Bootstrap/HandleExceptions.php(265): Illuminate/Foundation/Bootstrap/HandleExceptions->handleError(2, 'Undefined array...', 'E://Pkl_pemda//Bu...', 204)
#1 E:/Pkl_pemda/Bulan1/Website-monitoring111/vendor/laravel/framework/src/Illuminate/Database/DatabaseManager.php(204): Illuminate/Foundation/Bootstrap/HandleExceptions->{closure:Illuminate/Foundation/Bootstrap/HandleExceptions::forwardsTo():264}(2, 'Undefined array...', 'E://Pkl_pemda//Bu...', 204)
#2 E:/Pkl_pemda/Bulan1/Website-monitoring111/vendor/laravel/framework/src/Illuminate/Database/DatabaseManager.php(103): Illuminate/Database/DatabaseManager->makeConnection(NULL)
#3 E:/Pkl_pemda/Bulan1/Website-monitoring111/vendor/laravel/framework/src/Illuminate/Database/Migrations/Migrator.php(747): Illuminate/Database/DatabaseManager->connection(NULL)
#4 E:/Pkl_pemda/Bulan1/Website-monitoring111/vendor/laravel/framework/src/Illuminate/Database/Migrations/Migrator.php(691): Illuminate/Database/Migrations/Migrator->directConnectionName(NULL)
#5 E:/Pkl_pemda/Bulan1/Website-monitoring111/vendor/laravel/framework/src/Illuminate/Database/Migrations/Migrator.php(669): Illuminate/Database/Migrations/Migrator->setConnection(NULL)
#6 E:/Pkl_pemda/Bulan1/Website-monitoring111/vendor/laravel/framework/src/Illuminate/Database/Console/Migrations/StatusCommand.php(66): Illuminate/Database/Migrations/Migrator->usingConnection(NULL, Object(Closure))
#7 E:/Pkl_pemda/Bulan1/Website-monitoring111/vendor/laravel/framework/src/Illuminate/Container/BoundMethod.php(36): Illuminate/Database/Console/Migrations/StatusCommand->handle()
#8 E:/Pkl_pemda/Bulan1/Website-monitoring111/vendor/laravel/framework/src/Illuminate/Container/Util.php(43): Illuminate/Container/BoundMethod::{closure:Illuminate/Container/BoundMethod::call():35}()
#9 E:/Pkl_pemda/Bulan1/Website-monitoring111/vendor/laravel/framework/src/Illuminate/Container/BoundMethod.php(96): Illuminate/Container/Util::unwrapIfClosure(Object(Closure))
#10 E:/Pkl_pemda/Bulan1/Website-monitoring111/vendor/laravel/framework/src/Illuminate/Container/BoundMethod.php(35): Illuminate/Container/BoundMethod::callBoundMethod(Object(Illuminate/Foundation/Application), Array, Object(Closure))
#11 E:/Pkl_pemda/Bulan1/Website-monitoring111/vendor/laravel/framework/src/Illuminate/Container/Container.php(803): Illuminate/Container/BoundMethod::call(Object(Illuminate/Foundation/Application), Array, Array, NULL)
#12 E:/Pkl_pemda/Bulan1/Website-monitoring111/vendor/laravel/framework/src/Illuminate/Console/Command.php(292): Illuminate/Container/Container->call(Array)
#13 E:/Pkl_pemda/Bulan1/Website-monitoring111/vendor/symfony/console/Command/Command.php(285): Illuminate/Console/Command->execute(Object(Symfony/Component/Console/Input/ArgvInput), Object(Laravel/Pao/Laravel/PaoOutputStyle))
#14 E:/Pkl_pemda/Bulan1/Website-monitoring111/vendor/laravel/framework/src/Illuminate/Console/Command.php(261): Symfony/Component/Console/Command/Command->run(Object(Symfony/Component/Console/Input/ArgvInput), Object(Laravel/Pao/Laravel/PaoOutputStyle))
#15 E:/Pkl_pemda/Bulan1/Website-monitoring111/vendor/symfony/console/Application.php(1144): Illuminate/Console/Command->run(Object(Symfony/Component/Console/Input/ArgvInput), Object(Symfony/Component/Console/Output/ConsoleOutput))
#16 E:/Pkl_pemda/Bulan1/Website-monitoring111/vendor/symfony/console/Application.php(379): Symfony/Component/Console/Application->doRunCommand(Object(Illuminate/Database/Console/Migrations/StatusCommand), Object(Symfony/Component/Console/Input/ArgvInput), Object(Symfony/Component/Console/Output/ConsoleOutput))
#17 E:/Pkl_pemda/Bulan1/Website-monitoring111/vendor/symfony/console/Application.php(218): Symfony/Component/Console/Application->doRun(Object(Symfony/Component/Console/Input/ArgvInput), Object(Symfony/Component/Console/Output/ConsoleOutput))
#18 E:/Pkl_pemda/Bulan1/Website-monitoring111/vendor/laravel/framework/src/Illuminate/Foundation/Console/Kernel.php(198): Symfony/Component/Console/Application->run(Object(Symfony/Component/Console/Input/ArgvInput), Object(Symfony/Component/Console/Output/ConsoleOutput))
#19 E:/Pkl_pemda/Bulan1/Website-monitoring111/vendor/laravel/framework/src/Illuminate/Foundation/Application.php(1242): Illuminate/Foundation/Console/Kernel->handle(Object(Symfony/Component/Console/Input/ArgvInput), Object(Symfony/Component/Console/Output/ConsoleOutput))
#20 E:/Pkl_pemda/Bulan1/Website-monitoring111/artisan(16): Illuminate/Foundation/Application->handleCommand(Object(Symfony/Component/Console/Input/ArgvInput))
#21 {main}
"} 
